UNITID,INSTNM,STABBR,SECTOR,ICLEVEL,CONTROL,HBCU,HLOFFER,C21BASIC,C18BASIC,CARNEGIE,admit_rate,applicants,SATVR75,SATMT75,ACTCM75,is_4_year,is_public,is_private_nfp,is_private_fp,is_hbcu_flag,selectivity_tier,selectivity_label,carnegie_grp
100654,Alabama A & M University,AL,1,1,1,1,9,18,18,16,0.6839564387560346,8907.0,523.0,510.0,19.0,1,1,0,0,1,3,Moderately Selective (50-75%),Master's University
100663,University of Alabama at Birmingham,AL,1,1,1,2,9,15,15,15,0.8667940082436916,9947.0,690.0,720.0,30.0,1,1,0,0,0,4,Less Selective (>75% or open),R1 (very high research)
100690,Amridge University,AL,2,1,2,2,9,20,20,51,,,,,,1,0,1,0,0,4,Less Selective (>75% or open),Master's University
100706,University of Alabama in Huntsville,AL,1,1,1,2,9,15,16,16,0.7810428238666905,5581.0,700.0,730.0,30.0,1,1,0,0,0,4,Less Selective (>75% or open),R1 (very high research)
100724,Alabama State University,AL,1,1,1,1,9,17,19,21,0.9659783093151092,6731.0,531.0,510.0,20.0,1,1,0,0,1,4,Less Selective (>75% or open),Doctoral / Pro
100733,University of Alabama System Office,AL,0,1,1,2,9,-2,-2,-2,,,,,,1,1,0,0,0,4,Less Selective (>75% or open),Other
100751,The University of Alabama,AL,1,1,1,2,9,15,15,15,0.8005992010652463,54072.0,690.0,720.0,31.0,1,1,0,0,0,4,Less Selective (>75% or open),R1 (very high research)
100760,Central Alabama Community College,AL,4,2,1,2,3,5,2,40,,,,,,0,1,0,0,0,5,2-year/Associate,Associate / CC
100812,Athens State University,AL,1,1,1,2,7,22,22,32,,,,,,1,1,0,0,0,4,Less Selective (>75% or open),Bacc Diverse Fields
100830,Auburn University at Montgomery,AL,1,1,1,2,9,18,18,21,0.9222707423580786,2290.0,615.0,575.0,25.0,1,1,0,0,0,4,Less Selective (>75% or open),Master's University
100858,Auburn University,AL,1,1,1,2,9,15,15,15,0.43744118355109096,45693.0,680.0,700.0,30.0,1,1,0,0,0,2,Selective (25-50%),R1 (very high research)
100937,Birmingham-Southern College,AL,2,1,2,2,7,21,21,31,0.5717124875786684,3019.0,670.0,610.0,29.0,1,0,1,0,0,3,Moderately Selective (50-75%),Bacc Arts & Sciences
101028,Chattahoochee Valley Community College,AL,4,2,1,2,4,4,1,40,,,,,,0,1,0,0,0,5,2-year/Associate,Associate / CC
101116,South University-Montgomery,AL,3,1,3,2,9,22,20,40,,,,,,1,0,0,1,0,4,Less Selective (>75% or open),Bacc Diverse Fields
101143,Enterprise State Community College,AL,4,2,1,2,3,2,5,40,,,,,,0,1,0,0,0,5,2-year/Associate,Associate / CC
101161,Coastal Alabama Community College,AL,4,2,1,2,3,4,5,40,,,,,,0,1,0,0,0,5,2-year/Associate,Associate / CC
101189,Faulkner University,AL,2,1,2,2,9,18,19,32,0.8240740740740741,1728.0,570.0,560.0,24.0,1,0,1,0,0,4,Less Selective (>75% or open),Master's University
101240,Gadsden State Community College,AL,4,2,1,1,3,7,7,40,,,,,,0,1,0,0,1,5,2-year/Associate,Associate / CC
101277,New Beginning College of Cosmetology,AL,9,3,3,2,2,-2,-2,-2,,,,,,0,0,0,1,0,5,2-year/Associate,Other
101286,George C Wallace Community College-Dothan,AL,4,2,1,2,3,7,7,40,,,,,,0,1,0,0,0,5,2-year/Associate,Associate / CC
101295,George C Wallace State Community College-Hanceville,AL,4,2,1,2,3,7,7,40,,,,,,0,1,0,0,0,5,2-year/Associate,Associate / CC
101301,George C Wallace State Community College-Selma,AL,4,2,1,2,3,5,5,40,,,,,,0,1,0,0,0,5,2-year/Associate,Associate / CC
101365,Herzing University-Birmingham,AL,2,1,2,2,8,26,23,40,0.9411764705882353,153.0,,,,1,0,1,0,0,4,Less Selective (>75% or open),Mixed Spec-Focus
101435,Huntingdon College,AL,2,1,2,2,7,22,22,31,0.6595413913719393,2573.0,600.0,580.0,24.0,1,0,1,0,0,3,Moderately Selective (50-75%),Bacc Diverse Fields
101453,Heritage Christian University,AL,2,1,2,2,7,24,24,51,1.0,4.0,,,,1,0,1,0,0,4,Less Selective (>75% or open),Bacc/Associate
101462,J. F. Drake State Community and Technical College,AL,4,2,1,1,3,8,7,40,,,,,,0,1,0,0,1,5,2-year/Associate,Associate / CC
101471,J F Ingram State Technical College,AL,7,3,1,2,2,-2,-2,40,,,,,,0,1,0,0,0,5,2-year/Associate,Other
101480,Jacksonville State University,AL,1,1,1,2,9,18,18,21,0.7846459824980111,12570.0,600.0,600.0,23.0,1,1,0,0,0,4,Less Selective (>75% or open),Master's University
101505,Jefferson State Community College,AL,4,2,1,2,3,8,8,40,,,,,,0,1,0,0,0,5,2-year/Associate,Associate / CC
101514,John C Calhoun State Community College,AL,4,2,1,2,3,5,2,40,,,,,,0,1,0,0,0,5,2-year/Associate,Associate / CC
101569,Lawson State Community College,AL,4,2,1,1,3,4,4,40,,,,,,0,1,0,0,1,5,2-year/Associate,Associate / CC
101587,University of West Alabama,AL,1,1,1,2,9,18,18,21,0.6885978920472693,3131.0,470.0,510.0,21.0,1,1,0,0,0,3,Moderately Selective (50-75%),Master's University
101602,Lurleen B Wallace Community College,AL,4,2,1,2,3,5,5,40,,,,,,0,1,0,0,0,5,2-year/Associate,Associate / CC
101648,Marion Military Institute,AL,4,2,1,2,3,1,1,40,0.6270096463022508,622.0,,,,0,1,0,0,0,5,2-year/Associate,Associate / CC
101675,Miles College,AL,2,1,2,1,5,22,22,32,,,,,,1,0,1,0,1,4,Less Selective (>75% or open),Bacc Diverse Fields
101693,University of Mobile,AL,2,1,2,2,9,20,22,21,0.840828402366864,1690.0,,,27.0,1,0,1,0,0,4,Less Selective (>75% or open),Master's University
101709,University of Montevallo,AL,1,1,1,2,8,19,19,21,0.5983504512916278,6426.0,,,,1,1,0,0,0,3,Moderately Selective (50-75%),Master's University
101736,Northwest Shoals Community College,AL,4,2,1,2,3,8,5,40,,,,,,0,1,0,0,0,5,2-year/Associate,Associate / CC
101879,University of North Alabama,AL,1,1,1,2,9,18,18,21,0.9568470940384136,4009.0,,,,1,1,0,0,0,4,Less Selective (>75% or open),Master's University
101897,Northeast Alabama Community College,AL,4,2,1,2,3,5,5,40,,,,,,0,1,0,0,0,5,2-year/Associate,Associate / CC
101912,Oakwood University,AL,2,1,2,1,7,21,22,32,0.6804979253112033,1446.0,,,,1,0,1,0,1,3,Moderately Selective (50-75%),Bacc Arts & Sciences
101994,Reid State Technical College,AL,4,2,1,2,3,7,8,40,,,,,,0,1,0,0,0,5,2-year/Associate,Associate / CC
102030,Bishop State Community College,AL,4,2,1,1,3,8,8,40,,,,,,0,1,0,0,1,5,2-year/Associate,Associate / CC
102049,Samford University,AL,2,1,2,2,9,17,17,21,0.8326031819229882,4337.0,650.0,620.0,29.0,1,0,1,0,0,4,Less Selective (>75% or open),Doctoral / Pro
102058,Selma University,AL,2,1,2,1,7,-2,24,-2,,,,,,1,0,1,0,1,4,Less Selective (>75% or open),Other
102067,Shelton State Community College,AL,4,2,1,1,3,8,7,40,,,,,,0,1,0,0,1,5,2-year/Associate,Associate / CC
102076,Snead State Community College,AL,4,2,1,2,3,3,2,40,,,,,,0,1,0,0,0,5,2-year/Associate,Associate / CC
102094,University of South Alabama,AL,1,1,1,2,9,16,16,16,0.6536254980079681,12550.0,600.0,600.0,26.0,1,1,0,0,0,3,Moderately Selective (50-75%),R2 (high research)
102234,Spring Hill College,AL,2,1,2,2,7,22,21,21,0.7263414634146341,2050.0,620.0,610.0,24.0,1,0,1,0,0,3,Moderately Selective (50-75%),Bacc Diverse Fields
102270,Stillman College,AL,2,1,2,1,5,22,21,32,0.6454494695700725,1791.0,,,,1,0,1,0,1,3,Moderately Selective (50-75%),Bacc Diverse Fields
102298,Talladega College,AL,2,1,2,1,7,22,21,31,,,,,,1,0,1,0,1,4,Less Selective (>75% or open),Bacc Diverse Fields
102313,H Councill Trenholm State Community College,AL,4,2,1,1,3,7,7,40,,,,,,0,1,0,0,1,5,2-year/Associate,Associate / CC
102368,Troy University,AL,1,1,1,2,9,18,18,21,0.9484008528784649,7035.0,590.0,560.0,24.0,1,1,0,0,0,4,Less Selective (>75% or open),Master's University
102377,Tuskegee University,AL,2,1,2,1,9,19,19,21,0.2968529436186997,12043.0,620.0,595.0,24.0,1,0,1,0,1,2,Selective (25-50%),Master's University
102395,United States Sports Academy,AL,2,1,2,2,9,32,32,59,1.0,3.0,,,,1,0,1,0,0,4,Less Selective (>75% or open),Special Focus
102429,Bevill State Community College,AL,4,2,1,2,3,8,8,40,,,,,,0,1,0,0,0,5,2-year/Associate,Associate / CC
102553,University of Alaska Anchorage,AK,1,1,1,2,9,18,18,21,0.6531835205992509,4005.0,,,,1,1,0,0,0,3,Moderately Selective (50-75%),Master's University
102580,Alaska Bible College,AK,2,1,2,2,5,24,24,-2,,,,,,1,0,1,0,0,4,Less Selective (>75% or open),Bacc/Associate
102614,University of Alaska Fairbanks,AK,1,1,1,2,9,16,16,16,,,,,,1,1,0,0,0,4,Less Selective (>75% or open),R2 (high research)
102632,University of Alaska Southeast,AK,1,1,1,2,8,19,19,21,0.6266094420600858,466.0,,,,1,1,0,0,0,4,Less Selective (>75% or open),Master's University
102669,Alaska Pacific University,AK,2,1,2,2,9,22,20,21,0.9930875576036866,434.0,,,,1,0,1,0,0,4,Less Selective (>75% or open),Bacc Diverse Fields
102711,Alaska Vocational Technical Center,AK,7,3,1,2,2,-2,-2,-2,,,,,,0,1,0,0,0,5,2-year/Associate,Other
102845,Charter College,AK,3,1,3,2,5,23,23,40,,,,,,1,0,0,1,0,4,Less Selective (>75% or open),Bacc Diverse Fields
103501,Alaska Career College,AK,6,2,3,2,3,13,13,-2,,,,,,0,0,0,1,0,5,2-year/Associate,Associate / CC
103529,University of Alaska System of Higher Education,AK,0,1,1,2,9,-2,-2,-2,,,,,,1,1,0,0,0,4,Less Selective (>75% or open),Other
103741,Empire Beauty School-Tucson,AZ,9,3,3,2,2,-2,-2,-2,,,,,,0,0,0,1,0,5,2-year/Associate,Other
103893,Carrington College-Phoenix North,AZ,6,2,3,2,3,10,10,-2,,,,,,0,0,0,1,0,5,2-year/Associate,Associate / CC
103909,Carrington College-Mesa,AZ,6,2,3,2,3,10,10,-2,,,,,,0,0,0,1,0,5,2-year/Associate,Associate / CC
103927,Carrington College-Tucson,AZ,6,2,3,2,3,10,-2,-2,,,,,,0,0,0,1,0,5,2-year/Associate,Associate / CC
103954,Arizona Academy of Beauty,AZ,9,3,3,2,2,-2,-2,-2,,,,,,0,0,0,1,0,5,2-year/Associate,Other
103963,Miller-Motte College-Arizona Automotive Institute,AZ,6,2,3,2,3,-2,-2,40,,,,,,0,0,0,1,0,5,2-year/Associate,Other
104090,Brookline College-Phoenix,AZ,3,1,3,2,7,26,26,40,,,,,,1,0,0,1,0,4,Less Selective (>75% or open),Mixed Spec-Focus
104151,Arizona State University Campus Immersion,AZ,1,1,1,2,9,15,15,15,0.8975126837139659,68789.0,,,,1,1,0,0,0,4,Less Selective (>75% or open),R1 (very high research)
104160,Arizona Western College,AZ,4,2,1,2,3,2,1,40,,,,,,0,1,0,0,0,5,2-year/Associate,Associate / CC
104179,University of Arizona,AZ,1,1,1,2,9,15,15,15,0.8675970897083949,52091.0,680.0,690.0,29.0,1,1,0,0,0,4,Less Selective (>75% or open),R1 (very high research)
104346,Central Arizona College,AZ,4,2,1,2,3,2,2,40,,,,,,0,1,0,0,0,5,2-year/Associate,Associate / CC
104391,Charles of Italy Beauty College,AZ,9,3,3,2,2,-2,-2,-2,,,,,,0,0,0,1,0,5,2-year/Associate,Other
104425,Cochise County Community College District,AZ,4,2,1,2,3,9,9,40,,,,,,0,1,0,0,0,5,2-year/Associate,Associate / CC
104443,Empire Beauty School-Chandler,AZ,9,3,3,2,2,-2,-2,-2,,,,,,0,0,0,1,0,5,2-year/Associate,Other
104568,Avalon Institute-Mesa,AZ,9,3,3,2,2,-2,-2,-2,,,,,,0,0,0,1,0,5,2-year/Associate,Other
104577,Eastern Arizona College,AZ,4,2,1,2,3,6,6,40,,,,,,0,1,0,0,0,5,2-year/Associate,Associate / CC
104586,Embry-Riddle Aeronautical University-Prescott,AZ,2,1,2,2,7,22,22,-2,0.6800112771356076,3547.0,680.0,700.0,31.0,1,0,1,0,0,3,Moderately Selective (50-75%),Bacc Diverse Fields
104665,The School of Architecture,AZ,2,1,2,2,7,32,30,-2,,,,,,1,0,1,0,0,4,Less Selective (>75% or open),Special Focus
104708,Glendale Community College,AZ,1,1,1,2,5,2,2,40,,,,,,1,1,0,0,0,4,Less Selective (>75% or open),Associate / CC
104717,Grand Canyon University,AZ,3,1,3,2,9,17,17,21,0.7786650286650286,29304.0,,,,1,0,0,1,0,4,Less Selective (>75% or open),Doctoral / Pro
105136,Maricopa Community College System Office,AZ,0,2,1,2,4,-2,-2,-2,,,,,,0,1,0,0,0,5,2-year/Associate,Other
105145,GateWay Community College,AZ,1,1,1,2,5,8,8,40,,,,,,1,1,0,0,0,4,Less Selective (>75% or open),Associate / CC
105154,Mesa Community College,AZ,4,2,1,2,4,2,2,40,,,,,,0,1,0,0,0,5,2-year/Associate,Associate / CC
105206,Mohave Community College,AZ,4,2,1,2,3,6,5,40,,,,,,0,1,0,0,0,5,2-year/Associate,Associate / CC
105215,Universal Technical Institute of Arizona Inc-Motorcycle Mechanics Institute Division,AZ,6,2,3,2,3,-2,-2,-2,,,,,,0,0,0,1,0,5,2-year/Associate,Other
105297,Dine College,AZ,1,1,1,2,7,33,33,60,,,,,,1,1,0,0,0,4,Less Selective (>75% or open),Tribal
105330,Northern Arizona University,AZ,1,1,1,2,9,16,16,16,0.7999331178240999,44855.0,,,,1,1,0,0,0,4,Less Selective (>75% or open),R2 (high research)
105349,Northland Pioneer College,AZ,4,2,1,2,3,9,9,40,,,,,,0,1,0,0,0,5,2-year/Associate,Associate / CC
105428,Phoenix College,AZ,4,2,1,2,4,2,5,40,,,,,,0,1,0,0,0,5,2-year/Associate,Associate / CC
105525,Pima Community College,AZ,4,2,1,2,3,3,1,40,,,,,,0,1,0,0,0,5,2-year/Associate,Associate / CC
105534,Pima Medical Institute-Tucson,AZ,3,1,3,2,7,26,26,-2,,,,,,1,0,0,1,0,4,Less Selective (>75% or open),Mixed Spec-Focus
105543,Pima Medical Institute-Albuquerque,NM,6,2,3,2,3,10,10,-2,,,,,,0,0,0,1,0,5,2-year/Associate,Associate / CC
105589,Prescott College,AZ,2,1,2,2,9,19,20,22,0.9837837837837838,185.0,,,,1,0,1,0,0,4,Less Selective (>75% or open),Master's University
105659,Refrigeration School Inc,AZ,6,2,3,2,3,11,11,40,,,,,,0,0,0,1,0,5,2-year/Associate,Associate / CC
105668,Rio Salado College,AZ,1,1,1,2,5,6,9,40,,,,,,1,1,0,0,0,4,Less Selective (>75% or open),Associate / CC
105677,Roberto-Venn School of Luthiery,AZ,9,3,3,2,1,-2,-2,-2,,,,,,0,0,0,1,0,5,2-year/Associate,Other
105747,Scottsdale Community College,AZ,4,2,1,2,3,3,3,40,,,,,,0,1,0,0,0,5,2-year/Associate,Associate / CC
105792,South Mountain Community College,AZ,4,2,1,2,3,2,2,40,,,,,,0,1,0,0,0,5,2-year/Associate,Associate / CC
105899,Arizona Christian University,AZ,2,1,2,2,7,22,22,51,0.7013677811550152,1316.0,,,,1,0,1,0,0,3,Moderately Selective (50-75%),Bacc Diverse Fields
106041,Universal Technical Institute of Arizona Inc,AZ,6,2,3,2,4,11,11,40,,,,,,0,0,0,1,0,5,2-year/Associate,Associate / CC
106148,Yavapai College,AZ,1,1,1,2,5,2,6,40,,,,,,1,1,0,0,0,4,Less Selective (>75% or open),Associate / CC
106245,University of Arkansas at Little Rock,AR,1,1,1,2,9,16,16,16,0.6146300448430493,3568.0,620.0,600.0,24.0,1,1,0,0,0,3,Moderately Selective (50-75%),R2 (high research)
106263,University of Arkansas for Medical Sciences,AR,1,1,1,2,9,27,25,52,,,,,,1,1,0,0,0,4,Less Selective (>75% or open),Mixed Spec-Focus
106306,Arkansas Baptist College,AR,2,1,2,1,5,23,23,31,,,,,,1,0,1,0,1,4,Less Selective (>75% or open),Bacc Diverse Fields
106315,Arkansas Beauty School-Little Rock,AR,9,3,3,2,2,-2,-2,-2,,,,,,0,0,0,1,0,5,2-year/Associate,Other
106324,Arkansas Beauty College,AR,9,3,3,2,2,-2,-2,-2,,,,,,0,0,0,1,0,5,2-year/Associate,Other
106342,Lyon College,AR,2,1,2,2,7,21,21,31,0.5984081041968162,1382.0,,,,1,0,1,0,0,3,Moderately Selective (50-75%),Bacc Arts & Sciences
106351,Arkansas Technical School,AR,9,3,3,2,2,-2,-2,-2,,,,,,0,0,0,1,0,5,2-year/Associate,Other
106360,Arthur's Beauty College,AR,9,3,3,2,2,-2,-2,-2,,,,,,0,0,0,1,0,5,2-year/Associate,Other
106397,University of Arkansas,AR,1,1,1,2,9,15,15,15,0.7893130935581067,26219.0,610.0,610.0,28.0,1,1,0,0,0,4,Less Selective (>75% or open),R1 (very high research)
106412,University of Arkansas at Pine Bluff,AR,1,1,1,1,9,22,22,32,0.6932823332536457,4183.0,525.0,520.0,18.0,1,1,0,0,1,3,Moderately Selective (50-75%),Bacc Diverse Fields
106449,Arkansas State University-Beebe,AR,4,2,1,2,3,4,5,40,,,,,,0,1,0,0,0,5,2-year/Associate,Associate / CC
106458,Arkansas State University,AR,1,1,1,2,9,16,16,21,0.6951199338296112,6045.0,610.0,590.0,25.0,1,1,0,0,0,3,Moderately Selective (50-75%),R2 (high research)
106467,Arkansas Tech University,AR,1,1,1,2,9,18,18,21,0.943943075321069,5762.0,620.0,560.0,24.0,1,1,0,0,0,4,Less Selective (>75% or open),Master's University
106485,University of Arkansas at Monticello,AR,1,1,1,2,7,19,19,32,,,,,,1,1,0,0,0,4,Less Selective (>75% or open),Master's University
106494,Arthur's Beauty College,AR,9,3,3,2,2,-2,-2,-2,,,,,,0,0,0,1,0,5,2-year/Associate,Other
106546,Baptist Health College Little Rock,AR,5,2,2,2,4,10,10,-2,0.8571428571428571,14.0,,,,0,0,1,0,0,5,2-year/Associate,Associate / CC
106625,Black River Technical College,AR,4,2,1,2,3,1,4,40,,,,,,0,1,0,0,0,5,2-year/Associate,Associate / CC
106704,University of Central Arkansas,AR,1,1,1,2,9,17,17,21,0.9121435142594296,6522.0,570.0,560.0,25.0,1,1,0,0,0,4,Less Selective (>75% or open),Doctoral / Pro
106713,Central Baptist College,AR,2,1,2,2,5,22,22,51,0.6394052044609665,269.0,525.0,558.0,24.0,1,0,1,0,0,4,Less Selective (>75% or open),Bacc Diverse Fields
106795,Cossatot Community College of the University of Arkansas,AR,4,2,1,2,3,2,6,40,,,,,,0,1,0,0,0,5,2-year/Associate,Associate / CC
106810,Crowley's Ridge College,AR,2,1,2,2,5,22,22,40,,,,,,1,0,1,0,0,4,Less Selective (>75% or open),Bacc Diverse Fields
106883,East Arkansas Community College,AR,4,2,1,2,3,5,3,40,,,,,,0,1,0,0,0,5,2-year/Associate,Associate / CC
106908,Paul Mitchell the School-Little Rock,AR,9,3,3,2,2,-2,-2,-2,,,,,,0,0,0,1,0,5,2-year/Associate,Other
106980,National Park College,AR,4,2,1,2,3,4,7,40,,,,,,0,1,0,0,0,5,2-year/Associate,Associate / CC
106999,University of Arkansas Community College-Batesville,AR,4,2,1,2,3,7,7,40,,,,,,0,1,0,0,0,5,2-year/Associate,Associate / CC
107044,Harding University,AR,2,1,2,2,9,17,17,22,0.45119787045252885,2254.0,660.0,640.0,28.0,1,0,1,0,0,2,Selective (25-50%),Doctoral / Pro
107071,Henderson State University,AR,1,1,1,2,8,19,19,21,0.7066098081023454,2345.0,523.0,550.0,21.0,1,1,0,0,0,3,Moderately Selective (50-75%),Master's University
107080,Hendrix College,AR,2,1,2,2,7,21,21,31,0.6027849028948332,2729.0,680.0,648.0,30.0,1,0,1,0,0,3,Moderately Selective (50-75%),Bacc Arts & Sciences
107099,Hot Springs Beauty College,AR,9,3,3,2,2,-2,-2,-2,,,,,,0,0,0,1,0,5,2-year/Associate,Other
107123,Jefferson Regional School of Nursing,AR,5,2,2,2,3,10,-2,-2,,,,,,0,0,1,0,0,5,2-year/Associate,Associate / CC
107141,John Brown University,AR,2,1,2,2,7,19,19,32,0.5664429530201343,1490.0,710.0,680.0,29.0,1,0,1,0,0,3,Moderately Selective (50-75%),Master's University
107220,Career Academy of Hair Design,AR,9,3,3,2,2,-2,-2,-2,,,,,,0,0,0,1,0,5,2-year/Associate,Other
107293,Academy of Salon and Spa,AR,9,3,3,2,2,-2,-2,-2,,,,,,0,0,0,1,0,5,2-year/Associate,Other
107318,Arkansas State University Mid-South,AR,4,2,1,2,3,3,3,40,,,,,,0,1,0,0,0,5,2-year/Associate,Associate / CC
107327,Arkansas Northeastern College,AR,4,2,1,2,3,5,9,40,,,,,,0,1,0,0,0,5,2-year/Associate,Associate / CC
107442,New Tyler Barber College Inc,AR,9,3,3,2,2,-2,-2,-2,,,,,,0,0,0,1,0,5,2-year/Associate,Other
107460,North Arkansas College,AR,4,2,1,2,4,4,4,40,,,,,,0,1,0,0,0,5,2-year/Associate,Associate / CC
107488,Northwest Technical Institute,AR,7,3,1,2,2,-2,-2,-2,,,,,,0,1,0,0,0,5,2-year/Associate,Other
107512,Ouachita Baptist University,AR,2,1,2,2,7,21,22,32,0.7232186136694134,2063.0,610.0,590.0,28.0,1,0,1,0,0,3,Moderately Selective (50-75%),Bacc Arts & Sciences
107521,Arkansas State University Three Rivers,AR,4,2,1,2,3,9,9,40,,,,,,0,1,0,0,0,5,2-year/Associate,Associate / CC
107549,Ozarka College,AR,4,2,1,2,3,1,8,40,,,,,,0,1,0,0,0,5,2-year/Associate,Associate / CC
107558,University of the Ozarks,AR,2,1,2,2,5,22,22,32,0.6008344923504868,2157.0,590.0,560.0,24.0,1,0,1,0,0,3,Moderately Selective (50-75%),Bacc Diverse Fields
107585,University of Arkansas Community College-Morrilton,AR,4,2,1,2,3,1,4,40,1.0,991.0,,,22.0,0,1,0,0,0,5,2-year/Associate,Associate / CC
107600,Philander Smith University,AR,2,1,2,1,7,22,22,32,,,,,,1,0,1,0,1,4,Less Selective (>75% or open),Bacc Diverse Fields
107619,Phillips Community College of the University of Arkansas,AR,4,2,1,2,3,5,6,40,,,,,,0,1,0,0,0,5,2-year/Associate,Associate / CC
107637,Southeast Arkansas College,AR,4,2,1,2,3,3,1,40,,,,,,0,1,0,0,0,5,2-year/Associate,Associate / CC
107655,University of Aesthetics & Cosmetology,AR,9,3,3,2,2,-2,-2,-2,,,,,,0,0,0,1,0,5,2-year/Associate,Other
107664,University of Arkansas-Pulaski Technical College,AR,4,2,1,2,3,1,1,40,,,,,,0,1,0,0,0,5,2-year/Associate,Associate / CC
107725,University of Arkansas Hope-Texarkana,AR,4,2,1,2,3,5,4,40,,,,,,0,1,0,0,0,5,2-year/Associate,Associate / CC
107743,University of Arkansas Community College Rich Mountain,AR,4,2,1,2,3,4,6,40,,,,,,0,1,0,0,0,5,2-year/Associate,Associate / CC
107789,Paul Mitchell the School-Arkansas,AR,9,3,3,2,2,-2,-2,-2,,,,,,0,0,0,1,0,5,2-year/Associate,Other
107831,Searcy Beauty College,AR,9,3,3,2,2,-2,-2,-2,,,,,,0,0,0,1,0,5,2-year/Associate,Other
107840,Shorter College,AR,5,2,2,1,3,1,2,-2,,,,,,0,0,1,0,1,5,2-year/Associate,Associate / CC
107877,Williams Baptist University,AR,2,1,2,2,7,22,21,32,0.5930599369085173,951.0,555.0,615.0,24.0,1,0,1,0,0,3,Moderately Selective (50-75%),Bacc Diverse Fields
107974,South Arkansas College,AR,4,2,1,2,3,5,5,40,,,,,,0,1,0,0,0,5,2-year/Associate,Associate / CC
107983,Southern Arkansas University Main Campus,AR,1,1,1,2,9,18,18,21,0.6361454046639232,2916.0,595.0,595.0,24.0,1,1,0,0,0,3,Moderately Selective (50-75%),Master's University
107992,Southern Arkansas University Tech,AR,4,2,1,2,3,8,9,40,,,,,,0,1,0,0,0,5,2-year/Associate,Associate / CC
108056,University of Arkansas System Office,AR,0,1,1,2,9,-2,-2,-2,,,,,,1,1,0,0,0,4,Less Selective (>75% or open),Other
108065,Velvatex College of Beauty Culture,AR,9,3,3,2,2,-2,-2,-2,,,,,,0,0,0,1,0,5,2-year/Associate,Other
108092,University of Arkansas-Fort Smith,AR,1,1,1,2,7,22,22,40,,,,,,1,1,0,0,0,4,Less Selective (>75% or open),Bacc Diverse Fields
108232,Academy of Art University,CA,3,1,3,2,7,18,18,56,,,,,,1,0,0,1,0,4,Less Selective (>75% or open),Master's University
108269,Academy of Chinese Culture and Health Sciences,CA,2,1,2,2,9,26,26,53,,,,,,1,0,1,0,0,4,Less Selective (>75% or open),Mixed Spec-Focus
108667,College of Alameda,CA,4,2,1,2,3,3,2,40,,,,,,0,1,0,0,0,5,2-year/Associate,Associate / CC
108807,Allan Hancock College,CA,4,2,1,2,4,2,2,40,,,,,,0,1,0,0,0,5,2-year/Associate,Associate / CC
108852,American Academy of Dramatic Arts-Los Angeles,CA,5,2,2,2,3,-2,12,40,0.9010989010989011,182.0,,,,0,0,1,0,0,5,2-year/Associate,Other
108861,Berkeley School of Theology,CA,2,1,2,2,9,24,24,51,0.6666666666666666,18.0,,,,1,0,1,0,0,4,Less Selective (>75% or open),Bacc/Associate
108870,American Film Institute Conservatory,CA,2,1,2,2,7,30,30,56,,,,,,1,0,1,0,0,4,Less Selective (>75% or open),Special Focus
108977,American Beauty College,CA,9,3,3,2,2,-2,-2,-2,,,,,,0,0,0,1,0,5,2-year/Associate,Other
109040,American Career College-Los Angeles,CA,6,2,3,2,3,10,10,-2,,,,,,0,0,0,1,0,5,2-year/Associate,Associate / CC
109208,American River College,CA,4,2,1,2,4,5,4,40,,,,,,0,1,0,0,0,5,2-year/Associate,Associate / CC
109350,Antelope Valley Community College District,CA,1,1,1,2,5,14,14,40,,,,,,1,1,0,0,0,4,Less Selective (>75% or open),Associate / CC
109651,Art Center College of Design,CA,2,1,2,2,7,20,30,56,0.709727626459144,1285.0,,,,1,0,1,0,0,3,Moderately Selective (50-75%),Master's University
109721,Associated Technical College-Los Angeles,CA,9,3,3,2,2,-2,-2,-2,,,,,,0,0,0,1,0,5,2-year/Associate,Other
109730,Associated Technical College-San Diego,CA,9,3,3,2,1,-2,-2,-2,,,,,,0,0,0,1,0,5,2-year/Associate,Other
109785,Azusa Pacific University,CA,2,1,2,2,9,16,16,21,0.8699825479930192,3438.0,630.0,610.0,28.0,1,0,1,0,0,4,Less Selective (>75% or open),R2 (high research)
109819,Bakersfield College,CA,1,1,1,2,5,14,14,40,,,,,,1,1,0,0,0,4,Less Selective (>75% or open),Associate / CC
109907,Barstow Community College,CA,4,2,1,2,3,7,7,40,,,,,,0,1,0,0,0,5,2-year/Associate,Associate / CC
109934,Bellus Academy-Chula Vista,CA,6,2,3,2,4,-2,-2,-2,,,,,,0,0,0,1,0,5,2-year/Associate,Other
110060,Bethesda University,CA,2,1,2,2,9,22,24,51,,,,,,1,0,1,0,0,4,Less Selective (>75% or open),Bacc Diverse Fields
110097,Biola University,CA,2,1,2,2,9,17,17,16,0.5662878787878788,4224.0,695.0,670.0,30.0,1,0,1,0,0,3,Moderately Selective (50-75%),Doctoral / Pro
110194,Brownson Technical School,CA,9,3,3,2,2,-2,-2,-2,,,,,,0,0,0,1,0,5,2-year/Associate,Other
110219,Bryan University,AZ,3,1,3,2,7,23,26,-2,,,,,,1,0,0,1,0,4,Less Selective (>75% or open),Bacc Diverse Fields
110246,Butte College,CA,4,2,1,2,4,7,7,40,,,,,,0,1,0,0,0,5,2-year/Associate,Associate / CC
110316,California Institute of Integral Studies,CA,2,1,2,2,9,17,17,59,,,,,,1,0,1,0,0,4,Less Selective (>75% or open),Doctoral / Pro
110334,Cabrillo College,CA,4,2,1,2,3,1,1,40,,,,,,0,1,0,0,0,5,2-year/Associate,Associate / CC
110361,California Baptist University,CA,2,1,2,2,9,18,18,21,0.7991899660308336,7654.0,,,,1,0,1,0,0,4,Less Selective (>75% or open),Master's University
110370,California College of the Arts,CA,2,1,2,2,7,30,30,56,0.7569467693337797,2987.0,,,,1,0,1,0,0,4,Less Selective (>75% or open),Special Focus
110398,University of California College of the Law-San Francisco,CA,1,1,1,2,9,31,31,57,,,,,,1,1,0,0,0,4,Less Selective (>75% or open),Special Focus
110404,California Institute of Technology,CA,2,1,2,2,9,15,15,15,0.026945747624203056,16626.0,,,,1,0,1,0,0,0,Elite (<10%),R1 (very high research)
110413,California Lutheran University,CA,2,1,2,2,9,18,18,21,0.8718446601941747,5150.0,660.0,660.0,30.0,1,0,1,0,0,4,Less Selective (>75% or open),Master's University
110422,California Polytechnic State University-San Luis Obispo,CA,1,1,1,2,7,18,18,21,0.3043012216286113,58774.0,,,,1,1,0,0,0,2,Selective (25-50%),Master's University
110468,Alliant International University-San Diego,CA,3,1,3,2,9,17,17,59,0.0,1.0,,,,1,0,0,1,0,4,Less Selective (>75% or open),Doctoral / Pro
110486,California State University-Bakersfield,CA,1,1,1,2,9,18,18,21,0.8654763625849357,13834.0,,,,1,1,0,0,0,4,Less Selective (>75% or open),Master's University
110495,California State University-Stanislaus,CA,1,1,1,2,9,18,18,21,0.9661016949152542,6077.0,,,,1,1,0,0,0,4,Less Selective (>75% or open),Master's University
110501,California State University-Chancellors Office,CA,0,1,1,2,9,-2,-2,-2,,,,,,1,1,0,0,0,4,Less Selective (>75% or open),Other
110510,California State University-San Bernardino,CA,1,1,1,2,9,16,18,21,0.9108444616476357,15501.0,,,,1,1,0,0,0,4,Less Selective (>75% or open),R2 (high research)
110529,California State Polytechnic University-Pomona,CA,1,1,1,2,9,18,18,21,0.5537806393773305,49079.0,,,,1,1,0,0,0,3,Moderately Selective (50-75%),Master's University
110538,California State University-Chico,CA,1,1,1,2,7,18,18,21,0.9500396880982397,21417.0,,,,1,1,0,0,0,4,Less Selective (>75% or open),Master's University
110547,California State University-Dominguez Hills,CA,1,1,1,2,8,18,18,21,0.8913122880250457,19165.0,,,,1,1,0,0,0,4,Less Selective (>75% or open),Master's University
110556,California State University-Fresno,CA,1,1,1,2,9,16,17,21,0.9542881785348498,18551.0,,,,1,1,0,0,0,4,Less Selective (>75% or open),R2 (high research)
110565,California State University-Fullerton,CA,1,1,1,2,9,16,18,21,0.6672478870928038,48748.0,,,,1,1,0,0,0,3,Moderately Selective (50-75%),R2 (high research)
110574,California State University-East Bay,CA,1,1,1,2,9,16,18,21,0.962041569697456,12461.0,,,,1,1,0,0,0,4,Less Selective (>75% or open),R2 (high research)
110583,California State University-Long Beach,CA,1,1,1,2,9,16,18,21,0.39951551165716426,74718.0,,,,1,1,0,0,0,2,Selective (25-50%),R2 (high research)
110592,California State University-Los Angeles,CA,1,1,1,2,9,18,18,21,0.8694127699696514,33939.0,,,,1,1,0,0,0,4,Less Selective (>75% or open),Master's University
110608,California State University-Northridge,CA,1,1,1,2,9,18,18,21,0.9122665126131331,25965.0,,,,1,1,0,0,0,4,Less Selective (>75% or open),Master's University
110617,California State University-Sacramento,CA,1,1,1,2,9,18,18,21,0.932069947776547,25276.0,,,,1,1,0,0,0,4,Less Selective (>75% or open),Master's University
110635,University of California-Berkeley,CA,1,1,1,2,9,15,15,15,0.11327597906543223,128209.0,,,,1,1,0,0,0,1,Highly Selective (10-25%),R1 (very high research)
110644,University of California-Davis,CA,1,1,1,2,9,15,15,15,0.373383853842338,94747.0,,,,1,1,0,0,0,2,Selective (25-50%),R1 (very high research)
110653,University of California-Irvine,CA,1,1,1,2,9,15,15,15,0.21152603803978487,119191.0,,,,1,1,0,0,0,1,Highly Selective (10-25%),R1 (very high research)
110662,University of California-Los Angeles,CA,1,1,1,2,9,15,15,15,0.08574709114091361,149801.0,,,,1,1,0,0,0,0,Elite (<10%),R1 (very high research)
110671,University of California-Riverside,CA,1,1,1,2,9,15,15,15,0.6869228096483367,54683.0,,,,1,1,0,0,0,3,Moderately Selective (50-75%),R1 (very high research)
110680,University of California-San Diego,CA,1,1,1,2,9,15,15,15,0.2370709696105856,131197.0,,,,1,1,0,0,0,1,Highly Selective (10-25%),R1 (very high research)
110699,University of California-San Francisco,CA,1,1,1,2,9,27,25,16,,,,,,1,1,0,0,0,4,Less Selective (>75% or open),Mixed Spec-Focus
110705,University of California-Santa Barbara,CA,1,1,1,2,9,15,15,15,0.258462092887067,110995.0,,,,1,1,0,0,0,2,Selective (25-50%),R1 (very high research)
110714,University of California-Santa Cruz,CA,1,1,1,2,9,15,15,15,0.4692013593882753,65912.0,,,,1,1,0,0,0,2,Selective (25-50%),R1 (very high research)
110778,Sofia University,CA,3,1,3,2,9,32,26,59,,,,,,1,0,0,1,0,4,Less Selective (>75% or open),Special Focus
110875,California Beauty School,CA,9,3,3,2,2,-2,-2,-2,,,,,,0,0,0,1,0,5,2-year/Associate,Other
110918,California Christian College,CA,2,1,2,2,5,24,24,51,1.0,1.0,,,,1,0,1,0,0,4,Less Selective (>75% or open),Bacc/Associate
111045,Haven University,CA,2,1,2,2,9,24,-2,-2,,,,,,1,0,1,0,0,4,Less Selective (>75% or open),Bacc/Associate
111054,California Hair Design Academy,CA,9,3,3,2,2,-2,-2,-2,,,,,,0,0,0,1,0,5,2-year/Associate,Other
111081,California Institute of the Arts,CA,2,1,2,2,9,19,30,56,0.24764150943396226,2120.0,,,,1,0,1,0,0,1,Highly Selective (10-25%),Master's University
111188,California State University Maritime Academy,CA,1,1,1,2,7,22,22,59,0.955026455026455,756.0,,,,1,1,0,0,0,4,Less Selective (>75% or open),Bacc Diverse Fields
111391,California Western School of Law,CA,2,1,2,2,9,31,31,57,,,,,,1,0,1,0,0,4,Less Selective (>75% or open),Special Focus
111434,Canada College,CA,4,2,1,2,4,3,2,40,,,,,,0,1,0,0,0,5,2-year/Associate,Associate / CC
111461,College of the Canyons,CA,4,2,1,2,3,2,2,40,,,,,,0,1,0,0,0,5,2-year/Associate,Associate / CC
111513,Career Academy of Beauty,CA,9,3,3,2,2,-2,-2,-2,,,,,,0,0,0,1,0,5,2-year/Associate,Other
111638,Casa Loma College-Los Angeles,CA,2,1,2,2,5,10,10,-2,0.4,40.0,,,,1,0,1,0,0,4,Less Selective (>75% or open),Associate / CC
111708,CET-San Diego,CA,8,3,2,2,2,-2,-2,-2,,,,,,0,0,1,0,0,5,2-year/Associate,Other
111717,CET-San Jose,CA,8,3,2,2,2,-2,-2,-2,,,,,,0,0,1,0,0,5,2-year/Associate,Other
111726,CET-El Centro,CA,8,3,2,2,2,-2,-2,-2,,,,,,0,0,1,0,0,5,2-year/Associate,Other
111744,CET-Colton,CA,8,3,2,2,2,-2,-2,-2,,,,,,0,0,1,0,0,5,2-year/Associate,Other
111762,CET-Watsonville,CA,8,3,2,2,2,-2,-2,-2,,,,,,0,0,1,0,0,5,2-year/Associate,Other
111799,CET-Salinas,CA,8,3,2,2,2,-2,-2,-2,,,,,,0,0,1,0,0,5,2-year/Associate,Other
111887,Cerritos College,CA,4,2,1,2,4,1,4,40,,,,,,0,1,0,0,0,5,2-year/Associate,Associate / CC
111896,Cerro Coso Community College,CA,4,2,1,2,3,3,2,40,,,,,,0,1,0,0,0,5,2-year/Associate,Associate / CC
111920,Chabot College,CA,4,2,1,2,3,1,1,40,,,,,,0,1,0,0,0,5,2-year/Associate,Associate / CC
111939,Chaffey College,CA,4,2,1,2,4,1,1,40,,,,,,0,1,0,0,0,5,2-year/Associate,Associate / CC
111948,Chapman University,CA,2,1,2,2,9,16,16,21,0.7252008765522279,13690.0,700.0,700.0,31.0,1,0,1,0,0,3,Moderately Selective (50-75%),R2 (high research)
111966,Charles R Drew University of Medicine and Science,CA,2,1,2,2,9,26,26,53,0.8045563549160671,834.0,,,,1,0,1,0,0,4,Less Selective (>75% or open),Mixed Spec-Focus
112075,Concordia University-Irvine,CA,2,1,2,2,9,17,18,22,0.6898769574944071,3576.0,,,,1,0,1,0,0,3,Moderately Selective (50-75%),Doctoral / Pro
112084,San Diego Christian College,CA,2,1,2,2,7,20,22,31,,,,,,1,0,1,0,0,4,Less Selective (>75% or open),Master's University
112127,Church Divinity School of the Pacific,CA,2,1,2,2,7,24,24,51,,,,,,1,0,1,0,0,4,Less Selective (>75% or open),Bacc/Associate
112172,Citrus College,CA,4,2,1,2,4,1,1,40,,,,,,0,1,0,0,0,5,2-year/Associate,Associate / CC
112181,Citrus Heights Beauty College,CA,9,3,3,2,2,-2,-2,-2,,,,,,0,0,0,1,0,5,2-year/Associate,Other
112190,City College of San Francisco,CA,4,2,1,2,4,4,5,40,,,,,,0,1,0,0,0,5,2-year/Associate,Associate / CC
112251,Claremont Graduate University,CA,2,1,2,2,9,16,16,15,,,,,,1,0,1,0,0,4,Less Selective (>75% or open),R2 (high research)
112260,Claremont McKenna College,CA,2,1,2,2,7,21,21,31,0.10352075669994745,5709.0,760.0,790.0,35.0,1,0,1,0,0,1,Highly Selective (10-25%),Bacc Arts & Sciences
112288,Milan Institute-Visalia,CA,9,3,3,2,2,-2,-2,-2,,,,,,0,0,0,1,0,5,2-year/Associate,Other
112367,Clovis Adult Education,CA,7,3,1,2,2,-2,-2,-2,,,,,,0,1,0,0,0,5,2-year/Associate,Other
112376,Coast Community College District Office,CA,0,2,1,2,4,-2,-2,-2,,,,,,0,1,0,0,0,5,2-year/Associate,Other
112385,Coastline Community College,CA,4,2,1,2,3,3,2,40,,,,,,0,1,0,0,0,5,2-year/Associate,Associate / CC
112394,University of Silicon Valley,CA,3,1,3,2,7,22,22,32,0.646551724137931,116.0,,,,1,0,0,1,0,4,Less Selective (>75% or open),Bacc Diverse Fields
112455,Coba Academy,CA,9,3,3,2,2,-2,-2,-2,,,,,,0,0,0,1,0,5,2-year/Associate,Other
112525,Western University of Health Sciences,CA,2,1,2,2,9,25,25,52,,,,,,1,0,1,0,0,4,Less Selective (>75% or open),Bacc/Associate
112561,Columbia College,CA,4,2,1,2,3,1,1,40,,,,,,0,1,0,0,0,5,2-year/Associate,Associate / CC
112570,California College of ASU,CA,2,1,2,2,5,30,30,56,,,,,,1,0,1,0,0,4,Less Selective (>75% or open),Special Focus
112686,Compton College,CA,4,2,1,2,3,6,5,40,,,,,,0,1,0,0,0,5,2-year/Associate,Associate / CC
112817,Contra Costa Community College District Office,CA,0,2,1,2,3,-2,-2,-2,,,,,,0,1,0,0,0,5,2-year/Associate,Other
112826,Contra Costa College,CA,4,2,1,2,4,2,5,40,,,,,,0,1,0,0,0,5,2-year/Associate,Associate / CC
113096,Cosumnes River College,CA,4,2,1,2,4,5,1,40,,,,,,0,1,0,0,0,5,2-year/Associate,Associate / CC
113111,Crafton Hills College,CA,4,2,1,2,4,1,4,40,,,,,,0,1,0,0,0,5,2-year/Associate,Associate / CC
113193,Cuesta College,CA,4,2,1,2,4,2,2,40,,,,,,0,1,0,0,0,5,2-year/Associate,Associate / CC
113218,Cuyamaca College,CA,4,2,1,2,3,2,2,40,,,,,,0,1,0,0,0,5,2-year/Associate,Associate / CC
113236,Cypress College,CA,1,1,1,2,5,14,14,40,,,,,,1,1,0,0,0,4,Less Selective (>75% or open),Associate / CC
113333,De Anza College,CA,4,2,1,2,4,5,7,40,,,,,,0,1,0,0,0,5,2-year/Associate,Associate / CC
113449,International School of Beauty Inc,CA,9,3,3,2,2,-2,-2,-2,,,,,,0,0,0,1,0,5,2-year/Associate,Other
113537,Dell'Arte International School of Physical Theatre,CA,8,3,2,2,2,30,30,-2,,,,,,0,0,1,0,0,5,2-year/Associate,Special Focus
113573,College of the Desert,CA,4,2,1,2,4,1,1,40,,,,,,0,1,0,0,0,5,2-year/Associate,Associate / CC
113582,Design Institute of San Diego,CA,3,1,3,2,7,30,30,56,1.0,8.0,,,,1,0,0,1,0,4,Less Selective (>75% or open),Special Focus
113616,Dharma Realm Buddhist University,CA,2,1,2,2,7,-2,-2,-2,0.5454545454545454,11.0,,,,1,0,1,0,0,4,Less Selective (>75% or open),Other
113634,Diablo Valley College,CA,4,2,1,2,4,1,1,40,,,,,,0,1,0,0,0,5,2-year/Associate,Associate / CC
113698,Dominican University of California,CA,2,1,2,2,9,19,19,21,0.93184421534937,1746.0,623.0,613.0,25.0,1,0,1,0,0,4,Less Selective (>75% or open),Master's University
113704,Dominican School of Philosophy & Theology,CA,2,1,2,2,7,20,24,51,,,,,,1,0,1,0,0,4,Less Selective (>75% or open),Master's University
113856,East Los Angeles College,CA,4,2,1,2,4,2,5,40,,,,,,0,1,0,0,0,5,2-year/Associate,Associate / CC
113980,El Camino Community College District,CA,4,2,1,2,4,1,1,40,,,,,,0,1,0,0,0,5,2-year/Associate,Associate / CC
114114,Emperor's College of Traditional Oriental Medicine,CA,3,1,3,2,9,26,26,53,,,,,,1,0,0,1,0,4,Less Selective (>75% or open),Mixed Spec-Focus
114123,Empire College,CA,3,1,3,2,9,23,23,40,,,,,,1,0,0,1,0,4,Less Selective (>75% or open),Bacc Diverse Fields
114266,Evergreen Valley College,CA,4,2,1,2,3,2,5,40,,,,,,0,1,0,0,0,5,2-year/Associate,Associate / CC
114354,FIDM-Fashion Institute of Design & Merchandising,CA,3,1,3,2,7,23,30,40,0.4171284634760705,1985.0,,,,1,0,0,1,0,2,Selective (25-50%),Bacc Diverse Fields
114433,Feather River Community College District,CA,1,1,1,2,5,14,14,40,,,,,,1,1,0,0,0,4,Less Selective (>75% or open),Associate / CC
114460,Federico Beauty Institute,CA,9,3,3,2,2,-2,-2,-2,,,,,,0,0,0,1,0,5,2-year/Associate,Other
114549,Fielding Graduate University,CA,2,1,2,2,9,17,17,59,,,,,,1,0,1,0,0,4,Less Selective (>75% or open),Doctoral / Pro
114585,Five Branches University,CA,3,1,3,2,9,26,26,53,,,,,,1,0,0,1,0,4,Less Selective (>75% or open),Mixed Spec-Focus
114637,Redondo Beach Beauty College,CA,9,3,3,2,2,-2,-2,-2,,,,,,0,0,0,1,0,5,2-year/Associate,Other
114716,Foothill College,CA,1,1,1,2,5,14,14,40,,,,,,1,1,0,0,0,4,Less Selective (>75% or open),Associate / CC
114734,Franciscan School of Theology,CA,2,1,2,2,8,24,24,51,,,,,,1,0,1,0,0,4,Less Selective (>75% or open),Bacc/Associate
114761,Fredrick and Charles Beauty College,CA,9,3,3,2,2,-2,-2,-2,,,,,,0,0,0,1,0,5,2-year/Associate,Other
114789,Fresno City College,CA,4,2,1,2,4,5,5,40,,,,,,0,1,0,0,0,5,2-year/Associate,Associate / CC
114813,Fresno Pacific University,CA,2,1,2,2,7,18,18,21,0.75,832.0,,,,1,0,1,0,0,4,Less Selective (>75% or open),Master's University
114831,Foothill-De Anza Community College District,CA,0,1,1,2,5,-2,-2,-2,,,,,,1,1,0,0,0,4,Less Selective (>75% or open),Other
114840,Fuller Theological Seminary,CA,2,1,2,2,9,24,24,51,,,,,,1,0,1,0,0,4,Less Selective (>75% or open),Bacc/Associate
114859,Fullerton College,CA,4,2,1,2,4,1,1,40,,,,,,0,1,0,0,0,5,2-year/Associate,Associate / CC
114938,Gavilan College,CA,4,2,1,2,4,1,4,40,,,,,,0,1,0,0,0,5,2-year/Associate,Associate / CC
114947,Gemological Institute of America-Carlsbad,CA,8,3,2,2,1,-2,-2,-2,,,,,,0,0,1,0,0,5,2-year/Associate,Other
115001,Glendale Community College,CA,4,2,1,2,4,1,4,40,,,,,,0,1,0,0,0,5,2-year/Associate,Associate / CC
115010,Glendale Career College,CA,3,1,3,2,5,10,10,-2,,,,,,1,0,0,1,0,4,Less Selective (>75% or open),Associate / CC
115083,Golden Gate University,CA,2,1,2,2,9,18,18,55,,,,,,1,0,1,0,0,4,Less Selective (>75% or open),Master's University
115126,Golden West College,CA,4,2,1,2,3,2,1,40,,,,,,0,1,0,0,0,5,2-year/Associate,Associate / CC
115214,Graduate Theological Union,CA,2,1,2,2,9,24,24,51,,,,,,1,0,1,0,0,4,Less Selective (>75% or open),Bacc/Associate
115287,Grossmont-Cuyamaca Community College District,CA,0,2,1,2,4,-2,-2,-2,,,,,,0,1,0,0,0,5,2-year/Associate,Other
115296,Grossmont College,CA,4,2,1,2,4,1,1,40,,,,,,0,1,0,0,0,5,2-year/Associate,Associate / CC
115357,Salon Success Academy-Riverside,CA,9,3,3,2,2,-2,-2,-2,,,,,,0,0,0,1,0,5,2-year/Associate,Other
115393,Hartnell College,CA,4,2,1,2,4,1,1,40,,,,,,0,1,0,0,0,5,2-year/Associate,Associate / CC
115409,Harvey Mudd College,CA,2,1,2,2,5,21,21,31,0.13355855855855855,4440.0,770.0,790.0,36.0,1,0,1,0,0,1,Highly Selective (10-25%),Bacc Arts & Sciences
115658,Hilltop Beauty School,CA,9,3,3,2,2,-2,-2,-2,,,,,,0,0,0,1,0,5,2-year/Associate,Other
115728,Holy Names University,CA,2,1,2,2,8,20,19,21,1.0,921.0,,,,1,0,1,0,0,4,Less Selective (>75% or open),Master's University
115746,Pacifica Graduate Institute,CA,3,1,3,2,9,26,26,59,,,,,,1,0,0,1,0,4,Less Selective (>75% or open),Mixed Spec-Focus
115755,California State Polytechnic University-Humboldt,CA,1,1,1,2,7,18,19,21,0.9817754262198707,8505.0,,,,1,1,0,0,0,4,Less Selective (>75% or open),Master's University
115773,Humphreys University-Stockton and Modesto Campuses,CA,2,1,2,2,9,20,22,33,,,,,,1,0,1,0,0,4,Less Selective (>75% or open),Master's University
115861,Imperial Valley College,CA,4,2,1,2,4,1,4,40,,,,,,0,1,0,0,0,5,2-year/Associate,Associate / CC
115931,Institute for Business and Technology,CA,6,2,3,2,3,10,10,-2,,,,,,0,0,0,1,0,5,2-year/Associate,Associate / CC
116226,Interior Designers Institute,CA,3,1,3,2,7,30,30,56,,,,,,1,0,0,1,0,4,Less Selective (>75% or open),Special Focus
116350,International School of Cosmetology,CA,9,3,3,2,2,-2,-2,-2,,,,,,0,0,0,1,0,5,2-year/Associate,Other
116439,Irvine Valley College,CA,4,2,1,2,3,2,2,40,,,,,,0,1,0,0,0,5,2-year/Associate,Associate / CC
116563,Bellus Academy-El Cajon,CA,6,2,3,2,4,-2,-2,-2,,,,,,0,0,0,1,0,5,2-year/Associate,Other
116846,American Jewish University,CA,2,1,2,2,9,21,21,31,,,,,,1,0,1,0,0,4,Less Selective (>75% or open),Bacc Arts & Sciences
117052,Reedley College,CA,4,2,1,2,4,3,2,40,,,,,,0,1,0,0,0,5,2-year/Associate,Associate / CC
117104,Life Pacific University,CA,2,1,2,2,7,22,22,51,0.9448275862068966,145.0,,,,1,0,1,0,0,4,Less Selective (>75% or open),Bacc Diverse Fields
117140,University of La Verne,CA,2,1,2,2,9,17,17,16,0.7350939727802981,6172.0,650.0,653.0,25.0,1,0,1,0,0,3,Moderately Selective (50-75%),Doctoral / Pro
117168,Laguna College of Art and Design,CA,2,1,2,2,7,30,30,56,0.8836565096952909,361.0,,,,1,0,1,0,0,4,Less Selective (>75% or open),Special Focus
117195,Lake Tahoe Community College,CA,4,2,1,2,3,6,6,40,,,,,,0,1,0,0,0,5,2-year/Associate,Associate / CC
117238,Lancaster Beauty School,CA,9,3,3,2,2,-2,-2,-2,,,,,,0,0,0,1,0,5,2-year/Associate,Other
117247,Laney College,CA,4,2,1,2,3,6,5,40,,,,,,0,1,0,0,0,5,2-year/Associate,Associate / CC
117274,Lassen Community College,CA,4,2,1,2,3,2,2,40,,,,,,0,1,0,0,0,5,2-year/Associate,Associate / CC
117283,Latin American Bible Institute,CA,2,1,2,2,5,24,-2,-2,1.0,21.0,,,,1,0,1,0,0,4,Less Selective (>75% or open),Bacc/Associate
117520,Life Chiropractic College West,CA,2,1,2,2,9,26,26,53,,,,,,1,0,1,0,0,4,Less Selective (>75% or open),Mixed Spec-Focus
117557,Lincoln University,CA,2,1,2,2,9,29,29,55,,,,,,1,0,1,0,0,4,Less Selective (>75% or open),Other
117575,Southern California Seminary,CA,2,1,2,2,9,22,24,-2,,,,,,1,0,1,0,0,4,Less Selective (>75% or open),Bacc Diverse Fields
117627,La Sierra University,CA,2,1,2,2,9,19,19,21,0.9185303514376997,1878.0,,,,1,0,1,0,0,4,Less Selective (>75% or open),Master's University
117636,Loma Linda University,CA,2,1,2,2,9,16,25,16,,,,,,1,0,1,0,0,4,Less Selective (>75% or open),R2 (high research)
117645,Long Beach City College,CA,4,2,1,2,4,1,4,40,,,,,,0,1,0,0,0,5,2-year/Associate,Associate / CC
117672,Southern California University of Health Sciences,CA,2,1,2,2,9,26,26,53,,,,,,1,0,1,0,0,4,Less Selective (>75% or open),Mixed Spec-Focus
117681,Los Angeles Community College District Office,CA,0,1,1,2,5,-2,-2,-2,,,,,,1,1,0,0,0,4,Less Selective (>75% or open),Other
117690,Los Angeles Harbor College,CA,4,2,1,2,3,2,2,40,,,,,,0,1,0,0,0,5,2-year/Associate,Associate / CC
117706,Los Angeles Pierce College,CA,4,2,1,2,3,2,1,40,,,,,,0,1,0,0,0,5,2-year/Associate,Associate / CC
117715,Los Angeles Southwest College,CA,4,2,1,2,3,3,2,40,,,,,,0,1,0,0,0,5,2-year/Associate,Associate / CC
117724,Los Angeles Trade Technical College,CA,4,2,1,2,3,9,8,40,,,,,,0,1,0,0,0,5,2-year/Associate,Associate / CC
117733,Los Angeles Valley College,CA,4,2,1,2,4,2,1,40,,,,,,0,1,0,0,0,5,2-year/Associate,Associate / CC
117751,The Master's University and Seminary,CA,2,1,2,2,9,17,19,32,0.7818396226415094,848.0,,,,1,0,1,0,0,4,Less Selective (>75% or open),Doctoral / Pro
117788,Los Angeles City College,CA,4,2,1,2,4,3,2,40,,,,,,0,1,0,0,0,5,2-year/Associate,Associate / CC
117803,Los Angeles County College of Nursing and Allied Health,CA,4,2,1,2,3,10,10,40,,,,,,0,1,0,0,0,5,2-year/Associate,Associate / CC
117867,Los Angeles Mission College,CA,4,2,1,2,3,3,1,40,,,,,,0,1,0,0,0,5,2-year/Associate,Associate / CC
117894,Los Medanos College,CA,4,2,1,2,3,1,1,40,,,,,,0,1,0,0,0,5,2-year/Associate,Associate / CC
117900,Los Rios Community College District Office,CA,0,2,1,2,4,-2,-2,-2,,,,,,0,1,0,0,0,5,2-year/Associate,Other
117946,Loyola Marymount University,CA,2,1,2,2,9,16,16,21,0.41313666743489286,21695.0,720.0,740.0,32.0,1,0,1,0,0,2,Selective (25-50%),R2 (high research)
117955,Lu Ross Academy,CA,9,3,3,2,2,-2,-2,-2,,,,,,0,0,0,1,0,5,2-year/Associate,Other
118134,Lyle's College of Beauty,CA,9,3,3,2,2,-2,-2,-2,,,,,,0,0,0,1,0,5,2-year/Associate,Other
118143,Lyle's College of  Beauty,CA,9,3,3,2,2,-2,-2,-2,,,,,,0,0,0,1,0,5,2-year/Associate,Other
118161,Lytles Redwood Empire Beauty College,CA,9,3,3,2,2,-2,-2,-2,,,,,,0,0,0,1,0,5,2-year/Associate,Other
118198,MTI College,CA,6,2,3,2,4,8,7,40,0.9407114624505929,253.0,,,,0,0,0,1,0,5,2-year/Associate,Associate / CC
118347,College of Marin,CA,4,2,1,2,4,6,5,40,,,,,,0,1,0,0,0,5,2-year/Associate,Associate / CC
118684,Mendocino College,CA,4,2,1,2,3,3,5,40,,,,,,0,1,0,0,0,5,2-year/Associate,Associate / CC
118693,Menlo College,CA,2,1,2,2,7,29,29,32,0.6172177539469764,3357.0,,,,1,0,1,0,0,3,Moderately Selective (50-75%),Other
118718,Merced College,CA,4,2,1,2,4,1,4,40,,,,,,0,1,0,0,0,5,2-year/Associate,Associate / CC
118772,Merritt College,CA,4,2,1,2,4,6,8,40,,,,,,0,1,0,0,0,5,2-year/Associate,Associate / CC
118888,Northeastern University Oakland,CA,2,1,2,2,8,19,19,31,,,,,,1,0,1,0,0,4,Less Selective (>75% or open),Master's University
118912,MiraCosta College,CA,1,1,1,2,5,14,14,40,,,,,,1,1,0,0,0,4,Less Selective (>75% or open),Associate / CC
118930,Mission College,CA,4,2,1,2,4,2,2,40,,,,,,0,1,0,0,0,5,2-year/Associate,Associate / CC
118958,Modern Beauty Academy,CA,9,3,3,2,2,-2,-2,-2,,,,,,0,0,0,1,0,5,2-year/Associate,Other
118976,Modesto Junior College,CA,1,1,1,2,5,14,14,40,,,,,,1,1,0,0,0,4,Less Selective (>75% or open),Associate / CC
118994,Moler Barber College,CA,9,3,3,2,2,-2,-2,-2,,,,,,0,0,0,1,0,5,2-year/Associate,Other
119058,Middlebury Institute of International Studies at Monterey,CA,2,1,2,2,7,18,18,21,,,,,,1,0,1,0,0,4,Less Selective (>75% or open),Master's University
119067,Monterey Peninsula College,CA,4,2,1,2,3,2,2,40,,,,,,0,1,0,0,0,5,2-year/Associate,Associate / CC
119137,Moorpark College,CA,4,2,1,2,4,1,1,40,,,,,,0,1,0,0,0,5,2-year/Associate,Associate / CC
119164,Mt San Antonio College,CA,4,2,1,2,3,4,4,40,,,,,,0,1,0,0,0,5,2-year/Associate,Associate / CC
119173,Mount Saint Mary's University,CA,2,1,2,2,9,18,18,21,0.7575883575883576,2405.0,,,,1,0,1,0,0,4,Less Selective (>75% or open),Master's University
119216,Mt San Jacinto Community College District,CA,4,2,1,2,3,4,4,40,,,,,,0,1,0,0,0,5,2-year/Associate,Associate / CC
119270,Musicians Institute,CA,3,1,3,2,7,30,30,56,0.7844827586206896,348.0,,,,1,0,0,1,0,4,Less Selective (>75% or open),Special Focus
119331,Napa Valley College,CA,4,2,1,2,3,1,4,40,,,,,,0,1,0,0,0,5,2-year/Associate,Associate / CC
119553,National Holistic Institute,CA,9,3,3,2,2,-2,-2,-2,,,,,,0,0,0,1,0,5,2-year/Associate,Other
119605,National University,CA,2,1,2,2,9,18,18,21,,,,,,1,0,1,0,0,4,Less Selective (>75% or open),Master's University
119678,Naval Postgraduate School,CA,1,1,1,2,9,18,18,59,,,,,,1,1,0,0,0,4,Less Selective (>75% or open),Master's University
119775,Newschool of Architecture and Design,CA,3,1,3,2,7,20,30,56,0.44954128440366975,109.0,,,,1,0,0,1,0,4,Less Selective (>75% or open),Master's University
119951,North Adrian's College of Beauty Inc,CA,9,3,3,2,2,-2,-2,-2,,,,,,0,0,0,1,0,5,2-year/Associate,Other
120023,North Orange County Community College District,CA,0,1,1,2,5,-2,-2,-2,,,,,,1,1,0,0,0,4,Less Selective (>75% or open),Other
120069,North-West College-Pomona,CA,9,3,3,2,2,-2,-2,-2,,,,,,0,0,0,1,0,5,2-year/Associate,Other
120078,North-West College-West Covina,CA,6,2,3,2,4,10,10,-2,,,,,,0,0,0,1,0,5,2-year/Associate,Associate / CC
120087,North-West College-Van Nuys,CA,9,3,3,2,2,-2,-2,-2,,,,,,0,0,0,1,0,5,2-year/Associate,Other
120166,San Francisco Bay University,CA,2,1,2,2,7,28,-2,-2,0.6942675159235668,157.0,,,,1,0,1,0,0,4,Less Selective (>75% or open),Other
120184,Notre Dame de Namur University,CA,2,1,2,2,7,19,19,21,,,,,,1,0,1,0,0,4,Less Selective (>75% or open),Master's University
120254,Occidental College,CA,2,1,2,2,7,21,21,31,0.39397303727200633,6305.0,750.0,760.0,34.0,1,0,1,0,0,2,Selective (25-50%),Bacc Arts & Sciences
120290,Ohlone College,CA,4,2,1,2,3,8,8,40,,,,,,0,1,0,0,0,5,2-year/Associate,Associate / CC
120342,Orange Coast College,CA,4,2,1,2,4,1,1,40,,,,,,0,1,0,0,0,5,2-year/Associate,Associate / CC
120403,Otis College of Art and Design,CA,2,1,2,2,7,30,30,56,0.8329332693230916,2083.0,,,,1,0,1,0,0,4,Less Selective (>75% or open),Special Focus
120421,Oxnard College,CA,4,2,1,2,3,1,1,40,,,,,,0,1,0,0,0,5,2-year/Associate,Associate / CC
120537,Hope International University,CA,2,1,2,2,9,19,19,21,0.32222222222222224,810.0,,,,1,0,1,0,0,2,Selective (25-50%),Master's University
120661,Concorde Career College-San Diego,CA,6,2,3,2,4,10,10,-2,0.9581749049429658,263.0,,,,0,0,0,1,0,5,2-year/Associate,Associate / CC
120698,Palo Alto University,CA,2,1,2,2,9,26,26,59,,,,,,1,0,1,0,0,4,Less Selective (>75% or open),Mixed Spec-Focus
120768,Pacific Oaks College,CA,2,1,2,2,7,19,32,59,0.3968253968253968,63.0,,,,1,0,1,0,0,4,Less Selective (>75% or open),Master's University
120795,Pacific School of Religion,CA,2,1,2,2,9,24,24,51,,,,,,1,0,1,0,0,4,Less Selective (>75% or open),Bacc/Associate
120838,Pacific States University,CA,2,1,2,2,7,29,29,55,0.3333333333333333,9.0,,,,1,0,1,0,0,4,Less Selective (>75% or open),Other
120865,Pacific Union College,CA,2,1,2,2,7,22,22,32,0.4846041055718475,1364.0,610.0,590.0,23.0,1,0,1,0,0,2,Selective (25-50%),Bacc Diverse Fields
120883,University of the Pacific,CA,2,1,2,2,9,17,17,16,0.9322695637413003,5891.0,680.0,743.0,33.0,1,0,1,0,0,4,Less Selective (>75% or open),Doctoral / Pro
120953,Palo Verde College,CA,4,2,1,2,3,2,2,40,,,,,,0,1,0,0,0,5,2-year/Associate,Associate / CC
120971,Palomar College,CA,4,2,1,2,3,4,4,40,,,,,,0,1,0,0,0,5,2-year/Associate,Associate / CC
121044,Pasadena City College,CA,4,2,1,2,4,1,1,40,,,,,,0,1,0,0,0,5,2-year/Associate,Associate / CC
121150,Pepperdine University,CA,2,1,2,2,9,17,17,16,0.48709227280655853,11466.0,730.0,750.0,32.0,1,0,1,0,0,2,Selective (25-50%),Doctoral / Pro
121178,Peralta Community College System Office,CA,0,2,1,2,4,-2,-2,-2,,,,,,0,1,0,0,0,5,2-year/Associate,Other
121257,Pitzer College,CA,2,1,2,2,5,21,21,31,0.184,3500.0,,,,1,0,1,0,0,1,Highly Selective (10-25%),Bacc Arts & Sciences
121275,Platt College-San Diego,CA,3,1,3,2,5,30,30,40,,,,,,1,0,0,1,0,4,Less Selective (>75% or open),Special Focus
121309,Point Loma Nazarene University,CA,2,1,2,2,9,18,18,22,0.8193077167354715,3149.0,,,,1,0,1,0,0,4,Less Selective (>75% or open),Master's University
121345,Pomona College,CA,2,1,2,2,5,21,21,31,0.07022313894618414,10666.0,770.0,790.0,35.0,1,0,1,0,0,0,Elite (<10%),Bacc Arts & Sciences
121363,Porterville College,CA,4,2,1,2,3,7,7,40,,,,,,0,1,0,0,0,5,2-year/Associate,Associate / CC
121433,Professional Institute of Beauty,CA,9,3,3,2,2,-2,-2,-2,,,,,,0,0,0,1,0,5,2-year/Associate,Other
121619,Santa Ana College,CA,1,1,1,2,5,14,14,40,,,,,,1,1,0,0,0,4,Less Selective (>75% or open),Associate / CC
121628,Pardee RAND Graduate School,CA,2,1,2,2,9,32,32,59,,,,,,1,0,1,0,0,4,Less Selective (>75% or open),Special Focus
121637,Shasta School of Cosmetology,CA,9,3,3,2,2,-2,-2,-2,,,,,,0,0,0,1,0,5,2-year/Associate,Other
121691,University of Redlands,CA,2,1,2,2,9,18,18,21,0.818698347107438,3872.0,650.0,628.0,30.0,1,0,1,0,0,4,Less Selective (>75% or open),Master's University
121707,College of the Redwoods,CA,4,2,1,2,4,7,7,40,,,,,,0,1,0,0,0,5,2-year/Associate,Associate / CC
121859,Salon Success Academy-Upland,CA,9,3,3,2,2,-2,-2,-2,,,,,,0,0,0,1,0,5,2-year/Associate,Other
121868,Salon Success Academy-Corona,CA,9,3,3,2,2,-2,-2,-2,,,,,,0,0,0,1,0,5,2-year/Associate,Other
121886,Rio Hondo College,CA,1,1,1,2,5,14,14,40,,,,,,1,1,0,0,0,4,Less Selective (>75% or open),Associate / CC
121901,Riverside City College,CA,4,2,1,2,4,1,1,40,,,,,,0,1,0,0,0,5,2-year/Associate,Associate / CC
122117,Dongguk University Los Angeles,CA,2,1,2,2,9,26,26,53,,,,,,1,0,1,0,0,4,Less Selective (>75% or open),Mixed Spec-Focus
122180,Sacramento City College,CA,4,2,1,2,4,4,4,40,,,,,,0,1,0,0,0,5,2-year/Associate,Associate / CC
122205,Saddleback College,CA,4,2,1,2,4,2,2,40,,,,,,0,1,0,0,0,5,2-year/Associate,Associate / CC
122296,Samuel Merritt University,CA,2,1,2,2,9,26,26,53,,,,,,1,0,1,0,0,4,Less Selective (>75% or open),Mixed Spec-Focus
122320,San Diego Community College District-District Office,CA,0,1,1,2,5,-2,-2,40,,,,,,1,1,0,0,0,4,Less Selective (>75% or open),Other
122339,San Diego City College,CA,4,2,1,2,3,3,2,40,,,,,,0,1,0,0,0,5,2-year/Associate,Associate / CC
122375,San Diego Mesa College,CA,1,1,1,2,5,14,14,40,,,,,,1,1,0,0,0,4,Less Selective (>75% or open),Associate / CC
122384,San Diego Miramar College,CA,4,2,1,2,4,3,5,40,,,,,,0,1,0,0,0,5,2-year/Associate,Associate / CC
122409,San Diego State University,CA,1,1,1,2,9,16,16,16,0.39263430420711976,77250.0,,,,1,1,0,0,0,2,Selective (25-50%),R2 (high research)
122436,University of San Diego,CA,2,1,2,2,9,16,16,16,0.5260918096832705,14334.0,,,,1,0,1,0,0,3,Moderately Selective (50-75%),R2 (high research)
122506,San Francisco Conservatory of Music,CA,2,1,2,2,8,30,30,56,0.41581632653061223,392.0,,,,1,0,1,0,0,4,Less Selective (>75% or open),Special Focus
122597,San Francisco State University,CA,1,1,1,2,9,16,18,21,0.9419684618468529,29932.0,,,,1,1,0,0,0,4,Less Selective (>75% or open),R2 (high research)
122612,University of San Francisco,CA,2,1,2,2,9,17,17,16,0.7117690343245466,23103.0,700.0,710.0,31.0,1,0,1,0,0,3,Moderately Selective (50-75%),Doctoral / Pro
122649,San Joaquin College of Law,CA,2,1,2,2,9,31,31,57,,,,,,1,0,1,0,0,4,Less Selective (>75% or open),Special Focus
122658,San Joaquin Delta College,CA,4,2,1,2,4,4,4,40,,,,,,0,1,0,0,0,5,2-year/Associate,Associate / CC
122685,San Joaquin Valley College-Visalia,CA,3,1,3,2,5,26,14,40,,,,,,1,0,0,1,0,4,Less Selective (>75% or open),Mixed Spec-Focus
122694,San Joaquin Valley College-Bakersfield,CA,6,2,3,2,4,9,-2,-2,,,,,,0,0,0,1,0,5,2-year/Associate,Associate / CC
122728,William Jessup University,CA,2,1,2,2,7,19,22,51,0.6591549295774648,710.0,590.0,640.0,,1,0,1,0,0,3,Moderately Selective (50-75%),Master's University
122737,San Jose-Evergreen Community College District,CA,0,2,1,2,3,-2,-2,-2,,,,,,0,1,0,0,0,5,2-year/Associate,Other
122746,San Jose City College,CA,4,2,1,2,3,5,5,40,,,,,,0,1,0,0,0,5,2-year/Associate,Associate / CC
122755,San Jose State University,CA,1,1,1,2,9,18,18,21,0.7671019351802835,34002.0,,,,1,1,0,0,0,4,Less Selective (>75% or open),Master's University
122782,San Mateo County Community College District Office,CA,0,1,1,2,5,-2,-2,-2,,,,,,1,1,0,0,0,4,Less Selective (>75% or open),Other
122791,College of San Mateo,CA,4,2,1,2,3,2,2,40,,,,,,0,1,0,0,0,5,2-year/Associate,Associate / CC
122889,Santa Barbara City College,CA,4,2,1,2,4,1,2,40,,,,,,0,1,0,0,0,5,2-year/Associate,Associate / CC
122931,Santa Clara University,CA,2,1,2,2,9,17,17,21,0.5211411411411412,16650.0,720.0,760.0,33.0,1,0,1,0,0,3,Moderately Selective (50-75%),Doctoral / Pro
122977,Santa Monica College,CA,1,1,1,2,5,14,14,40,,,,,,1,1,0,0,0,4,Less Selective (>75% or open),Associate / CC
123013,Santa Rosa Junior College,CA,4,2,1,2,4,2,7,40,,,,,,0,1,0,0,0,5,2-year/Associate,Associate / CC
123095,Saybrook University,CA,2,1,2,2,9,17,32,59,,,,,,1,0,1,0,0,4,Less Selective (>75% or open),Doctoral / Pro
123165,Scripps College,CA,2,1,2,2,6,21,21,31,0.2791222975153275,3099.0,760.0,750.0,34.0,1,0,1,0,0,2,Selective (25-50%),Bacc Arts & Sciences
123217,College of the Sequoias,CA,4,2,1,2,3,1,1,40,,,,,,0,1,0,0,0,5,2-year/Associate,Associate / CC
123280,Shasta Bible College and Graduate School,CA,2,1,2,2,7,24,24,51,1.0,4.0,,,,1,0,1,0,0,4,Less Selective (>75% or open),Bacc/Associate
123299,Shasta College,CA,1,1,1,2,5,14,14,40,,,,,,1,1,0,0,0,4,Less Selective (>75% or open),Associate / CC
123341,Sierra College,CA,4,2,1,2,3,4,4,40,,,,,,0,1,0,0,0,5,2-year/Associate,Associate / CC
123350,Sierra College of Beauty,CA,9,3,3,2,2,-2,-2,-2,,,,,,0,0,0,1,0,5,2-year/Associate,Other
123448,Trinity Law School,CA,2,1,2,2,9,31,31,-2,,,,,,1,0,1,0,0,4,Less Selective (>75% or open),Special Focus
123457,Simpson University,CA,2,1,2,2,7,21,20,22,,,,,,1,0,1,0,0,4,Less Selective (>75% or open),Bacc Arts & Sciences
123484,College of the Siskiyous,CA,4,2,1,2,3,5,9,40,,,,,,0,1,0,0,0,5,2-year/Associate,Associate / CC
123493,Charles A Jones Career and Education Center,CA,7,3,1,2,2,-2,-2,-2,,,,,,0,1,0,0,0,5,2-year/Associate,Other
123509,Skyline College,CA,1,1,1,2,5,14,14,40,,,,,,1,1,0,0,0,4,Less Selective (>75% or open),Associate / CC
123527,San Bernardino Valley College,CA,4,2,1,2,4,4,4,40,,,,,,0,1,0,0,0,5,2-year/Associate,Associate / CC
123554,Saint Mary's College of California,CA,2,1,2,2,9,18,18,21,0.8789144050104384,3353.0,,,,1,0,1,0,0,4,Less Selective (>75% or open),Master's University
123563,Solano Community College,CA,1,1,1,2,5,14,14,40,,,,,,1,1,0,0,0,4,Less Selective (>75% or open),Associate / CC
123572,Sonoma State University,CA,1,1,1,2,8,18,18,21,0.9400333148250972,10806.0,,,,1,1,0,0,0,4,Less Selective (>75% or open),Master's University
123633,South Baylo University,CA,2,1,2,2,9,26,26,53,,,,,,1,0,1,0,0,4,Less Selective (>75% or open),Mixed Spec-Focus
123642,South Coast College,CA,6,2,3,2,4,13,13,-2,,,,,,0,0,0,1,0,5,2-year/Associate,Associate / CC
123651,Vanguard University of Southern California,CA,2,1,2,2,8,19,20,32,0.7483801295896328,2778.0,,,,1,0,1,0,0,3,Moderately Selective (50-75%),Master's University
123679,Concorde Career College-Garden Grove,CA,6,2,3,2,4,10,10,-2,0.9628865979381444,485.0,,,,0,0,0,1,0,5,2-year/Associate,Associate / CC
123800,Southwestern College,CA,4,2,1,2,3,1,1,40,,,,,,0,1,0,0,0,5,2-year/Associate,Associate / CC
123916,Starr King School for the Ministry,CA,2,1,2,2,7,24,24,51,,,,,,1,0,1,0,0,4,Less Selective (>75% or open),Bacc/Associate
123925,State Center Community College District,CA,0,2,1,2,4,-2,-2,-2,,,,,,0,1,0,0,0,5,2-year/Associate,Other
123943,Marshall B Ketchum University,CA,2,1,2,2,9,26,26,53,,,,,,1,0,1,0,0,4,Less Selective (>75% or open),Mixed Spec-Focus
123952,Southern California Institute of Architecture,CA,2,1,2,2,7,32,30,56,0.5984405458089669,513.0,590.0,640.0,,1,0,1,0,0,3,Moderately Selective (50-75%),Special Focus
123961,University of Southern California,CA,2,1,2,2,9,15,15,15,0.12023978454142654,69062.0,760.0,790.0,35.0,1,0,1,0,0,1,Highly Selective (10-25%),R1 (very high research)
123970,Southwestern Law School,CA,2,1,2,2,9,31,31,57,,,,,,1,0,1,0,0,4,Less Selective (>75% or open),Special Focus
124113,Taft College,CA,4,2,1,2,3,3,6,40,,,,,,0,1,0,0,0,5,2-year/Associate,Associate / CC
124283,Claremont School of Theology,CA,2,1,2,2,9,24,24,51,,,,,,1,0,1,0,0,4,Less Selective (>75% or open),Bacc/Associate
124292,Thomas Aquinas College,CA,2,1,2,2,5,21,21,31,0.8473282442748091,262.0,730.0,680.0,32.0,1,0,1,0,0,4,Less Selective (>75% or open),Bacc Arts & Sciences
124487,Epic Bible College & Graduate School,CA,2,1,2,2,9,-2,24,-2,,,,,,1,0,1,0,0,4,Less Selective (>75% or open),Other
124557,University of California-System Administration Central Office,CA,0,1,1,2,9,-2,-2,-2,,,,,,1,1,0,0,0,4,Less Selective (>75% or open),Other
124681,UEI College-Huntington Park,CA,9,3,3,2,2,-2,-2,-2,,,,,,0,0,0,1,0,5,2-year/Associate,Other
124706,Concorde Career College-San Bernardino,CA,6,2,3,2,4,10,10,-2,1.0,383.0,,,,0,0,0,1,0,5,2-year/Associate,Associate / CC
124937,Concorde Career College-North Hollywood,CA,6,2,3,2,4,10,10,-2,0.9690265486725663,226.0,,,,0,0,0,1,0,5,2-year/Associate,Associate / CC
125019,Ventura County Community College System Office,CA,0,2,1,2,4,-2,-2,-2,,,,,,0,1,0,0,0,5,2-year/Associate,Other
125028,Ventura College,CA,4,2,1,2,3,1,1,40,,,,,,0,1,0,0,0,5,2-year/Associate,Associate / CC
125037,The Colleges of Law at Ventura,CA,2,1,2,2,9,31,31,-2,,,,,,1,0,1,0,0,4,Less Selective (>75% or open),Special Focus
125082,Bridges Beauty College,CA,9,3,3,2,2,-2,-2,-2,,,,,,0,0,0,1,0,5,2-year/Associate,Other
125091,Victor Valley College,CA,4,2,1,2,4,5,8,40,,,,,,0,1,0,0,0,5,2-year/Associate,Associate / CC
125170,Berkeley City College,CA,4,2,1,2,4,3,2,40,,,,,,0,1,0,0,0,5,2-year/Associate,Associate / CC
125222,West Valley Mission Community College District Office,CA,0,2,1,2,4,-2,-2,-2,,,,,,0,1,0,0,0,5,2-year/Associate,Other
125231,Walden University,MN,3,1,3,2,9,17,17,16,,,,,,1,0,0,1,0,4,Less Selective (>75% or open),Doctoral / Pro
125310,Waynes College of Beauty,CA,9,3,3,2,2,-2,-2,-2,,,,,,0,0,0,1,0,5,2-year/Associate,Other
125462,Coalinga College,CA,4,2,1,2,3,6,2,40,,,,,,0,1,0,0,0,5,2-year/Associate,Associate / CC
125471,West Los Angeles College,CA,1,1,1,2,5,14,14,40,,,,,,1,1,0,0,0,4,Less Selective (>75% or open),Associate / CC
125499,West Valley College,CA,4,2,1,2,4,2,2,40,,,,,,0,1,0,0,0,5,2-year/Associate,Associate / CC
125532,Carrington College-Sacramento,CA,3,1,3,2,5,10,10,40,,,,,,1,0,0,1,0,4,Less Selective (>75% or open),Associate / CC
125718,Westminster Theological Seminary in California,CA,2,1,2,2,7,24,24,51,,,,,,1,0,1,0,0,4,Less Selective (>75% or open),Bacc/Associate
125727,Westmont College,CA,2,1,2,2,6,21,21,31,0.8198624247635425,2326.0,728.0,730.0,33.0,1,0,1,0,0,4,Less Selective (>75% or open),Bacc Arts & Sciences
125763,Whittier College,CA,2,1,2,2,7,21,21,31,0.7544790975447909,3014.0,650.0,690.0,30.0,1,0,1,0,0,4,Less Selective (>75% or open),Bacc Arts & Sciences
125897,Woodbury University,CA,2,1,2,2,7,20,19,22,0.626027397260274,1460.0,,,,1,0,1,0,0,3,Moderately Selective (50-75%),Master's University
126012,The Wright Institute,CA,2,1,2,2,9,26,26,53,,,,,,1,0,1,0,0,4,Less Selective (>75% or open),Mixed Spec-Focus
126049,Thomas Jefferson School of Law,CA,2,1,2,2,9,31,31,57,,,,,,1,0,1,0,0,4,Less Selective (>75% or open),Special Focus
126076,Yeshiva Ohr Elchonon Chabad West Coast Talmudical Seminary,CA,2,1,2,2,5,24,24,51,0.6147540983606558,122.0,,,,1,0,1,0,0,4,Less Selective (>75% or open),Bacc/Associate
126100,Yosemite Community College District Office,CA,0,1,1,2,5,-2,-2,-2,,,,,,1,1,0,0,0,4,Less Selective (>75% or open),Other
126119,Yuba College,CA,4,2,1,2,3,8,7,40,,,,,,0,1,0,0,0,5,2-year/Associate,Associate / CC
126182,Adams State University,CO,1,1,1,2,9,18,18,21,0.9917721518987341,1580.0,560.0,570.0,26.0,1,1,0,0,0,4,Less Selective (>75% or open),Master's University
126207,Aims Community College,CO,1,1,1,2,5,3,3,40,,,,,,1,1,0,0,0,4,Less Selective (>75% or open),Associate / CC
126289,Arapahoe Community College,CO,1,1,1,2,5,6,6,40,,,,,,1,1,0,0,0,4,Less Selective (>75% or open),Associate / CC
126359,Bel-Rea Institute of Animal Technology,CO,6,2,3,2,3,10,10,40,0.4955357142857143,224.0,,,,0,0,0,1,0,5,2-year/Associate,Associate / CC
126562,University of Colorado Denver/Anschutz Medical Campus,CO,1,1,1,2,9,15,15,16,0.7458256029684601,15631.0,640.0,620.0,27.0,1,1,0,0,0,3,Moderately Selective (50-75%),R1 (very high research)
126580,University of Colorado Colorado Springs,CO,1,1,1,2,9,16,16,21,0.8476713443156396,14751.0,565.0,650.0,28.0,1,1,0,0,0,4,Less Selective (>75% or open),R2 (high research)
126605,Spartan College of Aeronautics and Technology,CO,6,2,3,2,3,11,11,40,,,,,,0,0,0,1,0,5,2-year/Associate,Associate / CC
126614,University of Colorado Boulder,CO,1,1,1,2,9,15,15,15,0.807273944329782,53781.0,690.0,700.0,32.0,1,1,0,0,0,4,Less Selective (>75% or open),R1 (very high research)
126669,Colorado Christian University,CO,2,1,2,2,9,18,19,21,,,,,,1,0,1,0,0,4,Less Selective (>75% or open),Master's University
126678,Colorado College,CO,2,1,2,2,7,21,21,31,0.16301300025490695,7846.0,730.0,750.0,33.0,1,0,1,0,0,1,Highly Selective (10-25%),Bacc Arts & Sciences
126687,Concorde Career College-Aurora,CO,3,1,3,2,5,10,10,-2,0.9933774834437086,151.0,,,,1,0,0,1,0,4,Less Selective (>75% or open),Associate / CC
126711,Colorado Mountain College,CO,1,1,1,2,5,23,23,40,,,,,,1,1,0,0,0,4,Less Selective (>75% or open),Bacc Diverse Fields
126748,Colorado Northwestern Community College,CO,4,2,1,2,4,5,6,40,,,,,,0,1,0,0,0,5,2-year/Associate,Associate / CC
126775,Colorado School of Mines,CO,1,1,1,2,9,15,16,54,0.5800110233327209,10886.0,728.0,760.0,33.0,1,1,0,0,0,3,Moderately Selective (50-75%),R1 (very high research)
126784,Colorado School of Trades,CO,6,2,3,2,3,11,11,40,0.7777777777777778,27.0,,,,0,0,0,1,0,5,2-year/Associate,Associate / CC
126818,Colorado State University-Fort Collins,CO,1,1,1,2,9,15,15,15,0.9077350401545801,33122.0,650.0,640.0,29.0,1,1,0,0,0,4,Less Selective (>75% or open),R1 (very high research)
126827,Colorado Technical University-Colorado Springs,CO,3,1,3,2,9,17,17,21,,,,,,1,0,0,1,0,4,Less Selective (>75% or open),Doctoral / Pro
126863,Community College of Aurora,CO,4,2,1,2,3,3,3,40,,,,,,0,1,0,0,0,5,2-year/Associate,Associate / CC
126915,Technical College of the Rockies,CO,7,3,1,2,2,-2,-2,-2,,,,,,0,1,0,0,0,5,2-year/Associate,Other
126942,Community College of Denver,CO,1,1,1,2,5,14,14,40,,,,,,1,1,0,0,0,4,Less Selective (>75% or open),Associate / CC
126951,Lincoln College of Technology-Denver,CO,6,2,3,2,4,11,11,40,,,,,,0,0,0,1,0,5,2-year/Associate,Associate / CC
126979,Denver Seminary,CO,2,1,2,2,9,19,24,51,,,,,,1,0,1,0,0,4,Less Selective (>75% or open),Master's University
127060,University of Denver,CO,2,1,2,2,9,15,16,15,0.7767552476476063,19342.0,710.0,690.0,32.0,1,0,1,0,0,4,Less Selective (>75% or open),R1 (very high research)
127158,Emily Griffith Technical College,CO,7,3,1,2,2,-2,-2,-2,,,,,,0,1,0,0,0,5,2-year/Associate,Other
127185,Fort Lewis College,CO,1,1,1,2,7,22,21,31,0.9097531363820316,4942.0,640.0,620.0,25.0,1,1,0,0,0,4,Less Selective (>75% or open),Bacc Diverse Fields
127200,Front Range Community College,CO,1,1,1,2,5,6,2,40,,,,,,1,1,0,0,0,4,Less Selective (>75% or open),Associate / CC
127273,Iliff School of Theology,CO,2,1,2,2,9,24,24,51,,,,,,1,0,1,0,0,4,Less Selective (>75% or open),Bacc/Associate
127316,International Salon and Spa Academy,CO,9,3,3,2,2,-2,-2,-2,,,,,,0,0,0,1,0,5,2-year/Associate,Other
127389,Lamar Community College,CO,4,2,1,2,3,5,5,40,,,,,,0,1,0,0,0,5,2-year/Associate,Associate / CC
127556,Colorado Mesa University,CO,1,1,1,2,9,22,20,31,0.8176350662589195,9810.0,600.0,580.0,25.0,1,1,0,0,0,4,Less Selective (>75% or open),Bacc Diverse Fields
127565,Metropolitan State University of Denver,CO,1,1,1,2,7,18,18,32,0.9791400177113058,10163.0,570.0,560.0,23.0,1,1,0,0,0,4,Less Selective (>75% or open),Master's University
127617,Morgan Community College,CO,1,1,1,2,5,9,6,40,,,,,,1,1,0,0,0,4,Less Selective (>75% or open),Associate / CC
127653,Naropa University,CO,2,1,2,2,7,19,19,59,1.0,94.0,,,,1,0,1,0,0,4,Less Selective (>75% or open),Master's University
127714,Nazarene Bible College,CO,2,1,2,2,5,24,24,51,,,,,,1,0,1,0,0,4,Less Selective (>75% or open),Bacc/Associate
127732,Northeastern Junior College,CO,4,2,1,2,3,5,5,40,,,,,,0,1,0,0,0,5,2-year/Associate,Associate / CC
127741,University of Northern Colorado,CO,1,1,1,2,9,17,17,16,0.7853962600178095,10107.0,610.0,590.0,27.0,1,1,0,0,0,4,Less Selective (>75% or open),Doctoral / Pro
127778,Otero College,CO,4,2,1,2,3,8,2,40,,,,,,0,1,0,0,0,5,2-year/Associate,Associate / CC
127820,Pikes Peak State College,CO,1,1,1,2,5,14,2,40,,,,,,1,1,0,0,0,4,Less Selective (>75% or open),Associate / CC
127884,Pueblo Community College,CO,1,1,1,2,5,14,14,40,,,,,,1,1,0,0,0,4,Less Selective (>75% or open),Associate / CC
127909,Red Rocks Community College,CO,1,1,1,2,7,14,14,40,,,,,,1,1,0,0,0,4,Less Selective (>75% or open),Associate / CC
127918,Regis University,CO,2,1,2,2,9,17,17,21,0.7608578122184178,5549.0,620.0,600.0,27.0,1,0,1,0,0,4,Less Selective (>75% or open),Doctoral / Pro
127945,Rocky Mountain College of Art and Design,CO,3,1,3,2,7,22,30,56,,,,,,1,0,0,1,0,4,Less Selective (>75% or open),Bacc Diverse Fields
127954,Montessori Education Center of the Rockies,CO,2,1,2,2,6,-2,-2,-2,1.0,9.0,,,,1,0,1,0,0,4,Less Selective (>75% or open),Other
128106,Colorado State University Pueblo,CO,1,1,1,2,9,19,20,21,0.9879134860050891,1572.0,590.0,560.0,25.0,1,1,0,0,0,4,Less Selective (>75% or open),Master's University
128151,Pickens Technical College,CO,4,2,1,2,4,-2,-2,-2,,,,,,0,1,0,0,0,5,2-year/Associate,Other
128179,Intellitec College-Colorado Springs,CO,6,2,3,2,3,11,7,40,,,,,,0,0,0,1,0,5,2-year/Associate,Associate / CC
128188,Intellitec College-Grand Junction,CO,6,2,3,2,3,11,7,40,,,,,,0,0,0,1,0,5,2-year/Associate,Associate / CC
128258,Trinidad State College,CO,1,1,1,2,5,5,6,40,,,,,,1,1,0,0,0,4,Less Selective (>75% or open),Associate / CC
128300,University of Colorado System Office,CO,0,1,1,2,9,-2,-2,-2,,,,,,1,1,0,0,0,4,Less Selective (>75% or open),Other
128328,United States Air Force Academy,CO,1,1,1,2,5,22,21,59,0.16233688495151444,8353.0,730.0,750.0,33.0,1,1,0,0,0,1,Highly Selective (10-25%),Bacc Diverse Fields
128337,Empire Beauty School-Thornton,CO,9,3,3,2,2,-2,-2,-2,,,,,,0,0,0,1,0,5,2-year/Associate,Other
128391,Western Colorado University,CO,1,1,1,2,7,19,20,31,0.9184852374839538,3116.0,640.0,630.0,29.0,1,1,0,0,0,4,Less Selective (>75% or open),Master's University
128498,Albertus Magnus College,CT,2,1,2,2,8,19,19,32,0.8049764626765299,1487.0,,,,1,0,1,0,0,4,Less Selective (>75% or open),Master's University
128577,Asnuntuck Community College,CT,4,2,1,2,3,8,7,40,,,,,,0,1,0,0,0,5,2-year/Associate,Associate / CC
128586,Bais Binyomin Academy,NY,2,1,2,2,5,-2,24,-2,1.0,29.0,,,,1,0,1,0,0,4,Less Selective (>75% or open),Other
128744,University of Bridgeport,CT,2,1,2,2,9,17,17,16,0.8151282729436657,3781.0,590.0,570.0,,1,0,1,0,0,4,Less Selective (>75% or open),Doctoral / Pro
128771,Central Connecticut State University,CT,1,1,1,2,9,18,18,21,0.7670501232539031,7302.0,590.0,570.0,24.0,1,1,0,0,0,4,Less Selective (>75% or open),Master's University
128780,Charter Oak State College,CT,1,1,1,2,7,21,21,31,,,,,,1,1,0,0,0,4,Less Selective (>75% or open),Bacc Arts & Sciences
128896,Cortiva Institute,CT,9,3,3,2,2,-2,-2,-2,,,,,,0,0,0,1,0,5,2-year/Associate,Other
128902,Connecticut College,CT,2,1,2,2,5,21,21,31,0.4040484903934126,8744.0,750.0,740.0,33.0,1,0,1,0,0,2,Selective (25-50%),Bacc Arts & Sciences
129002,Porter & Chester Institute of Hamden,CT,9,3,3,2,2,-2,-2,-2,,,,,,0,0,0,1,0,5,2-year/Associate,Other
129020,University of Connecticut,CT,1,1,1,2,9,15,15,15,0.5451410964933731,40894.0,710.0,730.0,33.0,1,1,0,0,0,3,Moderately Selective (50-75%),R1 (very high research)
129154,Goodwin University,CT,2,1,2,2,7,23,26,-2,,,,,,1,0,1,0,0,4,Less Selective (>75% or open),Bacc Diverse Fields
129181,Lincoln Technical Institute-East Windsor,CT,6,2,3,2,4,-2,-2,-2,,,,,,0,0,0,1,0,5,2-year/Associate,Other
129215,Eastern Connecticut State University,CT,1,1,1,2,7,20,20,21,0.7383381924198251,5488.0,610.0,580.0,28.0,1,1,0,0,0,3,Moderately Selective (50-75%),Master's University
129242,Fairfield University,CT,2,1,2,2,9,17,18,21,0.5218204955460738,13359.0,680.0,690.0,31.0,1,0,1,0,0,3,Moderately Selective (50-75%),Doctoral / Pro
129349,Paul Mitchell the School-North Haven,CT,9,3,3,2,2,-2,-2,-2,,,,,,0,0,0,1,0,5,2-year/Associate,Other
129367,Connecticut State Community College,CT,4,2,1,2,3,8,4,40,,,,,,0,1,0,0,0,5,2-year/Associate,Associate / CC
129428,Rensselaer at Hartford,CT,2,1,2,2,8,28,27,55,,,,,,1,0,1,0,0,4,Less Selective (>75% or open),Other
129482,American Institute-West Hartford,CT,6,2,3,2,4,-2,-2,-2,,,,,,0,0,0,1,0,5,2-year/Associate,Other
129491,Hartford International University for Religion and Peace,CT,2,1,2,2,9,20,24,51,,,,,,1,0,1,0,0,4,Less Selective (>75% or open),Master's University
129525,University of Hartford,CT,2,1,2,2,9,17,17,16,0.8275132275132275,13230.0,660.0,630.0,29.0,1,0,1,0,0,4,Less Selective (>75% or open),Doctoral / Pro
129534,Holy Apostles College and Seminary,CT,2,1,2,2,8,19,24,51,,,,,,1,0,1,0,0,4,Less Selective (>75% or open),Master's University
129543,Connecticut State Community College Housatonic,CT,4,2,1,2,3,4,4,40,,,,,,0,1,0,0,0,5,2-year/Associate,Associate / CC
129695,Manchester Community College,CT,4,2,1,2,3,4,4,40,,,,,,0,1,0,0,0,5,2-year/Associate,Associate / CC
129729,Naugatuck Valley Community College,CT,4,2,1,2,3,4,4,40,,,,,,0,1,0,0,0,5,2-year/Associate,Associate / CC
129756,Middlesex Community College,CT,4,2,1,2,3,5,5,40,,,,,,0,1,0,0,0,5,2-year/Associate,Associate / CC
129774,Mitchell College,CT,2,1,2,2,5,22,22,40,0.7684478371501272,1179.0,,,,1,0,1,0,0,4,Less Selective (>75% or open),Bacc Diverse Fields
129808,Three Rivers Community College,CT,4,2,1,2,3,4,4,40,,,,,,0,1,0,0,0,5,2-year/Associate,Associate / CC
129923,Lincoln Technical Institute-New Britain,CT,6,2,3,2,4,-2,-2,-2,,,,,,0,0,0,1,0,5,2-year/Associate,Other
129932,New England Tractor Trailer Training School of Connecticut,CT,9,3,3,2,1,-2,-2,-2,,,,,,0,0,0,1,0,5,2-year/Associate,Other
129941,University of New Haven,CT,2,1,2,2,9,18,18,21,0.9124028931154567,11199.0,640.0,630.0,,1,0,1,0,0,4,Less Selective (>75% or open),Master's University
130004,Connecticut State Community College Norwalk,CT,4,2,1,2,3,5,5,40,,,,,,0,1,0,0,0,5,2-year/Associate,Associate / CC
130040,Northwestern Connecticut Community College,CT,4,2,1,2,3,4,5,40,,,,,,0,1,0,0,0,5,2-year/Associate,Associate / CC
130110,Paier College,CT,3,1,3,2,7,22,30,56,0.9545454545454546,110.0,,,,1,0,0,1,0,4,Less Selective (>75% or open),Bacc Diverse Fields
130174,Porter & Chester Institute,CT,9,3,3,2,2,-2,-2,-2,,,,,,0,0,0,1,0,5,2-year/Associate,Other
130183,Post University,CT,3,1,3,2,9,18,18,32,,,,,,1,0,0,1,0,4,Less Selective (>75% or open),Master's University
130217,Quinebaug Valley Community College,CT,4,2,1,2,3,4,1,40,,,,,,0,1,0,0,0,5,2-year/Associate,Associate / CC
130226,Quinnipiac University,CT,2,1,2,2,9,17,17,21,0.8378508677951575,18668.0,650.0,650.0,29.0,1,0,1,0,0,4,Less Selective (>75% or open),Doctoral / Pro
130253,Sacred Heart University,CT,2,1,2,2,9,17,17,21,0.657104235506158,13316.0,,,,1,0,1,0,0,3,Moderately Selective (50-75%),Doctoral / Pro
130314,University of Saint Joseph,CT,2,1,2,2,9,18,17,21,0.7484885126964933,1654.0,645.0,630.0,,1,0,1,0,0,3,Moderately Selective (50-75%),Master's University
130396,Connecticut State Community College Gateway,CT,4,2,1,2,3,4,4,40,,,,,,0,1,0,0,0,5,2-year/Associate,Associate / CC
130493,Southern Connecticut State University,CT,1,1,1,2,9,18,18,21,0.8292448292448292,8316.0,,,,1,1,0,0,0,4,Less Selective (>75% or open),Master's University
130590,Trinity College,CT,2,1,2,2,7,21,21,31,0.3614147909967846,6220.0,720.0,750.0,32.0,1,0,1,0,0,2,Selective (25-50%),Bacc Arts & Sciences
130606,Connecticut State Community College Tunxis,CT,4,2,1,2,3,4,4,40,,,,,,0,1,0,0,0,5,2-year/Associate,Associate / CC
130624,United States Coast Guard Academy,CT,1,1,1,2,5,22,22,59,0.23863636363636365,1760.0,680.0,685.0,31.0,1,1,0,0,0,1,Highly Selective (10-25%),Bacc Diverse Fields
130697,Wesleyan University,CT,2,1,2,2,9,21,21,31,0.14434267612423388,14521.0,750.0,760.0,34.0,1,0,1,0,0,1,Highly Selective (10-25%),Bacc Arts & Sciences
130776,Western Connecticut State University,CT,1,1,1,2,9,19,19,21,0.8350677400353427,5093.0,630.0,600.0,29.0,1,1,0,0,0,4,Less Selective (>75% or open),Master's University
130794,Yale University,CT,2,1,2,2,9,15,15,15,0.045725129844186974,50060.0,780.0,800.0,35.0,1,0,1,0,0,0,Elite (<10%),R1 (very high research)
130837,Margaret H Rollins School of Nursing at Beebe Medical Center,DE,8,3,2,2,2,-2,-2,-2,,,,,,0,0,1,0,0,5,2-year/Associate,Other
130873,Dawn Career Institute LLC,DE,9,3,3,2,2,-2,-2,-2,,,,,,0,0,0,1,0,5,2-year/Associate,Other
130882,Delaware Technical Community College-Central Office,DE,0,1,1,2,5,-2,-2,-2,,,,,,1,1,0,0,0,4,Less Selective (>75% or open),Other
130907,Delaware Technical Community College-Terry,DE,1,1,1,2,5,14,14,40,,,,,,1,1,0,0,0,4,Less Selective (>75% or open),Associate / CC
130934,Delaware State University,DE,1,1,1,1,9,19,16,21,0.5491630327753552,7109.0,530.0,530.0,24.0,1,1,0,0,1,3,Moderately Selective (50-75%),Master's University
130943,University of Delaware,DE,1,1,1,2,9,15,15,15,0.7381087042588089,35362.0,680.0,680.0,31.0,1,1,0,0,0,3,Moderately Selective (50-75%),R1 (very high research)
130989,Goldey-Beacom College,DE,2,1,2,2,9,18,29,55,0.6272,625.0,,,,1,0,1,0,0,3,Moderately Selective (50-75%),Master's University
131061,Schilling-Douglas School of Hair Design,DE,9,3,3,2,2,-2,-2,-2,,,,,,0,0,0,1,0,5,2-year/Associate,Other
131113,Wilmington University,DE,2,1,2,2,9,17,17,16,,,,,,1,0,1,0,0,4,Less Selective (>75% or open),Doctoral / Pro
131159,American University,DC,2,1,2,2,9,16,16,15,0.4062532034853921,19510.0,730.0,700.0,32.0,1,0,1,0,0,2,Selective (25-50%),R2 (high research)
131283,The Catholic University of America,DC,2,1,2,2,9,16,16,15,0.8558869160489571,5801.0,,,,1,0,1,0,0,4,Less Selective (>75% or open),R2 (high research)
131399,University of the District of Columbia,DC,1,1,1,1,9,19,19,21,,,,,,1,1,0,0,1,4,Less Selective (>75% or open),Master's University
131405,Pontifical Faculty of the Immaculate Conception at the Dominican House of Studies,DC,2,1,2,2,8,24,24,51,,,,,,1,0,1,0,0,4,Less Selective (>75% or open),Bacc/Associate
131450,Gallaudet University,DC,2,1,2,2,9,17,16,21,0.5921052631578947,380.0,572.0,517.0,20.0,1,0,1,0,0,4,Less Selective (>75% or open),Doctoral / Pro
131469,George Washington University,DC,2,1,2,2,9,15,15,15,0.4897674759774078,27266.0,740.0,750.0,34.0,1,0,1,0,0,2,Selective (25-50%),R1 (very high research)
131496,Georgetown University,DC,2,1,2,2,9,15,15,15,0.12226893910954276,26638.0,770.0,790.0,35.0,1,0,1,0,0,1,Highly Selective (10-25%),R1 (very high research)
131520,Howard University,DC,2,1,2,1,9,16,16,15,0.5343443819053575,19188.0,650.0,640.0,26.0,1,0,1,0,1,3,Moderately Selective (50-75%),R2 (high research)
131803,Strayer University-District of Columbia,DC,3,1,3,2,7,20,19,22,,,,,,1,0,0,1,0,4,Less Selective (>75% or open),Master's University
131830,National Conservatory of Dramatic Arts,DC,5,2,2,2,4,-2,-2,-2,1.0,1.0,,,,0,0,1,0,0,5,2-year/Associate,Other
131876,Trinity Washington University,DC,2,1,2,2,7,19,19,21,0.9696569920844327,758.0,,,,1,0,1,0,0,4,Less Selective (>75% or open),Master's University
131973,Wesley Theological Seminary,DC,2,1,2,2,9,24,24,51,,,,,,1,0,1,0,0,4,Less Selective (>75% or open),Bacc/Associate
132374,Atlantic Technical College,FL,4,2,1,2,4,-2,-2,-2,,,,,,0,1,0,0,0,5,2-year/Associate,Other
132408,Baptist University of Florida,FL,2,1,2,2,7,22,24,51,0.9210526315789473,38.0,650.0,550.0,23.0,1,0,1,0,0,4,Less Selective (>75% or open),Bacc Diverse Fields
132471,Barry University,FL,2,1,2,2,9,17,17,21,0.5962948960302458,13225.0,,,,1,0,1,0,0,3,Moderately Selective (50-75%),Doctoral / Pro
132602,Bethune-Cookman University,FL,2,1,2,1,7,21,21,32,0.8496645342487128,12818.0,500.0,480.0,18.0,1,0,1,0,1,4,Less Selective (>75% or open),Bacc Arts & Sciences
132657,Lynn University,FL,2,1,2,2,9,18,18,21,0.8010965191890858,7843.0,610.0,575.0,25.0,1,0,1,0,0,4,Less Selective (>75% or open),Master's University
132675,North Florida Technical College,FL,7,3,1,2,2,-2,-2,-2,,,,,,0,1,0,0,0,5,2-year/Associate,Other
132693,Eastern Florida State College,FL,1,1,1,2,5,23,14,40,,,,,,1,1,0,0,0,4,Less Selective (>75% or open),Bacc Diverse Fields
132709,Broward College,FL,1,1,1,2,5,14,14,40,,,,,,1,1,0,0,0,4,Less Selective (>75% or open),Associate / CC
132842,Albizu University-Miami,FL,2,1,2,2,9,17,26,59,0.8888888888888888,18.0,,,,1,0,1,0,0,4,Less Selective (>75% or open),Doctoral / Pro
132851,College of Central Florida,FL,1,1,1,2,5,23,23,40,,,,,,1,1,0,0,0,4,Less Selective (>75% or open),Bacc Diverse Fields
132879,Johnson University Florida,FL,2,1,2,2,5,24,24,51,0.7931034482758621,174.0,550.0,490.0,,1,0,1,0,0,4,Less Selective (>75% or open),Bacc/Associate
132903,University of Central Florida,FL,1,1,1,2,9,15,15,16,0.4103534205213089,54977.0,680.0,680.0,29.0,1,1,0,0,0,2,Selective (25-50%),R1 (very high research)
132976,Charlotte Technical College,FL,7,3,1,2,2,-2,-2,-2,,,,,,0,1,0,0,0,5,2-year/Associate,Other
133021,Chipola College,FL,1,1,1,2,5,23,23,40,,,,,,1,1,0,0,0,4,Less Selective (>75% or open),Bacc Diverse Fields
133155,Lorenzo Walker Technical College,FL,7,3,1,2,2,-2,-2,-2,,,,,,0,1,0,0,0,5,2-year/Associate,Other
133386,Daytona State College,FL,1,1,1,2,5,23,23,40,,,,,,1,1,0,0,0,4,Less Selective (>75% or open),Bacc Diverse Fields
133465,South University-West Palm Beach,FL,3,1,3,2,7,26,26,-2,,,,,,1,0,0,1,0,4,Less Selective (>75% or open),Mixed Spec-Focus
133492,Eckerd College,FL,2,1,2,2,5,21,21,31,0.6509280951522797,5549.0,670.0,630.0,29.0,1,0,1,0,0,3,Moderately Selective (50-75%),Bacc Arts & Sciences
133508,Florida SouthWestern State College,FL,1,1,1,2,5,23,23,40,,,,,,1,1,0,0,0,4,Less Selective (>75% or open),Bacc Diverse Fields
133526,Edward Waters University,FL,2,1,2,1,7,22,22,32,0.8354472630173565,8988.0,,,,1,0,1,0,1,4,Less Selective (>75% or open),Bacc Diverse Fields
133553,Embry-Riddle Aeronautical University-Daytona Beach,FL,2,1,2,2,9,18,19,21,0.6452658227848102,9875.0,660.0,680.0,29.0,1,0,1,0,0,3,Moderately Selective (50-75%),Master's University
133650,Florida Agricultural and Mechanical University,FL,1,1,1,1,9,16,16,21,0.32929194956353053,12372.0,590.0,560.0,23.0,1,1,0,0,1,2,Selective (25-50%),R2 (high research)
133669,Florida Atlantic University,FL,1,1,1,2,9,16,16,16,0.8131696060656007,24268.0,610.0,590.0,25.0,1,1,0,0,0,4,Less Selective (>75% or open),R2 (high research)
133702,Florida State College at Jacksonville,FL,1,1,1,2,5,23,23,40,,,,,,1,1,0,0,0,4,Less Selective (>75% or open),Bacc Diverse Fields
133711,Flagler College,FL,2,1,2,2,7,22,22,32,0.8094534711964549,5416.0,640.0,590.0,29.0,1,0,1,0,0,4,Less Selective (>75% or open),Bacc Diverse Fields
133809,Florida College,FL,2,1,2,2,5,23,23,40,0.7167832167832168,286.0,620.0,580.0,27.0,1,0,1,0,0,4,Less Selective (>75% or open),Bacc Diverse Fields
133845,Concorde Career Institute-Jacksonville,FL,6,2,3,2,4,10,10,-2,0.9826589595375722,173.0,,,,0,0,0,1,0,5,2-year/Associate,Associate / CC
133854,Concorde Career Institute-Miramar,FL,6,2,3,2,3,10,10,-2,0.952,125.0,,,,0,0,0,1,0,5,2-year/Associate,Associate / CC
133863,Concorde Career Institute-Tampa,FL,6,2,3,2,3,10,10,-2,0.9617486338797814,183.0,,,,0,0,0,1,0,5,2-year/Associate,Associate / CC
133872,AdventHealth University,FL,2,1,2,2,9,26,26,40,0.3371757925072046,694.0,,,,1,0,1,0,0,2,Selective (25-50%),Mixed Spec-Focus
133881,Florida Institute of Technology,FL,2,1,2,2,9,16,16,16,0.6437127896133706,13941.0,660.0,660.0,28.0,1,0,1,0,0,3,Moderately Selective (50-75%),R2 (high research)
133951,Florida International University,FL,1,1,1,2,9,15,15,15,0.6385861730957735,17343.0,640.0,610.0,26.0,1,1,0,0,0,3,Moderately Selective (50-75%),R1 (very high research)
133960,The College of the Florida Keys,FL,1,1,1,2,5,14,14,40,,,,,,1,1,0,0,0,4,Less Selective (>75% or open),Associate / CC
133979,Florida Memorial University,FL,2,1,2,1,7,22,22,32,0.6993546224122035,11931.0,,,,1,0,1,0,1,3,Moderately Selective (50-75%),Bacc Diverse Fields
133997,Florida Career College-Miami,FL,6,2,3,2,3,11,8,40,,,,,,0,0,0,1,0,5,2-year/Associate,Associate / CC
134024,Florida School of Massage,FL,9,3,3,2,1,-2,-2,-2,,,,,,0,0,0,1,0,5,2-year/Associate,Other
134079,Florida Southern College,FL,2,1,2,2,9,19,19,32,0.5660971223021583,11120.0,660.0,630.0,29.0,1,0,1,0,0,3,Moderately Selective (50-75%),Master's University
134097,Florida State University,FL,1,1,1,2,9,15,15,15,0.2503841819485708,78088.0,690.0,680.0,31.0,1,1,0,0,0,2,Selective (25-50%),R1 (very high research)
134130,University of Florida,FL,1,1,1,2,9,15,15,15,0.2334930901307524,64473.0,730.0,760.0,33.0,1,1,0,0,0,1,Highly Selective (10-25%),R1 (very high research)
134228,Fort Pierce Beauty Academy,FL,9,3,3,2,2,-2,-2,-2,,,,,,0,0,0,1,0,5,2-year/Associate,Other
134237,Full Sail University,FL,3,1,3,2,7,18,18,40,,,,,,1,0,0,1,0,4,Less Selective (>75% or open),Master's University
134291,George Stone Technical College,FL,4,2,1,2,4,-2,-2,-2,,,,,,0,1,0,0,0,5,2-year/Associate,Other
134307,George T Baker Aviation Technical College,FL,7,3,1,2,2,-2,-2,-2,,,,,,0,1,0,0,0,5,2-year/Associate,Other
134343,Gulf Coast State College,FL,1,1,1,2,5,14,14,40,,,,,,1,1,0,0,0,4,Less Selective (>75% or open),Associate / CC
134422,Key College,FL,6,2,3,2,3,31,31,40,,,,,,0,0,0,1,0,5,2-year/Associate,Special Focus
134495,Hillsborough Community College,FL,1,1,1,2,5,2,1,40,,,,,,1,1,0,0,0,4,Less Selective (>75% or open),Associate / CC
134510,Hobe Sound Bible College,FL,2,1,2,2,7,22,24,51,,,,,,1,0,1,0,0,4,Less Selective (>75% or open),Bacc Diverse Fields
134529,Hollywood Institute of Beauty Careers,FL,9,3,3,2,2,-2,-2,-2,,,,,,0,0,0,1,0,5,2-year/Associate,Other
134574,Cortiva Institute,FL,9,3,3,2,1,-2,-2,-2,,,,,,0,0,0,1,0,5,2-year/Associate,Other
134608,Indian River State College,FL,1,1,1,2,5,23,23,40,,,,,,1,1,0,0,0,4,Less Selective (>75% or open),Bacc Diverse Fields
134714,International Academy,FL,9,3,3,2,2,-2,-2,-2,,,,,,0,0,0,1,0,5,2-year/Associate,Other
134811,AI Miami International University of Art and Design,FL,3,1,3,2,7,22,30,56,,,,,,1,0,0,1,0,4,Less Selective (>75% or open),Bacc Diverse Fields
134945,Jacksonville University,FL,2,1,2,2,9,18,18,21,0.5769272946595021,9119.0,620.0,620.0,26.0,1,0,1,0,0,3,Moderately Selective (50-75%),Master's University
135081,Keiser University-Ft Lauderdale,FL,2,1,2,2,9,17,17,40,0.9652592196686264,3742.0,,,,1,0,1,0,0,4,Less Selective (>75% or open),Doctoral / Pro
135142,La Belle Beauty School,FL,9,3,3,2,2,-2,-2,-2,,,,,,0,0,0,1,0,5,2-year/Associate,Other
135160,Florida Gateway College,FL,1,1,1,2,5,23,14,40,,,,,,1,1,0,0,0,4,Less Selective (>75% or open),Bacc Diverse Fields
135179,Lake Technical College,FL,7,3,1,2,2,-2,-2,-2,,,,,,0,1,0,0,0,5,2-year/Associate,Other
135188,Lake-Sumter State College,FL,1,1,1,2,5,14,14,40,,,,,,1,1,0,0,0,4,Less Selective (>75% or open),Associate / CC
135267,Fort Myers Technical College,FL,4,2,1,2,4,-2,-2,-2,,,,,,0,1,0,0,0,5,2-year/Associate,Other
135276,Lively Technical College,FL,7,3,1,2,2,-2,-2,-2,,,,,,0,1,0,0,0,5,2-year/Associate,Other
135294,Lindsey Hopkins Technical College,FL,4,2,1,2,4,-2,-2,-2,,,,,,0,1,0,0,0,5,2-year/Associate,Other
135337,Loraines Academy & Spa,FL,9,3,3,2,2,-2,-2,-2,,,,,,0,0,0,1,0,5,2-year/Associate,Other
135364,Luther Rice College & Seminary,GA,2,1,2,2,9,24,24,51,0.6756756756756757,37.0,,,,1,0,1,0,0,4,Less Selective (>75% or open),Bacc/Associate
135391,State College of Florida-Manatee-Sarasota,FL,1,1,1,2,5,23,23,40,,,,,,1,1,0,0,0,4,Less Selective (>75% or open),Bacc Diverse Fields
135407,Manatee Technical College,FL,4,2,1,2,4,-2,-2,-2,,,,,,0,1,0,0,0,5,2-year/Associate,Other
135522,Traviss Technical College,FL,7,3,1,2,2,-2,-2,-2,,,,,,0,1,0,0,0,5,2-year/Associate,Other
135559,Merryfield Academy,FL,9,3,3,2,2,-2,-2,-2,,,,,,0,0,0,1,0,5,2-year/Associate,Other
135610,Trinity International University-Florida,FL,2,1,2,2,7,22,22,32,,,,,,1,0,1,0,0,4,Less Selective (>75% or open),Bacc Diverse Fields
135647,Miami Lakes Educational Center and Technical College,FL,4,2,1,2,4,-2,-2,-2,,,,,,0,1,0,0,0,5,2-year/Associate,Other
135717,Miami Dade College,FL,1,1,1,2,5,14,23,40,,,,,,1,1,0,0,0,4,Less Selective (>75% or open),Associate / CC
135726,University of Miami,FL,2,1,2,2,9,15,15,15,0.18938762228233236,49169.0,730.0,750.0,33.0,1,0,1,0,0,1,Highly Selective (10-25%),R1 (very high research)
135735,Orange Technical College-South Campus,FL,4,2,1,2,4,-2,-2,-2,,,,,,0,1,0,0,0,5,2-year/Associate,Other
136109,Paul Mitchell the School-Jacksonville,FL,9,3,3,2,2,-2,-2,-2,,,,,,0,0,0,1,0,5,2-year/Associate,Other
136145,North Florida College,FL,1,1,1,2,5,14,14,40,,,,,,1,1,0,0,0,4,Less Selective (>75% or open),Associate / CC
136172,University of North Florida,FL,1,1,1,2,9,16,17,21,0.7050243111831442,19744.0,620.0,590.0,25.0,1,1,0,0,0,3,Moderately Selective (50-75%),R2 (high research)
136215,Nova Southeastern University,FL,2,1,2,2,9,16,16,16,0.7579963071058431,16789.0,650.0,660.0,27.0,1,0,1,0,0,4,Less Selective (>75% or open),R2 (high research)
136233,Northwest Florida State College,FL,1,1,1,2,5,23,23,40,,,,,,1,1,0,0,0,4,Less Selective (>75% or open),Bacc Diverse Fields
136303,Orange Technical College,FL,7,3,1,2,2,-2,-2,-2,,,,,,0,1,0,0,0,5,2-year/Associate,Other
136330,Palm Beach Atlantic University,FL,2,1,2,2,9,17,17,21,0.9466237942122186,6220.0,640.0,600.0,26.0,1,0,1,0,0,4,Less Selective (>75% or open),Doctoral / Pro
136358,Palm Beach State College,FL,1,1,1,2,5,14,14,40,,,,,,1,1,0,0,0,4,Less Selective (>75% or open),Associate / CC
136400,Pasco-Hernando State College,FL,1,1,1,2,5,23,14,40,,,,,,1,1,0,0,0,4,Less Selective (>75% or open),Bacc Diverse Fields
136473,Pensacola State College,FL,1,1,1,2,5,23,14,40,,,,,,1,1,0,0,0,4,Less Selective (>75% or open),Bacc Diverse Fields
136491,Pinellas Technical College-Clearwater,FL,4,2,1,2,4,-2,-2,-2,,,,,,0,1,0,0,0,5,2-year/Associate,Other
136516,Polk State College,FL,1,1,1,2,5,23,23,40,,,,,,1,1,0,0,0,4,Less Selective (>75% or open),Bacc Diverse Fields
136659,Radford M Locklin Technical College,FL,4,2,1,2,4,-2,-2,-2,,,,,,0,1,0,0,0,5,2-year/Associate,Other
136701,Saint Vincent de Paul Regional Seminary,FL,2,1,2,2,7,24,24,51,,,,,,1,0,1,0,0,4,Less Selective (>75% or open),Bacc/Associate
136765,Ridge Technical College,FL,7,3,1,2,2,-2,-2,-2,,,,,,0,1,0,0,0,5,2-year/Associate,Other
136774,Ringling College of Art and Design,FL,2,1,2,2,5,30,30,56,0.6470349309504468,2462.0,,,,1,0,1,0,0,3,Moderately Selective (50-75%),Special Focus
136826,Robert Morgan Educational Center and Technical College,FL,4,2,1,2,4,-2,-2,-2,,,,,,0,1,0,0,0,5,2-year/Associate,Other
136950,Rollins College,FL,2,1,2,2,9,18,18,21,0.49988915983152293,9022.0,690.0,660.0,29.0,1,0,1,0,0,2,Selective (25-50%),Master's University
137023,First Coast Technical College,FL,7,3,1,2,2,-2,-2,-2,,,,,,0,1,0,0,0,5,2-year/Associate,Other
137032,Saint Leo University,FL,2,1,2,2,9,17,18,22,0.8009526558891455,6928.0,610.0,580.0,27.0,1,0,1,0,0,4,Less Selective (>75% or open),Doctoral / Pro
137078,St Petersburg College,FL,1,1,1,2,5,23,23,40,,,,,,1,1,0,0,0,4,Less Selective (>75% or open),Bacc Diverse Fields
137087,Pinellas Technical College-St. Petersburg,FL,4,2,1,2,4,-2,-2,-2,,,,,,0,1,0,0,0,5,2-year/Associate,Other
137096,Santa Fe College,FL,1,1,1,2,5,14,14,40,,,,,,1,1,0,0,0,4,Less Selective (>75% or open),Associate / CC
137120,Suncoast Technical College,FL,4,2,1,2,4,-2,-2,-2,,,,,,0,1,0,0,0,5,2-year/Associate,Other
137209,Seminole State College of Florida,FL,1,1,1,2,5,23,14,40,,,,,,1,1,0,0,0,4,Less Selective (>75% or open),Bacc Diverse Fields
137245,Sheridan Technical College,FL,4,2,1,2,4,-2,-2,-2,,,,,,0,1,0,0,0,5,2-year/Associate,Other
137272,St. John Vianney College Seminary,FL,2,1,2,2,7,24,24,51,1.0,18.0,,,,1,0,1,0,0,4,Less Selective (>75% or open),Bacc/Associate
137281,Saint Johns River State College,FL,1,1,1,2,5,23,14,40,,,,,,1,1,0,0,0,4,Less Selective (>75% or open),Bacc Diverse Fields
137315,South Florida State College,FL,1,1,1,2,5,23,14,40,,,,,,1,1,0,0,0,4,Less Selective (>75% or open),Bacc Diverse Fields
137351,University of South Florida,FL,1,1,1,2,9,15,15,15,0.43925390434358225,65568.0,660.0,670.0,29.0,1,1,0,0,0,2,Selective (25-50%),R1 (very high research)
137476,St. Thomas University,FL,2,1,2,2,9,17,18,21,0.6514627659574468,7520.0,,,,1,0,1,0,0,3,Moderately Selective (50-75%),Doctoral / Pro
137546,Stetson University,FL,2,1,2,2,9,18,18,21,0.9380446623093682,7344.0,665.0,640.0,29.0,1,0,1,0,0,4,Less Selective (>75% or open),Master's University
137564,Southeastern University,FL,2,1,2,2,9,17,19,32,0.608615948670944,2182.0,,,,1,0,1,0,0,3,Moderately Selective (50-75%),Doctoral / Pro
137591,Bene's Career Academy,FL,9,3,3,2,2,-2,-2,-2,,,,,,0,0,0,1,0,5,2-year/Associate,Other
137713,Riveroak Technical College,FL,4,2,1,2,4,-2,-2,-2,,,,,,0,1,0,0,0,5,2-year/Associate,Other
137759,Tallahassee Community College,FL,1,1,1,2,5,14,14,40,,,,,,1,1,0,0,0,4,Less Selective (>75% or open),Associate / CC
137777,Talmudic College of Florida,FL,2,1,2,2,7,24,24,51,,,,,,1,0,1,0,0,4,Less Selective (>75% or open),Bacc/Associate
137801,Altierus Career College-Tampa,FL,8,3,2,2,2,-2,22,22,,,,,,0,0,1,0,0,5,2-year/Associate,Other
137847,The University of Tampa,FL,2,1,2,2,9,18,18,22,0.26349103907064486,40286.0,,,,1,0,1,0,0,2,Selective (25-50%),Master's University
137856,Big Bend Technical College,FL,7,3,1,2,2,-2,-2,-2,,,,,,0,1,0,0,0,5,2-year/Associate,Other
137865,Tom P. Haney Technical College,FL,7,3,1,2,2,-2,-2,-2,,,,,,0,1,0,0,0,5,2-year/Associate,Other
137953,Trinity Baptist College,FL,2,1,2,2,7,22,22,31,0.49586776859504134,363.0,550.0,540.0,21.0,1,0,1,0,0,4,Less Selective (>75% or open),Bacc Diverse Fields
137962,Trinity College of Florida,FL,2,1,2,2,5,22,24,51,0.5977011494252874,87.0,600.0,550.0,22.0,1,0,1,0,0,4,Less Selective (>75% or open),Bacc Diverse Fields
138187,Valencia College,FL,1,1,1,2,5,14,14,40,,,,,,1,1,0,0,0,4,Less Selective (>75% or open),Associate / CC
138275,Warner University,FL,2,1,2,2,7,20,22,32,0.5510204081632653,1372.0,540.0,530.0,21.0,1,0,1,0,0,3,Moderately Selective (50-75%),Master's University
138284,Florida Panhandle Technical College,FL,7,3,1,2,2,-2,-2,-2,,,,,,0,1,0,0,0,5,2-year/Associate,Other
138293,Webber International University,FL,2,1,2,2,7,22,22,55,0.4896810506566604,2665.0,,,,1,0,1,0,0,2,Selective (25-50%),Bacc Diverse Fields
138309,Rasmussen University-Florida,FL,3,1,3,2,5,22,22,-2,,,,,,1,0,0,1,0,4,Less Selective (>75% or open),Bacc Diverse Fields
138354,University of West Florida,FL,1,1,1,2,9,18,18,21,0.48030286404038186,9113.0,630.0,600.0,27.0,1,1,0,0,0,2,Selective (25-50%),Master's University
138372,Orange Technical College-West Campus,FL,4,2,1,2,4,-2,-2,-2,,,,,,0,1,0,0,0,5,2-year/Associate,Other
138479,William T McFatter Technical College,FL,4,2,1,2,4,-2,-2,-2,,,,,,0,1,0,0,0,5,2-year/Associate,Other
138488,Orange Technical College-East Campus,FL,4,2,1,2,4,-2,-2,-2,,,,,,0,1,0,0,0,5,2-year/Associate,Other
138497,Withlacoochee Technical College,FL,4,2,1,2,4,-2,-2,-2,,,,,,0,1,0,0,0,5,2-year/Associate,Other
138558,Abraham Baldwin Agricultural College,GA,1,1,1,2,5,23,23,40,0.6696466581524053,2349.0,570.0,530.0,21.0,1,1,0,0,0,3,Moderately Selective (50-75%),Bacc Diverse Fields
138600,Agnes Scott College,GA,2,1,2,2,7,21,21,31,0.6652474720596062,1879.0,700.0,650.0,31.0,1,0,1,0,0,3,Moderately Selective (50-75%),Bacc Arts & Sciences
138655,Interactive College of Technology-Chamblee,GA,6,2,3,2,3,8,13,40,,,,,,0,0,0,1,0,5,2-year/Associate,Associate / CC
138664,Interactive College of Technology-Morrow,GA,6,2,3,2,3,13,7,-2,,,,,,0,0,0,1,0,5,2-year/Associate,Associate / CC
138682,Albany Technical College,GA,4,2,1,2,4,8,8,-2,,,,,,0,1,0,0,0,5,2-year/Associate,Associate / CC
138716,Albany State University,GA,1,1,1,1,8,19,19,21,,,,,,1,1,0,0,1,4,Less Selective (>75% or open),Master's University
138761,Andrew College,GA,2,1,2,2,5,14,14,40,0.4962962962962963,810.0,,,,1,0,1,0,0,2,Selective (25-50%),Associate / CC
138813,The Art Institute of Atlanta,GA,3,1,3,2,5,22,30,40,,,,,,1,0,0,1,0,4,Less Selective (>75% or open),Bacc Diverse Fields
138822,Georgia Career Institute,GA,9,3,3,2,2,-2,-2,-2,,,,,,0,0,0,1,0,5,2-year/Associate,Other
138840,Atlanta Technical College,GA,4,2,1,2,4,8,7,-2,,,,,,0,1,0,0,0,5,2-year/Associate,Associate / CC
138868,Point University,GA,2,1,2,2,7,22,22,51,0.24203821656050956,2355.0,580.0,520.0,23.0,1,0,1,0,0,1,Highly Selective (10-25%),Bacc Diverse Fields
138901,Atlanta Metropolitan State College,GA,1,1,1,2,5,23,23,40,,,,,,1,1,0,0,0,4,Less Selective (>75% or open),Bacc Diverse Fields
138929,Atlanta's John Marshall Law School,GA,3,1,3,2,9,31,31,-2,,,,,,1,0,0,1,0,4,Less Selective (>75% or open),Special Focus
138938,Atlanta School of Massage,GA,9,3,3,2,2,-2,-2,-2,,,,,,0,0,0,1,0,5,2-year/Associate,Other
138947,Clark Atlanta University,GA,2,1,2,1,9,16,16,16,0.562619946759116,16153.0,580.0,540.0,20.0,1,0,1,0,1,3,Moderately Selective (50-75%),R2 (high research)
138956,Augusta Technical College,GA,4,2,1,2,4,7,7,40,,,,,,0,1,0,0,0,5,2-year/Associate,Associate / CC
139144,Berry College,GA,2,1,2,2,7,20,20,32,0.6631224525961368,5643.0,660.0,630.0,29.0,1,0,1,0,0,3,Moderately Selective (50-75%),Master's University
139153,Beulah Heights University,GA,2,1,2,2,9,21,24,51,,,,,,1,0,1,0,0,4,Less Selective (>75% or open),Bacc Arts & Sciences
139199,Brenau University,GA,2,1,2,2,9,17,18,21,0.8654670094258783,2334.0,,,,1,0,1,0,0,4,Less Selective (>75% or open),Doctoral / Pro
139205,Brewton-Parker College,GA,2,1,2,2,7,22,21,32,0.9475806451612904,744.0,,,,1,0,1,0,0,4,Less Selective (>75% or open),Bacc Diverse Fields
139250,College of Coastal Georgia,GA,1,1,1,2,5,22,23,40,0.9833267169511711,2519.0,590.0,550.0,22.0,1,1,0,0,0,4,Less Selective (>75% or open),Bacc Diverse Fields
139278,West Georgia Technical College,GA,4,2,1,2,4,8,8,40,,,,,,0,1,0,0,0,5,2-year/Associate,Associate / CC
139311,Clayton  State University,GA,1,1,1,2,8,19,19,33,0.5631929046563193,2255.0,560.0,530.0,22.0,1,1,0,0,0,3,Moderately Selective (50-75%),Master's University
139348,Columbia Theological Seminary,GA,2,1,2,2,9,24,24,51,,,,,,1,0,1,0,0,4,Less Selective (>75% or open),Bacc/Associate
139357,Columbus Technical College,GA,4,2,1,2,4,8,7,40,,,,,,0,1,0,0,0,5,2-year/Associate,Associate / CC
139366,Columbus State University,GA,1,1,1,2,9,18,18,21,0.8780361757105943,3870.0,590.0,540.0,23.0,1,1,0,0,0,4,Less Selective (>75% or open),Master's University
139384,Georgia Northwestern Technical College,GA,4,2,1,2,4,8,8,-2,,,,,,0,1,0,0,0,5,2-year/Associate,Associate / CC
139393,Covenant College,GA,2,1,2,2,7,21,21,32,0.8413284132841329,813.0,710.0,670.0,32.0,1,0,1,0,0,4,Less Selective (>75% or open),Bacc Arts & Sciences
139463,Dalton State College,GA,1,1,1,2,5,22,22,40,,,,,,1,1,0,0,0,4,Less Selective (>75% or open),Bacc Diverse Fields
139506,Pro Way Hair School,GA,9,3,3,2,2,-2,-2,-2,,,,,,0,0,0,1,0,5,2-year/Associate,Other
139579,South University-Savannah,GA,3,1,3,2,9,18,26,40,,,,,,1,0,0,1,0,4,Less Selective (>75% or open),Master's University
139621,East Georgia State College,GA,1,1,1,2,5,14,14,40,,,,,,1,1,0,0,0,4,Less Selective (>75% or open),Associate / CC
139630,Emmanuel University,GA,2,1,2,2,7,22,22,32,0.6266318537859008,766.0,,,,1,0,1,0,0,3,Moderately Selective (50-75%),Bacc Diverse Fields
139658,Emory University,GA,2,1,2,2,9,15,15,15,0.1135356701528075,33179.0,760.0,790.0,34.0,1,0,1,0,0,1,Highly Selective (10-25%),R1 (very high research)
139700,Georgia Highlands College,GA,1,1,1,2,5,23,14,40,,,,,,1,1,0,0,0,4,Less Selective (>75% or open),Bacc Diverse Fields
139719,Fort Valley State University,GA,1,1,1,1,8,20,19,21,0.43092684488554506,6247.0,480.0,470.0,19.0,1,1,0,0,1,2,Selective (25-50%),Master's University
139746,Grady Health System Professional Schools,GA,4,2,1,2,4,-2,-2,-2,,,,,,0,1,0,0,0,5,2-year/Associate,Other
139755,Georgia Institute of Technology-Main Campus,GA,1,1,1,2,9,15,15,15,0.17134953566488836,50610.0,760.0,790.0,35.0,1,1,0,0,0,1,Highly Selective (10-25%),R1 (very high research)
139764,Georgia Southwestern State University,GA,1,1,1,2,8,19,19,21,0.7318205260443528,1939.0,600.0,560.0,25.0,1,1,0,0,0,3,Moderately Selective (50-75%),Master's University
139861,Georgia College & State University,GA,1,1,1,2,9,18,18,21,0.7995015858631627,4414.0,630.0,600.0,26.0,1,1,0,0,0,4,Less Selective (>75% or open),Master's University
139931,Georgia Southern University,GA,1,1,1,2,9,16,16,21,0.8888964577656676,14680.0,590.0,560.0,23.0,1,1,0,0,0,4,Less Selective (>75% or open),R2 (high research)
139940,Georgia State University,GA,1,1,1,2,9,15,15,15,0.6677927063339731,26050.0,630.0,620.0,26.0,1,1,0,0,0,3,Moderately Selective (50-75%),R1 (very high research)
139959,University of Georgia,GA,1,1,1,2,9,15,15,15,0.42545778229908443,39320.0,710.0,710.0,32.0,1,1,0,0,0,2,Selective (25-50%),R1 (very high research)
139968,Gordon State College,GA,1,1,1,2,5,23,23,40,0.9332013854527461,2021.0,550.0,530.0,19.0,1,1,0,0,0,4,Less Selective (>75% or open),Bacc Diverse Fields
139986,Southern Crescent Technical College,GA,4,2,1,2,4,8,7,40,,,,,,0,1,0,0,0,5,2-year/Associate,Associate / CC
139995,Gupton Jones College of Funeral Service,GA,5,2,2,2,3,12,12,40,,,,,,0,0,1,0,0,5,2-year/Associate,Associate / CC
140003,Gwinnett College-Lilburn,GA,6,2,3,2,3,9,8,-2,,,,,,0,0,0,1,0,5,2-year/Associate,Associate / CC
140012,Gwinnett Technical College,GA,4,2,1,2,4,8,8,40,,,,,,0,1,0,0,0,5,2-year/Associate,Associate / CC
140146,Interdenominational Theological Center,GA,2,1,2,1,9,24,24,51,,,,,,1,0,1,0,1,4,Less Selective (>75% or open),Bacc/Associate
140234,LaGrange College,GA,2,1,2,2,7,22,22,32,0.5912305516265912,1414.0,,,,1,0,1,0,0,3,Moderately Selective (50-75%),Bacc Diverse Fields
140243,Lanier Technical College,GA,4,2,1,2,4,8,7,-2,,,,,,0,1,0,0,0,5,2-year/Associate,Associate / CC
140252,Life University,GA,2,1,2,2,9,18,26,53,0.9776785714285714,448.0,587.0,530.0,19.0,1,0,1,0,0,4,Less Selective (>75% or open),Master's University
140331,Chattahoochee Technical College,GA,4,2,1,2,4,8,8,40,,,,,,0,1,0,0,0,5,2-year/Associate,Associate / CC
140340,Herzing University-Atlanta,GA,2,1,2,2,8,22,20,40,0.9340659340659341,91.0,,,,1,0,1,0,0,4,Less Selective (>75% or open),Bacc Diverse Fields
140447,Mercer University,GA,2,1,2,2,9,16,16,21,0.7468237162519852,7556.0,680.0,680.0,31.0,1,0,1,0,0,3,Moderately Selective (50-75%),R2 (high research)
140553,Morehouse College,GA,2,1,2,1,5,21,21,31,0.6000766136755411,5221.0,,,25.0,1,0,1,0,1,3,Moderately Selective (50-75%),Bacc Arts & Sciences
140562,Morehouse School of Medicine,GA,2,1,2,1,9,25,25,52,,,,,,1,0,1,0,1,4,Less Selective (>75% or open),Bacc/Associate
140571,Morris Brown College,GA,2,1,2,1,5,-2,-2,-2,,,,,,1,0,1,0,1,4,Less Selective (>75% or open),Other
140678,North Georgia Technical College,GA,4,2,1,2,4,8,7,-2,,,,,,0,1,0,0,0,5,2-year/Associate,Associate / CC
140696,Oglethorpe University,GA,2,1,2,2,7,21,21,31,0.7098721590909091,2816.0,650.0,655.0,29.0,1,0,1,0,0,3,Moderately Selective (50-75%),Bacc Arts & Sciences
140720,Paine College,GA,2,1,2,1,5,21,22,31,0.5151423379769836,3302.0,,,,1,0,1,0,1,3,Moderately Selective (50-75%),Bacc Arts & Sciences
140818,Piedmont University,GA,2,1,2,2,9,18,18,22,0.6435006435006435,2331.0,610.0,590.0,25.0,1,0,1,0,0,3,Moderately Selective (50-75%),Master's University
140827,Miami Ad School-Atlanta,GA,6,2,3,2,4,-2,-2,-2,,,,,,0,0,0,1,0,5,2-year/Associate,Other
140872,Reinhardt University,GA,2,1,2,2,7,22,20,33,0.6232686980609419,1083.0,,,,1,0,1,0,0,3,Moderately Selective (50-75%),Bacc Diverse Fields
140942,Savannah Technical College,GA,4,2,1,2,4,8,8,40,,,,,,0,1,0,0,0,5,2-year/Associate,Associate / CC
140951,Savannah College of Art and Design,GA,2,1,2,2,7,18,30,56,0.8173350941822478,14387.0,660.0,620.0,28.0,1,0,1,0,0,4,Less Selective (>75% or open),Master's University
140960,Savannah State University,GA,1,1,1,1,7,20,20,22,,,,,,1,1,0,0,1,4,Less Selective (>75% or open),Master's University
140988,Shorter University,GA,2,1,2,2,7,20,20,32,0.9747416762342136,871.0,690.0,600.0,25.0,1,0,1,0,0,4,Less Selective (>75% or open),Master's University
141006,South Georgia Technical College,GA,4,2,1,2,4,8,8,-2,,,,,,0,1,0,0,0,5,2-year/Associate,Associate / CC
141060,Spelman College,GA,2,1,2,1,5,21,21,31,0.28390358268004984,13649.0,,,,1,0,1,0,1,2,Selective (25-50%),Bacc Arts & Sciences
141167,Thomas University,GA,2,1,2,2,8,19,19,32,0.46089385474860334,358.0,600.0,540.0,20.0,1,0,1,0,0,4,Less Selective (>75% or open),Master's University
141185,Toccoa Falls College,GA,2,1,2,2,7,22,22,32,0.6801125703564728,1066.0,640.0,600.0,24.0,1,0,1,0,0,3,Moderately Selective (50-75%),Bacc Diverse Fields
141237,Truett McConnell University,GA,2,1,2,2,7,22,22,40,0.808282208588957,652.0,620.0,570.0,23.0,1,0,1,0,0,4,Less Selective (>75% or open),Bacc Diverse Fields
141255,Wiregrass Georgia Technical College,GA,4,2,1,2,4,9,9,-2,,,,,,0,1,0,0,0,5,2-year/Associate,Associate / CC
141264,Valdosta State University,GA,1,1,1,2,9,17,17,21,0.8946733668341709,4975.0,580.0,550.0,21.0,1,1,0,0,0,4,Less Selective (>75% or open),Doctoral / Pro
141325,Wesleyan College,GA,2,1,2,2,7,22,21,31,0.6679506933744221,1298.0,,,,1,0,1,0,0,3,Moderately Selective (50-75%),Bacc Diverse Fields
141334,University of West Georgia,GA,1,1,1,2,9,17,17,21,0.8011708132970938,4783.0,590.0,550.0,22.0,1,1,0,0,0,4,Less Selective (>75% or open),Doctoral / Pro
141361,Young Harris College,GA,2,1,2,2,7,21,21,40,0.7728643216080402,1990.0,,,,1,0,1,0,0,4,Less Selective (>75% or open),Bacc Arts & Sciences
141486,Chaminade University of Honolulu,HI,2,1,2,2,9,19,18,21,0.9341057204923968,1381.0,,,,1,0,1,0,0,4,Less Selective (>75% or open),Master's University
141565,University of Hawaii at Hilo,HI,1,1,1,2,9,17,17,31,0.8423892100192678,2595.0,620.0,580.0,21.0,1,1,0,0,0,4,Less Selective (>75% or open),Doctoral / Pro
141574,University of Hawaii at Manoa,HI,1,1,1,2,9,15,15,15,0.7276799831348161,18974.0,640.0,650.0,24.0,1,1,0,0,0,3,Moderately Selective (50-75%),R1 (very high research)
141608,Hawaii Institute of Hair Design,HI,9,3,3,2,2,-2,-2,-2,,,,,,0,0,0,1,0,5,2-year/Associate,Other
141644,Hawaii Pacific University,HI,2,1,2,2,9,18,18,21,0.8709749887674105,13354.0,630.0,610.0,27.0,1,0,1,0,0,4,Less Selective (>75% or open),Master's University
141680,Honolulu Community College,HI,4,2,1,2,3,8,8,40,,,,,,0,1,0,0,0,5,2-year/Associate,Associate / CC
141796,Kapiolani Community College,HI,4,2,1,2,3,6,5,40,,,,,,0,1,0,0,0,5,2-year/Associate,Associate / CC
141802,Kauai Community College,HI,4,2,1,2,3,8,7,40,,,,,,0,1,0,0,0,5,2-year/Associate,Associate / CC
141811,Leeward Community College,HI,4,2,1,2,3,3,2,40,,,,,,0,1,0,0,0,5,2-year/Associate,Associate / CC
141839,University of Hawaii Maui College,HI,1,1,1,2,5,14,14,40,,,,,,1,1,0,0,0,4,Less Selective (>75% or open),Associate / CC
141963,University of Hawaii System Office,HI,0,1,1,2,9,-2,-2,-2,,,,,,1,1,0,0,0,4,Less Selective (>75% or open),Other
141981,University of Hawaii-West Oahu,HI,1,1,1,2,5,22,22,31,0.9636963696369637,909.0,610.0,570.0,22.0,1,1,0,0,0,4,Less Selective (>75% or open),Bacc Diverse Fields
141990,Windward Community College,HI,4,2,1,2,3,3,3,40,,,,,,0,1,0,0,0,5,2-year/Associate,Associate / CC
142054,Carrington College-Boise,ID,6,2,3,2,3,10,10,-2,,,,,,0,0,0,1,0,5,2-year/Associate,Associate / CC
142090,Boise Bible College,ID,2,1,2,2,5,24,24,51,1.0,53.0,530.0,580.0,,1,0,1,0,0,4,Less Selective (>75% or open),Bacc/Associate
142115,Boise State University,ID,1,1,1,2,9,16,16,21,0.8392974099434356,16795.0,,,,1,1,0,0,0,4,Less Selective (>75% or open),R2 (high research)
142179,College of Eastern Idaho,ID,4,2,1,2,3,8,7,40,,,,,,0,1,0,0,0,5,2-year/Associate,Associate / CC
142276,Idaho State University,ID,1,1,1,2,9,16,16,16,,,,,,1,1,0,0,0,4,Less Selective (>75% or open),R2 (high research)
142285,University of Idaho,ID,1,1,1,2,9,16,16,15,0.7385201224520271,13393.0,630.0,620.0,27.0,1,1,0,0,0,3,Moderately Selective (50-75%),R2 (high research)
142294,The College of Idaho,ID,2,1,2,2,7,22,21,31,0.4552338530066815,4490.0,620.0,620.0,29.0,1,0,1,0,0,2,Selective (25-50%),Bacc Diverse Fields
142328,Lewis-Clark State College,ID,1,1,1,2,6,22,22,32,0.8676993397663789,3938.0,550.0,560.0,,1,1,0,0,0,4,Less Selective (>75% or open),Bacc Diverse Fields
142407,Aveda Institute-Twin Falls,ID,9,3,3,2,2,-2,-2,-2,,,,,,0,0,0,1,0,5,2-year/Associate,Other
142443,North Idaho College,ID,4,2,1,2,4,2,2,40,,,,,,0,1,0,0,0,5,2-year/Associate,Associate / CC
142461,Northwest Nazarene University,ID,2,1,2,2,9,18,18,22,0.8818503241013553,3394.0,630.0,610.0,27.0,1,0,1,0,0,4,Less Selective (>75% or open),Master's University
142489,Nathan Layne Institute of Cosmetology,ID,9,3,3,2,2,-2,-2,-2,,,,,,0,0,0,1,0,5,2-year/Associate,Other
142522,Brigham Young University-Idaho,ID,2,1,2,2,5,22,22,40,0.9555859909998043,10222.0,610.0,590.0,25.0,1,0,1,0,0,4,Less Selective (>75% or open),Bacc Diverse Fields
142559,College of Southern Idaho,ID,1,1,1,2,5,6,6,40,,,,,,1,1,0,0,0,4,Less Selective (>75% or open),Associate / CC
142832,Adler University,IL,2,1,2,2,9,26,26,59,,,,,,1,0,1,0,0,4,Less Selective (>75% or open),Mixed Spec-Focus
142887,American Academy of Art College,IL,3,1,3,2,5,30,30,56,,,,,,1,0,0,1,0,4,Less Selective (>75% or open),Special Focus
142957,American Islamic College,IL,2,1,2,2,7,-2,-2,-2,1.0,1.0,,,,1,0,1,0,0,4,Less Selective (>75% or open),Other
143048,School of the Art Institute of Chicago,IL,2,1,2,2,7,30,30,56,0.7896296296296297,6075.0,,,,1,0,1,0,0,4,Less Selective (>75% or open),Special Focus
143084,Augustana College,IL,2,1,2,2,7,21,21,31,0.6122038765254846,6965.0,630.0,620.0,28.0,1,0,1,0,0,3,Moderately Selective (50-75%),Bacc Arts & Sciences
143118,Aurora University,IL,2,1,2,2,9,17,17,21,0.8189596167008898,2922.0,608.0,590.0,25.0,1,0,1,0,0,4,Less Selective (>75% or open),Doctoral / Pro
143215,Southwestern Illinois College,IL,4,2,1,2,3,6,9,40,,,,,,0,1,0,0,0,5,2-year/Associate,Associate / CC
143233,Bethany Theological Seminary,IN,2,1,2,2,7,24,24,51,,,,,,1,0,1,0,0,4,Less Selective (>75% or open),Bacc/Associate
143279,Black Hawk College,IL,4,2,1,2,3,6,6,40,,,,,,0,1,0,0,0,5,2-year/Associate,Associate / CC
143288,Blackburn College,IL,2,1,2,2,5,22,21,31,0.6436781609195402,783.0,,,,1,0,1,0,0,3,Moderately Selective (50-75%),Bacc Diverse Fields
143297,Blessing Rieman College of Nursing and Health Sciences,IL,2,1,2,2,8,26,26,53,,,,,,1,0,1,0,0,4,Less Selective (>75% or open),Mixed Spec-Focus
143358,Bradley University,IL,2,1,2,2,9,17,18,21,0.7514094432699084,11352.0,640.0,640.0,30.0,1,0,1,0,0,4,Less Selective (>75% or open),Doctoral / Pro
143376,Paul Mitchell the School-Tinley Park,IL,9,3,3,2,2,-2,-2,-2,,,,,,0,0,0,1,0,5,2-year/Associate,Other
143464,Cameo Beauty Academy,IL,9,3,3,2,2,-2,-2,-2,,,,,,0,0,0,1,0,5,2-year/Associate,Other
143473,Cannella School of Hair Design-Villa Park,IL,9,3,3,2,2,-2,-2,-2,,,,,,0,0,0,1,0,5,2-year/Associate,Other
143482,Cannella School of Hair Design-Chicago,IL,9,3,3,2,2,-2,-2,-2,,,,,,0,0,0,1,0,5,2-year/Associate,Other
143491,Cannella School of Hair Design-Chicago,IL,9,3,3,2,2,-2,-2,-2,,,,,,0,0,0,1,0,5,2-year/Associate,Other
143552,Capri Beauty College,IL,9,3,3,2,2,-2,-2,-2,,,,,,0,0,0,1,0,5,2-year/Associate,Other
143613,Carl Sandburg College,IL,4,2,1,2,3,2,6,40,,,,,,0,1,0,0,0,5,2-year/Associate,Associate / CC
143659,Catholic Theological Union at Chicago,IL,2,1,2,2,9,24,24,51,,,,,,1,0,1,0,0,4,Less Selective (>75% or open),Bacc/Associate
143853,Midwestern University-Downers Grove,IL,2,1,2,2,9,25,25,52,,,,,,1,0,1,0,0,4,Less Selective (>75% or open),Bacc/Associate
143978,The Chicago School at Chicago,IL,2,1,2,2,9,26,26,59,0.06976744186046512,43.0,,,,1,0,1,0,0,4,Less Selective (>75% or open),Mixed Spec-Focus
144005,Chicago State University,IL,1,1,1,2,9,18,18,21,0.4851431658562939,7404.0,,,,1,1,0,0,0,2,Selective (25-50%),Master's University
144014,Chicago Theological Seminary,IL,2,1,2,2,9,24,24,51,,,,,,1,0,1,0,0,4,Less Selective (>75% or open),Bacc/Associate
144050,University of Chicago,IL,2,1,2,2,9,15,15,15,0.05434145301423165,37522.0,780.0,800.0,35.0,1,0,1,0,0,0,Elite (<10%),R1 (very high research)
144157,City Colleges of Chicago-Kennedy-King College,IL,4,2,1,2,3,6,6,40,,,,,,0,1,0,0,0,5,2-year/Associate,Associate / CC
144166,City Colleges of Chicago-Malcolm X College,IL,4,2,1,2,3,5,9,40,,,,,,0,1,0,0,0,5,2-year/Associate,Associate / CC
144175,City Colleges of Chicago-Olive-Harvey College,IL,4,2,1,2,3,3,3,40,,,,,,0,1,0,0,0,5,2-year/Associate,Associate / CC
144184,City Colleges of Chicago-Harry S Truman College,IL,4,2,1,2,3,3,6,40,,,,,,0,1,0,0,0,5,2-year/Associate,Associate / CC
144193,City Colleges of Chicago-Richard J Daley College,IL,4,2,1,2,3,6,6,40,,,,,,0,1,0,0,0,5,2-year/Associate,Associate / CC
144209,City Colleges of Chicago-Harold Washington College,IL,4,2,1,2,3,2,2,40,,,,,,0,1,0,0,0,5,2-year/Associate,Associate / CC
144218,City Colleges of Chicago-Wilbur Wright College,IL,4,2,1,2,3,3,3,40,,,,,,0,1,0,0,0,5,2-year/Associate,Associate / CC
144281,Columbia College Chicago,IL,2,1,2,2,7,19,19,21,0.9476691338787171,7701.0,,,,1,0,1,0,0,4,Less Selective (>75% or open),Master's University
144351,Concordia University-Chicago,IL,2,1,2,2,9,18,18,21,0.9304003724394786,4296.0,,,,1,0,1,0,0,4,Less Selective (>75% or open),Master's University
144500,City Colleges of Chicago-District Office,IL,0,2,1,2,3,-2,-2,-2,,,,,,0,1,0,0,0,5,2-year/Associate,Other
144564,Danville Area Community College,IL,4,2,1,2,3,6,6,40,,,,,,0,1,0,0,0,5,2-year/Associate,Associate / CC
144573,Tricoci University of Beauty Culture,IL,9,3,3,2,2,-2,-2,-2,,,,,,0,0,0,1,0,5,2-year/Associate,Other
144740,DePaul University,IL,2,1,2,2,9,16,16,16,0.7016517225106182,31785.0,660.0,640.0,30.0,1,0,1,0,0,3,Moderately Selective (50-75%),R2 (high research)
144777,DeVry University-Administrative Office,IL,0,1,3,2,7,-2,-2,-2,,,,,,1,0,0,1,0,4,Less Selective (>75% or open),Other
144795,Cosmetology & Spa Academy,IL,9,3,3,2,2,-2,-2,-2,,,,,,0,0,0,1,0,5,2-year/Associate,Other
144865,College of DuPage,IL,4,2,1,2,3,9,6,40,,,,,,0,1,0,0,0,5,2-year/Associate,Associate / CC
144883,East-West University,IL,2,1,2,2,5,21,21,32,,,,,,1,0,1,0,0,4,Less Selective (>75% or open),Bacc Arts & Sciences
144892,Eastern Illinois University,IL,1,1,1,2,8,18,18,21,0.6796443370165746,11584.0,570.0,550.0,,1,1,0,0,0,3,Moderately Selective (50-75%),Master's University
144944,Elgin Community College,IL,4,2,1,2,3,2,5,40,,,,,,0,1,0,0,0,5,2-year/Associate,Associate / CC
144962,Elmhurst University,IL,2,1,2,2,9,18,18,32,0.7600767754318618,5731.0,630.0,610.0,27.0,1,0,1,0,0,4,Less Selective (>75% or open),Master's University
144971,Eureka College,IL,2,1,2,2,5,22,22,32,0.867237687366167,934.0,,,,1,0,1,0,0,4,Less Selective (>75% or open),Bacc Diverse Fields
145099,"First Institute of Travel, Inc.",IL,9,3,3,2,1,-2,-2,-2,,,,,,0,0,0,1,0,5,2-year/Associate,Other
145239,Fox College,IL,6,2,3,2,3,8,10,-2,0.6984126984126984,63.0,,,,0,0,0,1,0,5,2-year/Associate,Associate / CC
145275,Garrett-Evangelical Theological Seminary,IL,2,1,2,2,9,24,24,51,,,,,,1,0,1,0,0,4,Less Selective (>75% or open),Bacc/Associate
145309,Gem City College,IL,9,3,3,2,2,-2,-2,40,,,,,,0,0,0,1,0,5,2-year/Associate,Other
145336,Governors State University,IL,1,1,1,2,9,18,18,21,0.574798927613941,1865.0,540.0,520.0,,1,1,0,0,0,3,Moderately Selective (50-75%),Master's University
145354,Graham Hospital School of Nursing,IL,5,2,2,2,4,-2,-2,-2,1.0,2.0,,,,0,0,1,0,0,5,2-year/Associate,Other
145372,Greenville University,IL,2,1,2,2,7,20,20,32,0.9411764705882353,1275.0,622.0,587.0,28.0,1,0,1,0,0,4,Less Selective (>75% or open),Master's University
145406,G Skin & Beauty Institute,IL,9,3,3,2,2,-2,-2,-2,,,,,,0,0,0,1,0,5,2-year/Associate,Other
145424,Hair Professionals Career College,IL,9,3,3,2,2,-2,-2,-2,,,,,,0,0,0,1,0,5,2-year/Associate,Other
145433,Hair Professionals School of Cosmetology,IL,9,3,3,2,2,-2,-2,-2,,,,,,0,0,0,1,0,5,2-year/Associate,Other
145497,Hebrew Theological College,IL,2,1,2,2,5,21,24,51,0.7142857142857143,7.0,,,,1,0,1,0,0,4,Less Selective (>75% or open),Bacc Arts & Sciences
145521,Highland Community College,IL,4,2,1,2,3,6,6,40,,,,,,0,1,0,0,0,5,2-year/Associate,Associate / CC
145558,Rosalind Franklin University of Medicine and Science,IL,2,1,2,2,9,25,25,52,,,,,,1,0,1,0,0,4,Less Selective (>75% or open),Bacc/Associate
145600,University of Illinois Chicago,IL,1,1,1,2,9,15,15,15,0.7869026398438164,23562.0,660.0,680.0,30.0,1,1,0,0,0,4,Less Selective (>75% or open),R1 (very high research)
145619,Benedictine University,IL,2,1,2,2,9,18,17,21,0.9311726147123088,2746.0,,,,1,0,1,0,0,4,Less Selective (>75% or open),Master's University
145628,Illinois College of Optometry,IL,2,1,2,2,9,26,26,53,,,,,,1,0,1,0,0,4,Less Selective (>75% or open),Mixed Spec-Focus
145637,University of Illinois Urbana-Champaign,IL,1,1,1,2,9,15,15,15,0.44823497794710465,63257.0,730.0,780.0,34.0,1,1,0,0,0,2,Selective (25-50%),R1 (very high research)
145646,Illinois Wesleyan University,IL,2,1,2,2,5,22,21,31,0.4221869328493648,4408.0,660.0,670.0,30.0,1,0,1,0,0,2,Selective (25-50%),Bacc Diverse Fields
145682,Illinois Central College,IL,4,2,1,2,3,3,2,40,,,,,,0,1,0,0,0,5,2-year/Associate,Associate / CC
145691,Illinois College,IL,2,1,2,2,7,21,21,32,0.7718162195497996,3243.0,560.0,566.0,26.0,1,0,1,0,0,4,Less Selective (>75% or open),Bacc Arts & Sciences
145707,Olney Central College,IL,4,2,1,2,3,8,6,40,,,,,,0,1,0,0,0,5,2-year/Associate,Associate / CC
145725,Illinois Institute of Technology,IL,2,1,2,2,9,16,16,16,0.6143863040176722,7243.0,680.0,730.0,32.0,1,0,1,0,0,3,Moderately Selective (50-75%),R2 (high research)
145813,Illinois State University,IL,1,1,1,2,9,16,16,16,0.862369871402327,19596.0,610.0,600.0,27.0,1,1,0,0,0,4,Less Selective (>75% or open),R2 (high research)
145831,Illinois Valley Community College,IL,4,2,1,2,4,8,9,40,,,,,,0,1,0,0,0,5,2-year/Associate,Associate / CC
145886,Institute for Clinical Social Work,IL,2,1,2,2,9,26,26,53,,,,,,1,0,1,0,0,4,Less Selective (>75% or open),Mixed Spec-Focus
146205,John A Logan College,IL,4,2,1,2,3,9,9,40,,,,,,0,1,0,0,0,5,2-year/Associate,Associate / CC
146278,John Wood Community College,IL,4,2,1,2,3,4,8,40,,,,,,0,1,0,0,0,5,2-year/Associate,Associate / CC
146296,Joliet Junior College,IL,4,2,1,2,3,5,5,40,,,,,,0,1,0,0,0,5,2-year/Associate,Associate / CC
146339,Judson University,IL,2,1,2,2,9,20,20,32,0.5819601040763226,1153.0,580.0,560.0,26.0,1,0,1,0,0,3,Moderately Selective (50-75%),Master's University
146348,Kankakee Community College,IL,4,2,1,2,3,6,9,40,,,,,,0,1,0,0,0,5,2-year/Associate,Associate / CC
146366,Kaskaskia College,IL,4,2,1,2,3,6,6,40,,,,,,0,1,0,0,0,5,2-year/Associate,Associate / CC
146418,Kishwaukee College,IL,4,2,1,2,3,5,8,40,,,,,,0,1,0,0,0,5,2-year/Associate,Associate / CC
146427,Knox College,IL,2,1,2,2,5,21,21,31,0.7331771007700033,2987.0,720.0,700.0,32.0,1,0,1,0,0,3,Moderately Selective (50-75%),Bacc Arts & Sciences
146454,Educators of Beauty College of Cosmetology-Peru,IL,9,3,3,2,2,-2,-2,-2,,,,,,0,0,0,1,0,5,2-year/Associate,Other
146472,College of Lake County,IL,4,2,1,2,3,3,6,40,,,,,,0,1,0,0,0,5,2-year/Associate,Associate / CC
146481,Lake Forest College,IL,2,1,2,2,7,21,21,31,0.5972132904608789,4665.0,670.0,670.0,31.0,1,0,1,0,0,3,Moderately Selective (50-75%),Bacc Arts & Sciences
146490,Lake Forest Graduate School of Management,IL,2,1,2,2,7,29,29,55,,,,,,1,0,1,0,0,4,Less Selective (>75% or open),Other
146506,Lake Land College,IL,4,2,1,2,3,9,9,40,,,,,,0,1,0,0,0,5,2-year/Associate,Associate / CC
146533,Lakeview College of Nursing,IL,2,1,2,2,5,26,26,53,,,,,,1,0,1,0,0,4,Less Selective (>75% or open),Mixed Spec-Focus
146603,Lewis and Clark Community College,IL,4,2,1,2,3,6,9,40,,,,,,0,1,0,0,0,5,2-year/Associate,Associate / CC
146612,Lewis University,IL,2,1,2,2,9,18,18,21,0.7406236831015592,4746.0,600.0,600.0,29.0,1,0,1,0,0,3,Moderately Selective (50-75%),Master's University
146667,Lincoln Christian University,IL,2,1,2,2,9,20,24,51,,,,,,1,0,1,0,0,4,Less Selective (>75% or open),Master's University
146685,Lincoln Land Community College,IL,4,2,1,2,3,6,6,40,,,,,,0,1,0,0,0,5,2-year/Associate,Associate / CC
146700,Lincoln College of Technology-Melrose Park,IL,6,2,3,2,3,7,11,-2,,,,,,0,0,0,1,0,5,2-year/Associate,Associate / CC
146719,Loyola University Chicago,IL,2,1,2,2,9,16,16,15,0.7914884255298346,40909.0,690.0,680.0,31.0,1,0,1,0,0,4,Less Selective (>75% or open),R2 (high research)
146728,Lutheran School of Theology at Chicago,IL,2,1,2,2,9,24,24,51,,,,,,1,0,1,0,0,4,Less Selective (>75% or open),Bacc/Associate
146755,Trinity College of Nursing & Health Sciences,IL,2,1,2,2,7,26,26,53,,,,,,1,0,1,0,0,4,Less Selective (>75% or open),Mixed Spec-Focus
146807,Steven Papageorge Hair Academy,IL,9,3,3,2,2,-2,-2,-2,,,,,,0,0,0,1,0,5,2-year/Associate,Other
146816,Generations College,IL,5,2,2,2,3,4,13,40,,,,,,0,0,1,0,0,5,2-year/Associate,Associate / CC
146977,McCormick Theological Seminary,IL,2,1,2,2,9,24,24,51,,,,,,1,0,1,0,0,4,Less Selective (>75% or open),Bacc/Associate
147004,McHenry County College,IL,4,2,1,2,3,3,9,40,,,,,,0,1,0,0,0,5,2-year/Associate,Associate / CC
147013,McKendree University,IL,2,1,2,2,9,19,18,32,0.6835334476843911,2332.0,,,,1,0,1,0,0,3,Moderately Selective (50-75%),Master's University
147031,Meadville Theological School of Lombard College,IL,2,1,2,2,9,24,24,51,,,,,,1,0,1,0,0,4,Less Selective (>75% or open),Bacc/Associate
147129,Methodist College,IL,2,1,2,2,8,26,26,-2,0.3333333333333333,54.0,,,,1,0,1,0,0,4,Less Selective (>75% or open),Mixed Spec-Focus
147244,Millikin University,IL,2,1,2,2,9,22,22,32,0.7539627842866988,2902.0,600.0,600.0,27.0,1,0,1,0,0,4,Less Selective (>75% or open),Bacc Diverse Fields
147341,Monmouth College,IL,2,1,2,2,5,21,21,31,0.907040704070407,1818.0,610.0,600.0,28.0,1,0,1,0,0,4,Less Selective (>75% or open),Bacc Arts & Sciences
147369,Moody Bible Institute,IL,2,1,2,2,9,24,24,-2,0.941358024691358,324.0,,,,1,0,1,0,0,4,Less Selective (>75% or open),Bacc/Associate
147378,Moraine Valley Community College,IL,4,2,1,2,3,6,9,40,,,,,,0,1,0,0,0,5,2-year/Associate,Associate / CC
147396,Morrison Institute of Technology,IL,5,2,2,2,3,11,11,40,,,,,,0,0,1,0,0,5,2-year/Associate,Associate / CC
147411,Morton College,IL,4,2,1,2,3,8,5,40,,,,,,0,1,0,0,0,5,2-year/Associate,Associate / CC
147536,National Louis University,IL,2,1,2,2,9,17,17,16,0.9204652624960704,3181.0,,,,1,0,1,0,0,4,Less Selective (>75% or open),Doctoral / Pro
147590,National University of Health Sciences,IL,2,1,2,2,9,26,26,53,,,,,,1,0,1,0,0,4,Less Selective (>75% or open),Mixed Spec-Focus
147642,Cosmetology Concepts Niles,IL,9,3,3,2,2,-2,-2,-2,,,,,,0,0,0,1,0,5,2-year/Associate,Other
147660,North Central College,IL,2,1,2,2,9,20,19,21,0.608746813100608,5099.0,620.0,620.0,28.0,1,0,1,0,0,3,Moderately Selective (50-75%),Master's University
147679,North Park University,IL,2,1,2,2,9,18,18,21,0.6800952569954356,5039.0,,,23.0,1,0,1,0,0,3,Moderately Selective (50-75%),Master's University
147697,Northern Baptist Theological Seminary,IL,2,1,2,2,9,24,24,-2,,,,,,1,0,1,0,0,4,Less Selective (>75% or open),Bacc/Associate
147703,Northern Illinois University,IL,1,1,1,2,9,16,16,15,0.7067524363468279,25961.0,,,,1,1,0,0,0,3,Moderately Selective (50-75%),R2 (high research)
147767,Northwestern University,IL,2,1,2,2,9,15,15,15,0.07208208969782096,51261.0,770.0,800.0,35.0,1,0,1,0,0,0,Elite (<10%),R1 (very high research)
147776,Northeastern Illinois University,IL,1,1,1,2,7,18,18,21,0.6269824027807951,4603.0,,,,1,1,0,0,0,3,Moderately Selective (50-75%),Master's University
147800,Oakton College,IL,4,2,1,2,3,3,2,40,,,,,,0,1,0,0,0,5,2-year/Associate,Associate / CC
147819,Oehrlein School of Cosmetology,IL,9,3,3,2,2,-2,-2,-2,,,,,,0,0,0,1,0,5,2-year/Associate,Other
147828,Olivet Nazarene University,IL,2,1,2,2,9,18,18,21,0.577953518398967,6196.0,,,,1,0,1,0,0,3,Moderately Selective (50-75%),Master's University
147916,Parkland College,IL,4,2,1,2,3,6,8,40,,,,,,0,1,0,0,0,5,2-year/Associate,Associate / CC
148007,Prairie State College,IL,4,2,1,2,3,6,6,40,,,,,,0,1,0,0,0,5,2-year/Associate,Associate / CC
148016,Principia College,IL,2,1,2,2,5,21,21,31,0.4784688995215311,209.0,650.0,650.0,,1,0,1,0,0,4,Less Selective (>75% or open),Bacc Arts & Sciences
148098,Professional's Choice Hair Design Academy,IL,9,3,3,2,2,-2,-2,-2,,,,,,0,0,0,1,0,5,2-year/Associate,Other
148131,Quincy University,IL,2,1,2,2,7,22,22,22,0.6170454545454546,1760.0,,,,1,0,1,0,0,3,Moderately Selective (50-75%),Bacc Diverse Fields
148256,Rend Lake College,IL,4,2,1,2,3,6,9,40,,,,,,0,1,0,0,0,5,2-year/Associate,Associate / CC
148292,Richland Community College,IL,4,2,1,2,3,9,9,40,,,,,,0,1,0,0,0,5,2-year/Associate,Associate / CC
148380,Rock Valley College,IL,4,2,1,2,3,6,4,40,,,,,,0,1,0,0,0,5,2-year/Associate,Associate / CC
148405,Rockford University,IL,2,1,2,2,7,20,20,21,0.5491183879093199,2779.0,558.0,528.0,20.0,1,0,1,0,0,3,Moderately Selective (50-75%),Master's University
148487,Roosevelt University,IL,2,1,2,2,9,17,17,21,0.8832165498832165,2997.0,540.0,540.0,26.0,1,0,1,0,0,4,Less Selective (>75% or open),Doctoral / Pro
148496,Dominican University,IL,2,1,2,2,9,18,18,21,0.895251123705296,5117.0,580.0,560.0,22.0,1,0,1,0,0,4,Less Selective (>75% or open),Master's University
148511,Rush University,IL,2,1,2,2,9,25,25,52,,,,,,1,0,1,0,0,4,Less Selective (>75% or open),Bacc/Associate
148575,Saint Francis Medical Center College of Nursing,IL,2,1,2,2,9,26,26,53,,,,,,1,0,1,0,0,4,Less Selective (>75% or open),Mixed Spec-Focus
148584,University of St Francis,IL,2,1,2,2,9,17,17,21,0.5841674249317561,2198.0,600.0,640.0,30.0,1,0,1,0,0,3,Moderately Selective (50-75%),Doctoral / Pro
148593,St. John's College-Department of Nursing,IL,2,1,2,2,9,26,26,53,,,,,,1,0,1,0,0,4,Less Selective (>75% or open),Mixed Spec-Focus
148627,Saint Xavier University,IL,2,1,2,2,8,18,18,21,0.8413123962721818,7833.0,,,,1,0,1,0,0,4,Less Selective (>75% or open),Master's University
148654,University of Illinois Springfield,IL,1,1,1,2,9,18,18,21,0.8203082003302147,3634.0,620.0,600.0,27.0,1,1,0,0,0,4,Less Selective (>75% or open),Master's University
148672,Sauk Valley Community College,IL,4,2,1,2,3,6,9,40,,,,,,0,1,0,0,0,5,2-year/Associate,Associate / CC
148821,Shawnee Community College,IL,4,2,1,2,3,6,6,40,,,,,,0,1,0,0,0,5,2-year/Associate,Associate / CC
148876,St. Augustine College,IL,2,1,2,2,5,23,23,40,,,,,,1,0,1,0,0,4,Less Selective (>75% or open),Bacc Diverse Fields
148885,University of Saint Mary of the Lake,IL,2,1,2,2,9,24,24,51,,,,,,1,0,1,0,0,4,Less Selective (>75% or open),Bacc/Associate
148937,Southeastern Illinois College,IL,4,2,1,2,3,9,9,40,,,,,,0,1,0,0,0,5,2-year/Associate,Associate / CC
148955,National Latino Education Institute,IL,8,3,2,2,2,-2,-2,-2,,0.0,,,,0,0,1,0,0,5,2-year/Associate,Other
148982,Spertus College,IL,2,1,2,2,9,24,24,51,,,,,,1,0,1,0,0,4,Less Selective (>75% or open),Bacc/Associate
148991,Spoon River College,IL,4,2,1,2,3,5,3,40,,,,,,0,1,0,0,0,5,2-year/Associate,Associate / CC
149028,Saint Anthony College of Nursing,IL,2,1,2,2,9,26,26,53,,,,,,1,0,1,0,0,4,Less Selective (>75% or open),Mixed Spec-Focus
149204,Educators of Beauty College of Cosmetology-Sterling,IL,9,3,3,2,2,-2,-2,-2,,,,,,0,0,0,1,0,5,2-year/Associate,Other
149222,Southern Illinois University-Carbondale,IL,1,1,1,2,9,16,16,15,0.9149524101934295,9771.0,580.0,560.0,27.0,1,1,0,0,0,4,Less Selective (>75% or open),R2 (high research)
149231,Southern Illinois University-Edwardsville,IL,1,1,1,2,9,17,17,21,0.9751206434316354,9325.0,590.0,570.0,26.0,1,1,0,0,0,4,Less Selective (>75% or open),Doctoral / Pro
149240,Southern Illinois University-System Office,IL,0,1,1,2,9,-2,-2,-2,,,,,,1,1,0,0,0,4,Less Selective (>75% or open),Other
149310,Taylor Business Institute,IL,6,2,3,2,3,8,7,40,0.7941176470588235,34.0,,,,0,0,0,1,0,5,2-year/Associate,Associate / CC
149329,Telshe Yeshiva-Chicago,IL,2,1,2,2,7,-2,24,51,0.9428571428571428,35.0,,,,1,0,1,0,0,4,Less Selective (>75% or open),Other
149365,South Suburban College,IL,4,2,1,2,3,3,6,40,,,,,,0,1,0,0,0,5,2-year/Associate,Associate / CC
149505,Trinity Christian College,IL,2,1,2,2,8,22,22,32,0.7067988668555241,706.0,550.0,560.0,29.0,1,0,1,0,0,3,Moderately Selective (50-75%),Bacc Diverse Fields
149514,Trinity International University-Illinois,IL,2,1,2,2,9,17,17,51,0.912568306010929,366.0,578.0,528.0,24.0,1,0,1,0,0,4,Less Selective (>75% or open),Doctoral / Pro
149532,Triton College,IL,4,2,1,2,3,6,6,40,,,,,,0,1,0,0,0,5,2-year/Associate,Associate / CC
149550,University of Spa & Cosmetology Arts,IL,9,3,3,2,2,-2,-2,-2,,,,,,0,0,0,1,0,5,2-year/Associate,Other
149587,University of Illinois System Offices,IL,0,1,1,2,9,-2,-2,-2,,,,,,1,1,0,0,0,4,Less Selective (>75% or open),Other
149639,VanderCook College of Music,IL,2,1,2,2,7,32,32,56,1.0,22.0,,,,1,0,1,0,0,4,Less Selective (>75% or open),Special Focus
149727,Waubonsee Community College,IL,4,2,1,2,3,6,9,40,,,,,,0,1,0,0,0,5,2-year/Associate,Associate / CC
149763,Oak Point University,IL,2,1,2,2,9,26,26,53,,,,,,1,0,1,0,0,4,Less Selective (>75% or open),Mixed Spec-Focus
149772,Western Illinois University,IL,1,1,1,2,9,18,18,21,0.7499728820913332,9219.0,,,,1,1,0,0,0,3,Moderately Selective (50-75%),Master's University
149781,Wheaton College,IL,2,1,2,2,9,21,21,31,0.884310618066561,1893.0,720.0,710.0,33.0,1,0,1,0,0,4,Less Selective (>75% or open),Bacc Arts & Sciences
149842,William Rainey Harper College,IL,4,2,1,2,3,3,3,40,,,,,,0,1,0,0,0,5,2-year/Associate,Associate / CC
150066,Anderson University,IN,2,1,2,2,9,20,19,22,0.5175406203840472,5416.0,610.0,610.0,25.0,1,0,1,0,0,3,Moderately Selective (50-75%),Master's University
150136,Ball State University,IN,1,1,1,2,9,16,16,16,0.6894877291220088,22859.0,640.0,620.0,28.0,1,1,0,0,0,3,Moderately Selective (50-75%),R2 (high research)
150145,Bethel University,IN,2,1,2,2,8,20,20,32,0.9946808510638298,752.0,460.0,460.0,,1,0,1,0,0,4,Less Selective (>75% or open),Master's University
150163,Butler University,IN,2,1,2,2,9,18,18,21,0.8206334976841476,13386.0,660.0,660.0,30.0,1,0,1,0,0,4,Less Selective (>75% or open),Master's University
150172,Calumet College of Saint Joseph,IN,2,1,2,2,7,20,20,32,,,,,,1,0,1,0,0,4,Less Selective (>75% or open),Master's University
150215,Christian Theological Seminary,IN,2,1,2,2,9,24,24,51,,,,,,1,0,1,0,0,4,Less Selective (>75% or open),Bacc/Associate
150251,College of Court Reporting Inc,IN,6,2,3,2,3,13,13,40,,,,,,0,0,0,1,0,5,2-year/Associate,Associate / CC
150288,Concordia Theological Seminary,IN,2,1,2,2,9,24,24,51,,,,,,1,0,1,0,0,4,Less Selective (>75% or open),Bacc/Associate
150303,Tricoci University of Beauty Culture-Highland,IN,9,3,3,2,2,-2,-2,-2,,,,,,0,0,0,1,0,5,2-year/Associate,Other
150400,DePauw University,IN,2,1,2,2,5,21,21,31,0.6580238262088297,5708.0,670.0,690.0,31.0,1,0,1,0,0,3,Moderately Selective (50-75%),Bacc Arts & Sciences
150428,Don Roberts School of Hair Design,IN,9,3,3,2,2,-2,-2,-2,,,,,,0,0,0,1,0,5,2-year/Associate,Other
150455,Earlham College,IN,2,1,2,2,7,21,21,31,0.7323636363636363,1375.0,710.0,670.0,32.0,1,0,1,0,0,3,Moderately Selective (50-75%),Bacc Arts & Sciences
150534,University of Evansville,IN,2,1,2,2,9,19,20,21,0.7632476688651353,4397.0,650.0,650.0,28.0,1,0,1,0,0,4,Less Selective (>75% or open),Master's University
150604,Franklin College,IN,2,1,2,2,7,21,21,32,0.9286125503742084,1737.0,590.0,580.0,25.0,1,0,1,0,0,4,Less Selective (>75% or open),Bacc Arts & Sciences
150668,Goshen College,IN,2,1,2,2,9,22,22,31,0.9354187689202825,991.0,620.0,590.0,29.0,1,0,1,0,0,4,Less Selective (>75% or open),Bacc Diverse Fields
150677,Grace College and Theological Seminary,IN,2,1,2,2,9,19,19,32,0.8462294276590518,4071.0,610.0,580.0,26.0,1,0,1,0,0,4,Less Selective (>75% or open),Master's University
150756,Hanover College,IN,2,1,2,2,9,21,21,31,0.7411358644493253,3187.0,650.0,620.0,29.0,1,0,1,0,0,3,Moderately Selective (50-75%),Bacc Arts & Sciences
150765,J Michael Harrold Beauty Academy,IN,9,3,3,2,2,-2,-2,-2,,,,,,0,0,0,1,0,5,2-year/Associate,Other
150774,Holy Cross College,IN,2,1,2,2,5,21,22,40,0.7616525423728814,944.0,703.0,670.0,,1,0,1,0,0,4,Less Selective (>75% or open),Bacc Arts & Sciences
150853,PJ's College of Cosmetology-Clarksville,IN,9,3,3,2,2,-2,-2,-2,,,,,,0,0,0,1,0,5,2-year/Associate,Other
150941,Huntington University,IN,2,1,2,2,9,20,20,32,0.7750455373406193,1098.0,610.0,600.0,26.0,1,0,1,0,0,4,Less Selective (>75% or open),Master's University
150987,Ivy Tech Community College,IN,4,2,1,2,3,6,6,40,,,,,,0,1,0,0,0,5,2-year/Associate,Associate / CC
151102,Purdue University Fort Wayne,IN,1,1,1,2,8,19,18,21,0.8065949085938835,5853.0,610.0,600.0,26.0,1,1,0,0,0,4,Less Selective (>75% or open),Master's University
151111,Indiana University-Indianapolis,IN,1,1,1,2,9,16,16,16,0.8288674298139029,15637.0,630.0,620.0,27.0,1,1,0,0,0,4,Less Selective (>75% or open),R2 (high research)
151263,University of Indianapolis,IN,2,1,2,2,9,17,17,21,0.7613739993920356,9869.0,,,,1,0,1,0,0,4,Less Selective (>75% or open),Doctoral / Pro
151290,Indiana Institute of Technology,IN,2,1,2,2,9,18,19,55,0.6466278414427954,5323.0,,,,1,0,1,0,0,3,Moderately Selective (50-75%),Master's University
151306,University of Southern Indiana,IN,1,1,1,2,9,18,18,21,0.9443535188216039,4277.0,620.0,620.0,26.0,1,1,0,0,0,4,Less Selective (>75% or open),Master's University
151324,Indiana State University,IN,1,1,1,2,9,17,17,16,0.9230478657384923,18531.0,,,,1,1,0,0,0,4,Less Selective (>75% or open),Doctoral / Pro
151333,Indiana University-Kokomo,IN,1,1,1,2,7,20,22,32,0.8575050709939148,1972.0,600.0,590.0,26.0,1,1,0,0,0,4,Less Selective (>75% or open),Master's University
151342,Indiana University-South Bend,IN,1,1,1,2,8,19,19,21,0.868824531516184,2348.0,590.0,600.0,22.0,1,1,0,0,0,4,Less Selective (>75% or open),Master's University
151351,Indiana University-Bloomington,IN,1,1,1,2,9,15,15,15,0.8241214057507987,50080.0,690.0,710.0,32.0,1,1,0,0,0,4,Less Selective (>75% or open),R1 (very high research)
151360,Indiana University-Northwest,IN,1,1,1,2,7,20,20,21,0.8031331592689295,1915.0,600.0,570.0,25.0,1,1,0,0,0,4,Less Selective (>75% or open),Master's University
151379,Indiana University-Southeast,IN,1,1,1,2,7,19,19,21,0.8523140925637025,1923.0,610.0,580.0,25.0,1,1,0,0,0,4,Less Selective (>75% or open),Master's University
151388,Indiana University-East,IN,1,1,1,2,7,20,20,32,0.7755359394703657,1586.0,610.0,590.0,26.0,1,1,0,0,0,4,Less Selective (>75% or open),Master's University
151467,International Business College-Indianapolis,IN,6,2,3,2,3,7,7,40,0.7175925925925926,216.0,,,,0,0,0,1,0,5,2-year/Associate,Associate / CC
151564,Taylor Institute of Cosmetology II,IN,9,3,3,2,2,-2,-2,-2,,,,,,0,0,0,1,0,5,2-year/Associate,Other
151607,Tricoci University of Beauty Culture-Lafayette,IN,9,3,3,2,2,-2,-2,-2,,,,,,0,0,0,1,0,5,2-year/Associate,Other
151661,Lincoln College of Technology-Indianapolis,IN,6,2,3,2,4,11,11,40,,,,,,0,0,0,1,0,5,2-year/Associate,Associate / CC
151777,Manchester University,IN,2,1,2,2,9,20,22,32,0.6638801811215604,2871.0,,,,1,0,1,0,0,3,Moderately Selective (50-75%),Master's University
151786,Marian University,IN,2,1,2,2,9,17,19,32,0.9384076114171257,1997.0,,,,1,0,1,0,0,4,Less Selective (>75% or open),Doctoral / Pro
151801,Indiana Wesleyan University-Marion,IN,2,1,2,2,9,20,20,21,0.8672072985301571,3946.0,600.0,590.0,27.0,1,0,1,0,0,4,Less Selective (>75% or open),Master's University
151810,Martin University,IN,2,1,2,2,7,21,22,32,,,,,,1,0,1,0,0,4,Less Selective (>75% or open),Bacc Arts & Sciences
151865,Anabaptist Mennonite Biblical Seminary,IN,2,1,2,2,9,24,24,51,,,,,,1,0,1,0,0,4,Less Selective (>75% or open),Bacc/Associate
151962,Mid-America College of Funeral Service,IN,2,1,2,2,5,30,32,40,,,,,,1,0,1,0,0,4,Less Selective (>75% or open),Special Focus
152044,West Michigan College of Barbering and Beauty,MI,6,2,3,2,4,-2,-2,-2,,,,,,0,0,0,1,0,5,2-year/Associate,Other
152080,University of Notre Dame,IN,2,1,2,2,9,15,15,15,0.12905051114715757,26509.0,760.0,790.0,35.0,1,0,1,0,0,1,Highly Selective (10-25%),R1 (very high research)
152099,Oakland City University,IN,2,1,2,2,9,17,22,22,0.5571913929784824,883.0,570.0,580.0,23.0,1,0,1,0,0,3,Moderately Selective (50-75%),Doctoral / Pro
152150,PJ's College of Cosmetology-Richmond,IN,9,3,3,2,2,-2,-2,-2,,,,,,0,0,0,1,0,5,2-year/Associate,Other
152275,Ravenscroft Beauty College,IN,9,3,3,2,2,-2,-2,-2,,,,,,0,0,0,1,0,5,2-year/Associate,Other
152309,Rogers Academy of Hair Design,IN,9,3,3,2,2,-2,-2,-2,,,,,,0,0,0,1,0,5,2-year/Associate,Other
152318,Rose-Hulman Institute of Technology,IN,2,1,2,2,7,28,27,54,0.7301935741368988,5011.0,720.0,763.0,33.0,1,0,1,0,0,3,Moderately Selective (50-75%),Other
152336,University of Saint Francis-Fort Wayne,IN,2,1,2,2,9,19,18,21,0.9805895039539899,1391.0,570.0,560.0,24.0,1,0,1,0,0,4,Less Selective (>75% or open),Master's University
152381,Saint Mary-of-the-Woods College,IN,2,1,2,2,9,20,20,32,0.7816683831101957,971.0,512.0,540.0,30.0,1,0,1,0,0,4,Less Selective (>75% or open),Master's University
152390,Saint Mary's College,IN,2,1,2,2,9,21,21,32,0.8389380530973451,2260.0,680.0,648.0,32.0,1,0,1,0,0,4,Less Selective (>75% or open),Bacc Arts & Sciences
152451,Saint Meinrad School of Theology,IN,2,1,2,2,8,24,24,51,,,,,,1,0,1,0,0,4,Less Selective (>75% or open),Bacc/Associate
152497,Saint Elizabeth School of Nursing,IN,5,2,2,2,4,-2,-2,-2,1.0,9.0,,,,0,0,1,0,0,5,2-year/Associate,Other
152530,Taylor University,IN,2,1,2,2,7,22,22,32,0.7460695569318723,2099.0,660.0,650.0,30.0,1,0,1,0,0,3,Moderately Selective (50-75%),Bacc Diverse Fields
152567,Trine University,IN,2,1,2,2,9,22,19,32,0.9188012295081968,3904.0,,,,1,0,1,0,0,4,Less Selective (>75% or open),Bacc Diverse Fields
152600,Valparaiso University,IN,2,1,2,2,9,17,17,21,0.9415375621163402,6842.0,680.0,680.0,30.0,1,0,1,0,0,4,Less Selective (>75% or open),Doctoral / Pro
152628,Vincennes Beauty College,IN,9,3,3,2,2,-2,-2,-2,,,,,,0,0,0,1,0,5,2-year/Associate,Other
152637,Vincennes University,IN,1,1,1,2,5,23,14,40,,,,,,1,1,0,0,0,4,Less Selective (>75% or open),Bacc Diverse Fields
152673,Wabash College,IN,2,1,2,2,5,21,21,31,0.6149425287356322,1914.0,650.0,670.0,30.0,1,0,1,0,0,3,Moderately Selective (50-75%),Bacc Arts & Sciences
152798,Allen College,IA,2,1,2,2,9,26,26,53,,0.0,,,,1,0,1,0,0,4,Less Selective (>75% or open),Mixed Spec-Focus
152992,Briar Cliff University,IA,2,1,2,2,9,17,22,32,,,,,,1,0,1,0,0,4,Less Selective (>75% or open),Doctoral / Pro
153001,Buena Vista University,IA,2,1,2,2,7,19,19,32,0.7727272727272727,1562.0,570.0,560.0,24.0,1,0,1,0,0,4,Less Selective (>75% or open),Master's University
153074,Capri College-Dubuque,IA,9,3,3,2,2,-2,-2,-2,,,,,,0,0,0,1,0,5,2-year/Associate,Other
153083,Capri College-Cedar Rapids,IA,9,3,3,2,2,-2,-2,-2,,,,,,0,0,0,1,0,5,2-year/Associate,Other
153108,Central College,IA,2,1,2,2,5,21,21,32,0.7923857868020304,1970.0,608.0,610.0,26.0,1,0,1,0,0,4,Less Selective (>75% or open),Bacc Arts & Sciences
153126,Clarke University,IA,2,1,2,2,9,17,17,32,0.8480300187617261,2665.0,590.0,570.0,23.0,1,0,1,0,0,4,Less Selective (>75% or open),Doctoral / Pro
153144,Coe College,IA,2,1,2,2,5,21,21,31,,,,,,1,0,1,0,0,4,Less Selective (>75% or open),Bacc Arts & Sciences
153162,Cornell College,IA,2,1,2,2,7,21,21,31,0.7932613673536146,3057.0,690.0,690.0,30.0,1,0,1,0,0,4,Less Selective (>75% or open),Bacc Arts & Sciences
153214,Des Moines Area Community College,IA,4,2,1,2,3,6,3,40,,,,,,0,1,0,0,0,5,2-year/Associate,Associate / CC
153241,Divine Word College,IA,2,1,2,2,5,21,24,51,,0.0,,,,1,0,1,0,0,4,Less Selective (>75% or open),Bacc Arts & Sciences
153250,Dordt University,IA,2,1,2,2,7,20,22,32,0.8766937669376694,1476.0,640.0,620.0,28.0,1,0,1,0,0,4,Less Selective (>75% or open),Master's University
153269,Drake University,IA,2,1,2,2,9,17,17,21,0.672311796775316,8621.0,670.0,670.0,30.0,1,0,1,0,0,3,Moderately Selective (50-75%),Doctoral / Pro
153278,University of Dubuque,IA,2,1,2,2,9,19,19,22,0.850538315389487,1579.0,,,,1,0,1,0,0,4,Less Selective (>75% or open),Master's University
153296,Ellsworth Community College,IA,4,2,1,2,3,4,1,40,,,,,,0,1,0,0,0,5,2-year/Associate,Associate / CC
153302,Emmaus Bible College,IA,2,1,2,2,5,22,24,51,1.0,70.0,,,27.0,1,0,1,0,0,4,Less Selective (>75% or open),Bacc Diverse Fields
153311,Eastern Iowa Community College District,IA,4,2,1,2,3,6,6,40,,,,,,0,1,0,0,0,5,2-year/Associate,Associate / CC
153320,Faith Baptist Bible College and Theological Seminary,IA,2,1,2,2,9,22,24,51,0.5244755244755245,286.0,630.0,600.0,23.0,1,0,1,0,0,4,Less Selective (>75% or open),Bacc Diverse Fields
153366,Graceland University-Lamoni,IA,2,1,2,2,9,18,18,32,0.7449030333167578,2011.0,,,,1,0,1,0,0,3,Moderately Selective (50-75%),Master's University
153375,Grand View University,IA,2,1,2,2,8,20,22,32,0.9840933191940615,1886.0,,,,1,0,1,0,0,4,Less Selective (>75% or open),Master's University
153384,Grinnell College,IA,2,1,2,2,5,21,21,31,0.10763228968690607,9997.0,750.0,780.0,34.0,1,0,1,0,0,1,Highly Selective (10-25%),Bacc Arts & Sciences
153427,Orion Technical College,IA,3,1,3,2,5,28,28,54,,,,,,1,0,0,1,0,4,Less Selective (>75% or open),Other
153445,Hawkeye Community College,IA,4,2,1,2,3,8,9,40,,,,,,0,1,0,0,0,5,2-year/Associate,Associate / CC
153463,American Hair Academy,IA,6,2,3,2,4,-2,-2,-2,,,,,,0,0,0,1,0,5,2-year/Associate,Other
153472,Indian Hills Community College,IA,4,2,1,2,3,8,6,40,,,,,,0,1,0,0,0,5,2-year/Associate,Associate / CC
153524,Iowa Central Community College,IA,4,2,1,2,3,5,6,40,,,,,,0,1,0,0,0,5,2-year/Associate,Associate / CC
153533,Iowa Lakes Community College,IA,4,2,1,2,3,8,6,40,,,,,,0,1,0,0,0,5,2-year/Associate,Associate / CC
153542,UnityPoint Health-Des Moines School of Radiologic Technology,IA,5,2,2,2,4,-2,-2,-2,,,,,,0,0,1,0,0,5,2-year/Associate,Other
153597,Iowa School of Beauty-Des Moines,IA,6,2,3,2,4,-2,-2,-2,,,,,,0,0,0,1,0,5,2-year/Associate,Other
153603,Iowa State University,IA,1,1,1,2,9,15,15,15,0.9022309411925726,21919.0,660.0,690.0,28.0,1,1,0,0,0,4,Less Selective (>75% or open),R1 (very high research)
153621,Iowa Wesleyan University,IA,2,1,2,2,7,22,22,32,0.8080672268907563,2975.0,490.0,520.0,22.0,1,0,1,0,0,4,Less Selective (>75% or open),Bacc Diverse Fields
153630,Iowa Western Community College,IA,4,2,1,2,3,6,6,40,,,,,,0,1,0,0,0,5,2-year/Associate,Associate / CC
153658,University of Iowa,IA,1,1,1,2,9,15,15,15,0.8600411986474407,25729.0,670.0,670.0,28.0,1,1,0,0,0,4,Less Selective (>75% or open),R1 (very high research)
153737,Kirkwood Community College,IA,4,2,1,2,3,8,6,40,,,,,,0,1,0,0,0,5,2-year/Associate,Associate / CC
153746,La James International College-Cedar Falls,IA,6,2,3,2,4,-2,-2,-2,,,,,,0,0,0,1,0,5,2-year/Associate,Other
153764,La James International College-Johnston,IA,6,2,3,2,4,-2,-2,-2,,,,,,0,0,0,1,0,5,2-year/Associate,Other
153773,La James College of Hairstyling and Cosmetology,IA,6,2,3,2,4,-2,-2,-2,,,,,,0,0,0,1,0,5,2-year/Associate,Other
153782,La James International College-Ft Dodge,IA,6,2,3,2,4,-2,-2,-2,,,,,,0,0,0,1,0,5,2-year/Associate,Other
153825,Loras College,IA,2,1,2,2,7,22,22,32,0.8983870967741936,1860.0,,,,1,0,1,0,0,4,Less Selective (>75% or open),Bacc Diverse Fields
153834,Luther College,IA,2,1,2,2,5,21,21,31,0.753199268738574,2188.0,640.0,690.0,29.0,1,0,1,0,0,4,Less Selective (>75% or open),Bacc Arts & Sciences
153861,Maharishi International University,IA,2,1,2,2,9,18,18,21,0.9428571428571428,70.0,,,,1,0,1,0,0,4,Less Selective (>75% or open),Master's University
153922,Marshalltown Community College,IA,4,2,1,2,3,6,6,40,,,,,,0,1,0,0,0,5,2-year/Associate,Associate / CC
153977,Mercy College of Health Sciences,IA,2,1,2,2,7,26,26,53,0.9671052631578947,152.0,,,,1,0,1,0,0,4,Less Selective (>75% or open),Mixed Spec-Focus
154004,Morningside University,IA,2,1,2,2,9,18,18,32,0.7060831781502173,3222.0,,,,1,0,1,0,0,3,Moderately Selective (50-75%),Master's University
154013,Mount Mercy University,IA,2,1,2,2,9,19,19,32,0.7527087316762269,1569.0,,,24.0,1,0,1,0,0,4,Less Selective (>75% or open),Master's University
154022,Ashford University,CA,3,1,3,2,9,17,18,31,,,,,,1,0,0,1,0,4,Less Selective (>75% or open),Doctoral / Pro
154059,North Iowa Area Community College,IA,4,2,1,2,3,5,6,40,,,,,,0,1,0,0,0,5,2-year/Associate,Associate / CC
154095,University of Northern Iowa,IA,1,1,1,2,9,18,18,21,0.9494993469743144,4594.0,680.0,650.0,26.0,1,1,0,0,0,4,Less Selective (>75% or open),Master's University
154101,Northwestern College,IA,2,1,2,2,7,19,22,32,0.8733031674208145,1105.0,,,,1,0,1,0,0,4,Less Selective (>75% or open),Master's University
154110,Northeast Iowa Community College,IA,4,2,1,2,3,9,9,40,,,,,,0,1,0,0,0,5,2-year/Associate,Associate / CC
154129,Northwest Iowa Community College,IA,4,2,1,2,3,9,9,40,,,,,,0,1,0,0,0,5,2-year/Associate,Associate / CC
154156,Des Moines University-Osteopathic Medical Center,IA,2,1,2,2,9,25,25,52,,,,,,1,0,1,0,0,4,Less Selective (>75% or open),Bacc/Associate
154174,Palmer College of Chiropractic,IA,2,1,2,2,9,26,26,53,,,,,,1,0,1,0,0,4,Less Selective (>75% or open),Mixed Spec-Focus
154208,PCI Academy-Ames,IA,6,2,3,2,4,-2,-2,-2,,,,,,0,0,0,1,0,5,2-year/Associate,Other
154235,Saint Ambrose University,IA,2,1,2,2,9,17,18,21,0.7392031206464196,3589.0,620.0,620.0,27.0,1,0,1,0,0,3,Moderately Selective (50-75%),Doctoral / Pro
154262,St Luke's College,IA,2,1,2,2,5,26,26,40,0.8,15.0,,,19.0,1,0,1,0,0,4,Less Selective (>75% or open),Mixed Spec-Focus
154332,La James International College-Davenport,IA,6,2,3,2,4,-2,-2,-2,,,,,,0,0,0,1,0,5,2-year/Associate,Other
154350,Simpson College,IA,2,1,2,2,7,22,21,32,0.8910133843212237,1569.0,,,33.0,1,0,1,0,0,4,Less Selective (>75% or open),Bacc Diverse Fields
154378,Southeastern Community College,IA,4,2,1,2,3,7,6,40,,,,,,0,1,0,0,0,5,2-year/Associate,Associate / CC
154396,Southwestern Community College,IA,4,2,1,2,3,5,6,40,,,,,,0,1,0,0,0,5,2-year/Associate,Associate / CC
154448,Capri College-Davenport,IA,9,3,3,2,2,-2,-2,-2,,,,,,0,0,0,1,0,5,2-year/Associate,Other
154457,Iowa School of Beauty-Sioux City,IA,6,2,3,2,4,-2,-2,-2,,,,,,0,0,0,1,0,5,2-year/Associate,Other
154466,SOHO Hair Academy,IA,6,2,3,2,4,-2,-2,-2,,,,,,0,0,0,1,0,5,2-year/Associate,Other
154493,Upper Iowa University,IA,2,1,2,2,8,18,18,32,0.5423487544483986,1405.0,540.0,510.0,24.0,1,0,1,0,0,3,Moderately Selective (50-75%),Master's University
154518,Waldorf University,IA,3,1,3,2,7,19,19,33,0.7386363636363636,1056.0,,,,1,0,0,1,0,3,Moderately Selective (50-75%),Master's University
154527,Wartburg College,IA,2,1,2,2,7,21,21,32,0.9744512414537604,2779.0,560.0,560.0,25.0,1,0,1,0,0,4,Less Selective (>75% or open),Bacc Arts & Sciences
154536,Wartburg Theological Seminary,IA,2,1,2,2,7,24,24,51,,,,,,1,0,1,0,0,4,Less Selective (>75% or open),Bacc/Associate
154545,The Salon Professional Academy-Cedar Falls,IA,9,3,3,2,2,-2,-2,-2,,,,,,0,0,0,1,0,5,2-year/Associate,Other
154572,Western Iowa Tech Community College,IA,4,2,1,2,3,9,9,40,,,,,,0,1,0,0,0,5,2-year/Associate,Associate / CC
154590,William Penn University,IA,2,1,2,2,7,22,22,32,0.5767405063291139,1264.0,540.0,540.0,21.0,1,0,1,0,0,3,Moderately Selective (50-75%),Bacc Diverse Fields
154642,Allen County Community College,KS,4,2,1,2,3,3,2,40,,,,,,0,1,0,0,0,5,2-year/Associate,Associate / CC
154688,Baker University,KS,2,1,2,2,9,17,17,21,0.9175257731958762,776.0,,,23.0,1,0,1,0,0,4,Less Selective (>75% or open),Doctoral / Pro
154697,Barton County Community College,KS,4,2,1,2,3,3,3,40,,,,,,0,1,0,0,0,5,2-year/Associate,Associate / CC
154712,Benedictine College,KS,2,1,2,2,7,22,22,22,0.9882556131260795,2895.0,690.0,670.0,28.0,1,0,1,0,0,4,Less Selective (>75% or open),Bacc Diverse Fields
154721,Bethany College,KS,2,1,2,2,5,22,22,32,0.6603237716557796,3521.0,500.0,520.0,22.0,1,0,1,0,0,3,Moderately Selective (50-75%),Bacc Diverse Fields
154749,Bethel College-North Newton,KS,2,1,2,2,5,22,22,32,0.9715242881072027,597.0,530.0,560.0,24.0,1,0,1,0,0,4,Less Selective (>75% or open),Bacc Diverse Fields
154800,Butler Community College,KS,4,2,1,2,4,1,1,40,,,,,,0,1,0,0,0,5,2-year/Associate,Associate / CC
154855,Central Christian College of Kansas,KS,2,1,2,2,7,22,22,33,,,,,,1,0,1,0,0,4,Less Selective (>75% or open),Bacc Diverse Fields
154907,Cloud County Community College,KS,4,2,1,2,3,6,3,40,,,,,,0,1,0,0,0,5,2-year/Associate,Associate / CC
154925,Coffeyville Community College,KS,4,2,1,2,3,1,3,40,,,,,,0,1,0,0,0,5,2-year/Associate,Associate / CC
154934,Colby Community College,KS,4,2,1,2,3,6,6,40,,,,,,0,1,0,0,0,5,2-year/Associate,Associate / CC
154952,Cowley County Community College,KS,4,2,1,2,3,6,1,40,,,,,,0,1,0,0,0,5,2-year/Associate,Associate / CC
154998,Dodge City Community College,KS,4,2,1,2,3,5,6,40,,,,,,0,1,0,0,0,5,2-year/Associate,Associate / CC
155007,Donnelly College,KS,2,1,2,2,5,23,23,40,,,,,,1,0,1,0,0,4,Less Selective (>75% or open),Bacc Diverse Fields
155025,Emporia State University,KS,1,1,1,2,9,18,18,21,0.9566630552546046,1846.0,,,24.0,1,1,0,0,0,4,Less Selective (>75% or open),Master's University
155052,Flint Hills Technical College,KS,4,2,1,2,3,9,9,-2,,,,,,0,1,0,0,0,5,2-year/Associate,Associate / CC
155061,Fort Hays State University,KS,1,1,1,2,9,18,18,21,0.8801969365426696,1828.0,590.0,600.0,24.0,1,1,0,0,0,4,Less Selective (>75% or open),Master's University
155070,Barclay College,KS,2,1,2,2,8,22,24,32,0.526829268292683,205.0,,,,1,0,1,0,0,4,Less Selective (>75% or open),Bacc Diverse Fields
155089,Friends University,KS,2,1,2,2,9,18,18,21,0.6327160493827161,1620.0,612.0,569.0,26.0,1,0,1,0,0,3,Moderately Selective (50-75%),Master's University
155098,Fort Scott Community College,KS,4,2,1,2,3,5,6,40,,,,,,0,1,0,0,0,5,2-year/Associate,Associate / CC
155104,Garden City Community College,KS,4,2,1,2,3,1,6,40,,,,,,0,1,0,0,0,5,2-year/Associate,Associate / CC
155140,Haskell Indian Nations University,KS,1,1,1,2,5,33,33,60,0.9330855018587361,269.0,,,,1,1,0,0,0,4,Less Selective (>75% or open),Tribal
155159,Hays Academy of Hair Design,KS,9,3,3,2,2,-2,-2,-2,,,,,,0,0,0,1,0,5,2-year/Associate,Other
155177,Hesston College,KS,2,1,2,2,5,23,23,40,,,,,,1,0,1,0,0,4,Less Selective (>75% or open),Bacc Diverse Fields
155186,Highland Community College,KS,4,2,1,2,4,6,3,40,,,,,,0,1,0,0,0,5,2-year/Associate,Associate / CC
155195,Hutchinson Community College,KS,4,2,1,2,3,6,6,40,,,,,,0,1,0,0,0,5,2-year/Associate,Associate / CC
155201,Independence Community College,KS,4,2,1,2,3,2,3,40,,,,,,0,1,0,0,0,5,2-year/Associate,Associate / CC
155210,Johnson County Community College,KS,4,2,1,2,3,3,3,40,,,,,,0,1,0,0,0,5,2-year/Associate,Associate / CC
155283,Concorde Career College-Kansas City,MO,3,1,3,2,5,26,26,40,0.9853300733496333,409.0,,,,1,0,0,1,0,4,Less Selective (>75% or open),Mixed Spec-Focus
155292,Kansas City Kansas Community College,KS,4,2,1,2,3,8,5,40,,,,,,0,1,0,0,0,5,2-year/Associate,Associate / CC
155308,Kansas Christian College,KS,2,1,2,2,7,23,24,-2,,,,,,1,0,1,0,0,4,Less Selective (>75% or open),Bacc Diverse Fields
155317,University of Kansas,KS,1,1,1,2,9,15,15,15,0.8784250802271044,16204.0,670.0,670.0,28.0,1,1,0,0,0,4,Less Selective (>75% or open),R1 (very high research)
155335,Newman University,KS,2,1,2,2,9,19,18,22,0.5103163686382394,1454.0,,,,1,0,1,0,0,3,Moderately Selective (50-75%),Master's University
155353,Old Town Barber College-Wichita,KS,9,3,3,2,2,-2,-2,-2,,,,,,0,0,0,1,0,5,2-year/Associate,Other
155399,Kansas State University,KS,1,1,1,2,9,15,15,15,0.9513702864207707,9706.0,,,,1,1,0,0,0,4,Less Selective (>75% or open),R1 (very high research)
155414,Kansas Wesleyan University,KS,2,1,2,2,7,22,22,32,0.696165191740413,1356.0,,,,1,0,1,0,0,3,Moderately Selective (50-75%),Bacc Diverse Fields
155423,Washburn Institute of Technology,KS,7,3,1,2,2,-2,-2,-2,0.4199395770392749,662.0,,,,0,1,0,0,0,5,2-year/Associate,Other
155450,Labette Community College,KS,4,2,1,2,3,5,8,40,,,,,,0,1,0,0,0,5,2-year/Associate,Associate / CC
155487,Manhattan Area Technical College,KS,4,2,1,2,3,9,9,-2,,,,,,0,1,0,0,0,5,2-year/Associate,Associate / CC
155496,Manhattan Christian College,KS,2,1,2,2,5,24,24,51,0.47959183673469385,98.0,,,23.0,1,0,1,0,0,4,Less Selective (>75% or open),Bacc/Associate
155511,McPherson College,KS,2,1,2,2,7,22,22,32,0.6588235294117647,1445.0,570.0,550.0,23.0,1,0,1,0,0,3,Moderately Selective (50-75%),Bacc Diverse Fields
155520,MidAmerica Nazarene University,KS,2,1,2,2,8,19,19,22,0.6681776971894833,1103.0,540.0,578.0,24.0,1,0,1,0,0,3,Moderately Selective (50-75%),Master's University
155566,Neosho County Community College,KS,4,2,1,2,3,8,9,40,,,,,,0,1,0,0,0,5,2-year/Associate,Associate / CC
155593,North Central Kansas Technical College,KS,4,2,1,2,3,8,8,40,,,,,,0,1,0,0,0,5,2-year/Associate,Associate / CC
155618,Northwest Kansas Technical College,KS,4,2,1,2,3,8,9,-2,,,,,,0,1,0,0,0,5,2-year/Associate,Associate / CC
155627,Ottawa University-Ottawa,KS,2,1,2,2,9,22,22,32,0.7823476433503452,3331.0,540.0,560.0,23.0,1,0,1,0,0,4,Less Selective (>75% or open),Bacc Diverse Fields
155636,Ottawa University-Kansas City,KS,2,1,2,2,8,20,22,-2,,,,,,1,0,1,0,0,4,Less Selective (>75% or open),Master's University
155681,Pittsburg State University,KS,1,1,1,2,9,18,18,21,0.8618470855412567,2642.0,,,24.0,1,1,0,0,0,4,Less Selective (>75% or open),Master's University
155715,Pratt Community College,KS,4,2,1,2,3,6,6,40,,,,,,0,1,0,0,0,5,2-year/Associate,Associate / CC
155812,University of Saint Mary,KS,2,1,2,2,9,19,19,21,0.8193418401611821,1489.0,548.0,518.0,23.0,1,0,1,0,0,4,Less Selective (>75% or open),Master's University
155830,Salina Area Technical College,KS,4,2,1,2,3,9,9,-2,,,,,,0,1,0,0,0,5,2-year/Associate,Associate / CC
155858,Seward County Community College,KS,4,2,1,2,3,8,7,40,,,,,,0,1,0,0,0,5,2-year/Associate,Associate / CC
155900,Southwestern College,KS,2,1,2,2,9,22,19,32,0.7016129032258065,1240.0,610.0,610.0,22.0,1,0,1,0,0,3,Moderately Selective (50-75%),Bacc Diverse Fields
155937,Sterling College,KS,2,1,2,2,7,22,22,32,0.6110260336906586,1959.0,545.0,578.0,24.0,1,0,1,0,0,3,Moderately Selective (50-75%),Bacc Diverse Fields
155973,Tabor College,KS,2,1,2,2,7,22,22,32,0.5271164021164021,1512.0,560.0,540.0,24.0,1,0,1,0,0,3,Moderately Selective (50-75%),Bacc Diverse Fields
156082,Washburn University,KS,1,1,1,2,9,19,17,21,,,,,,1,1,0,0,0,4,Less Selective (>75% or open),Master's University
156107,Wichita State University-Campus of Applied Sciences and Technology,KS,4,2,1,2,3,9,9,-2,,,,,,0,1,0,0,0,5,2-year/Associate,Associate / CC
156125,Wichita State University,KS,1,1,1,2,9,16,16,16,0.9485335430947297,8899.0,630.0,630.0,26.0,1,1,0,0,0,4,Less Selective (>75% or open),R2 (high research)
156134,Wichita Technical Institute,KS,9,3,3,2,2,11,11,-2,,,,,,0,0,0,1,0,5,2-year/Associate,Associate / CC
156189,Alice Lloyd College,KY,2,1,2,2,5,22,22,32,0.9833164812942367,1978.0,,,22.0,1,0,1,0,0,4,Less Selective (>75% or open),Bacc Diverse Fields
156213,Asbury University,KY,2,1,2,2,8,20,20,32,0.7873303167420814,1105.0,,,,1,0,1,0,0,4,Less Selective (>75% or open),Master's University
156222,Asbury Theological Seminary,KY,2,1,2,2,9,24,24,51,,,,,,1,0,1,0,0,4,Less Selective (>75% or open),Bacc/Associate
156231,Ashland Community and Technical College,KY,4,2,1,2,4,8,7,40,,,,,,0,1,0,0,0,5,2-year/Associate,Associate / CC
156286,Bellarmine University,KY,2,1,2,2,9,17,17,21,0.8777720474471377,3878.0,630.0,660.0,27.0,1,0,1,0,0,4,Less Selective (>75% or open),Doctoral / Pro
156295,Berea College,KY,2,1,2,2,5,21,21,32,0.2458276950834461,2217.0,673.0,625.0,27.0,1,0,1,0,0,1,Highly Selective (10-25%),Bacc Arts & Sciences
156310,PJ's College of Cosmetology-Bowling Green,KY,9,3,3,2,2,-2,-2,-2,,,,,,0,0,0,1,0,5,2-year/Associate,Other
156338,Southcentral Kentucky Community and Technical College,KY,4,2,1,2,4,5,5,-2,,,,,,0,1,0,0,0,5,2-year/Associate,Associate / CC
156356,Brescia University,KY,2,1,2,2,7,22,22,32,0.5036157024793388,1936.0,,,,1,0,1,0,0,3,Moderately Selective (50-75%),Bacc Diverse Fields
156365,Campbellsville University,KY,2,1,2,2,9,18,18,22,,,,,,1,0,1,0,0,4,Less Selective (>75% or open),Master's University
156392,Bluegrass Community and Technical College,KY,4,2,1,2,4,4,4,-2,,,,,,0,1,0,0,0,5,2-year/Associate,Associate / CC
156408,Centre College,KY,2,1,2,2,5,21,21,31,0.6284875183553598,2724.0,710.0,760.0,32.0,1,0,1,0,0,3,Moderately Selective (50-75%),Bacc Arts & Sciences
156417,Clear Creek Baptist Bible College,KY,2,1,2,2,7,24,24,51,,,,,,1,0,1,0,0,4,Less Selective (>75% or open),Bacc/Associate
156426,Paul Mitchell the School-Lexington,KY,9,3,3,2,2,-2,-2,-2,,,,,,0,0,0,1,0,5,2-year/Associate,Other
156471,Galen College of Nursing-Louisville,KY,3,1,3,2,7,26,26,-2,,,,,,1,0,0,1,0,4,Less Selective (>75% or open),Mixed Spec-Focus
156541,University of the Cumberlands,KY,2,1,2,2,9,17,17,22,0.8301642178046672,2314.0,590.0,570.0,23.0,1,0,1,0,0,4,Less Selective (>75% or open),Doctoral / Pro
156620,Eastern Kentucky University,KY,1,1,1,2,9,17,18,21,0.6430693382213514,15821.0,590.0,595.0,24.0,1,1,0,0,0,3,Moderately Selective (50-75%),Doctoral / Pro
156648,Elizabethtown Community and Technical College,KY,4,2,1,2,4,6,6,40,,,,,,0,1,0,0,0,5,2-year/Associate,Associate / CC
156727,Frontier Nursing University,KY,2,1,2,2,9,26,26,-2,,,,,,1,0,1,0,0,4,Less Selective (>75% or open),Mixed Spec-Focus
156745,Georgetown College,KY,2,1,2,2,7,21,21,31,0.7152448657187994,2532.0,610.0,620.0,24.0,1,0,1,0,0,3,Moderately Selective (50-75%),Bacc Arts & Sciences
156754,PJ's College of Cosmetology-Glasgow,KY,9,3,3,2,2,-2,-2,-2,,,,,,0,0,0,1,0,5,2-year/Associate,Other
156790,Hazard Community and Technical College,KY,4,2,1,2,4,9,6,40,,,,,,0,1,0,0,0,5,2-year/Associate,Associate / CC
156842,Paul Mitchell the School-Louisville,KY,9,3,3,2,2,-2,-2,-2,,,,,,0,0,0,1,0,5,2-year/Associate,Other
156851,Henderson Community College,KY,4,2,1,2,3,5,5,40,,,,,,0,1,0,0,0,5,2-year/Associate,Associate / CC
156860,Hopkinsville Community College,KY,4,2,1,2,3,5,2,40,,,,,,0,1,0,0,0,5,2-year/Associate,Associate / CC
156921,Jefferson Community and Technical College,KY,4,2,1,2,4,6,2,40,,,,,,0,1,0,0,0,5,2-year/Associate,Associate / CC
156967,Summit Salon Academy-Lexington,KY,9,3,3,2,2,-2,-2,-2,,,,,,0,0,0,1,0,5,2-year/Associate,Other
157021,American National University-Pikeville,KY,3,1,3,2,7,26,14,40,,,,,,1,0,0,1,0,4,Less Selective (>75% or open),Mixed Spec-Focus
157030,Kentucky Mountain Bible College,KY,2,1,2,2,5,21,24,51,0.45,60.0,,,23.0,1,0,1,0,0,4,Less Selective (>75% or open),Bacc Arts & Sciences
157058,Kentucky State University,KY,1,1,1,1,9,22,22,22,0.9149825783972125,2870.0,500.0,478.0,20.0,1,1,0,0,1,4,Less Selective (>75% or open),Bacc Diverse Fields
157076,Kentucky Wesleyan College,KY,2,1,2,2,5,22,22,32,0.6854951185495118,1434.0,600.0,610.0,23.0,1,0,1,0,0,3,Moderately Selective (50-75%),Bacc Diverse Fields
157085,University of Kentucky,KY,1,1,1,2,9,15,15,15,0.9488895924736532,22109.0,650.0,640.0,28.0,1,1,0,0,0,4,Less Selective (>75% or open),R1 (very high research)
157100,Kentucky Christian University,KY,2,1,2,2,7,22,22,32,0.4438943894389439,606.0,445.0,445.0,21.0,1,0,1,0,0,2,Selective (25-50%),Bacc Diverse Fields
157207,Lexington Theological Seminary,KY,2,1,2,2,9,24,24,51,,,,,,1,0,1,0,0,4,Less Selective (>75% or open),Bacc/Associate
157216,Lindsey Wilson College,KY,2,1,2,2,9,18,18,31,,,,,,1,0,1,0,0,4,Less Selective (>75% or open),Master's University
157289,University of Louisville,KY,1,1,1,2,9,15,15,15,0.8154184452205406,15462.0,640.0,630.0,27.0,1,1,0,0,0,4,Less Selective (>75% or open),R1 (very high research)
157298,Louisville Presbyterian Theological Seminary,KY,2,1,2,2,9,24,24,51,,,,,,1,0,1,0,0,4,Less Selective (>75% or open),Bacc/Associate
157304,Madisonville Community College,KY,4,2,1,2,3,9,6,40,,,,,,0,1,0,0,0,5,2-year/Associate,Associate / CC
157331,Maysville Community and Technical College,KY,4,2,1,2,4,8,8,40,,,,,,0,1,0,0,0,5,2-year/Associate,Associate / CC
157377,Midway University,KY,2,1,2,2,7,20,20,33,0.9375591296121097,1057.0,580.0,550.0,26.0,1,0,1,0,0,4,Less Selective (>75% or open),Master's University
157386,Morehead State University,KY,1,1,1,2,9,18,18,21,0.8397168499557578,7911.0,,,,1,1,0,0,0,4,Less Selective (>75% or open),Master's University
157401,Murray State University,KY,1,1,1,2,9,18,18,21,0.8398205053165545,10251.0,600.0,590.0,26.0,1,1,0,0,0,4,Less Selective (>75% or open),Master's University
157438,Gateway Community and Technical College,KY,4,2,1,2,4,8,5,-2,,,,,,0,1,0,0,0,5,2-year/Associate,Associate / CC
157447,Northern Kentucky University,KY,1,1,1,2,9,17,17,21,0.8601013758146271,6905.0,600.0,690.0,25.0,1,1,0,0,0,4,Less Selective (>75% or open),Doctoral / Pro
157483,West Kentucky Community and Technical College,KY,4,2,1,2,4,8,6,40,,,,,,0,1,0,0,0,5,2-year/Associate,Associate / CC
157535,University of Pikeville,KY,2,1,2,2,9,17,21,32,,,,,,1,0,1,0,0,4,Less Selective (>75% or open),Doctoral / Pro
157553,Big Sandy Community and Technical College,KY,4,2,1,2,4,4,5,40,,,,,,0,1,0,0,0,5,2-year/Associate,Associate / CC
157614,Empire Beauty School-Chenoweth,KY,9,3,3,2,2,-2,-2,-2,,,,,,0,0,0,1,0,5,2-year/Associate,Other
157650,Empire Beauty School-Elizabethtown,KY,9,3,3,2,2,-2,-2,-2,,,,,,0,0,0,1,0,5,2-year/Associate,Other
157669,Empire Beauty School-Dixie,KY,9,3,3,2,2,-2,-2,-2,,,,,,0,0,0,1,0,5,2-year/Associate,Other
157678,Empire Beauty School-Florence,KY,9,3,3,2,2,-2,-2,-2,,,,,,0,0,0,1,0,5,2-year/Associate,Other
157711,Somerset Community College,KY,4,2,1,2,4,7,7,40,,,,,,0,1,0,0,0,5,2-year/Associate,Associate / CC
157739,Southeast Kentucky Community & Technical College,KY,4,2,1,2,4,5,2,40,,,,,,0,1,0,0,0,5,2-year/Associate,Associate / CC
157748,The Southern Baptist Theological Seminary,KY,2,1,2,2,9,24,24,51,0.8722826086956522,368.0,610.0,568.0,25.0,1,0,1,0,0,4,Less Selective (>75% or open),Bacc/Associate
157757,Spalding University,KY,2,1,2,2,9,18,17,21,0.9763888888888889,720.0,555.0,550.0,22.0,1,0,1,0,0,4,Less Selective (>75% or open),Master's University
157793,Sullivan University,KY,3,1,3,2,9,18,18,33,,,,,,1,0,0,1,0,4,Less Selective (>75% or open),Master's University
157809,Thomas More University,KY,2,1,2,2,7,20,19,32,0.9424460431654677,2919.0,618.0,638.0,25.0,1,0,1,0,0,4,Less Selective (>75% or open),Master's University
157818,Transylvania University,KY,2,1,2,2,5,21,21,31,0.9079169006176305,1781.0,700.0,660.0,29.0,1,0,1,0,0,4,Less Selective (>75% or open),Bacc Arts & Sciences
157854,Kentucky Community and Technical College System,KY,0,2,1,2,4,-2,-2,-2,,,,,,0,1,0,0,0,5,2-year/Associate,Other
157863,Union College,KY,2,1,2,2,8,20,20,58,0.5341506129597198,1142.0,,,21.0,1,0,1,0,0,3,Moderately Selective (50-75%),Master's University
157951,Western Kentucky University,KY,1,1,1,2,9,17,17,21,0.9694870086608928,7505.0,590.0,580.0,25.0,1,1,0,0,0,4,Less Selective (>75% or open),Doctoral / Pro
158088,Central Louisiana Technical Community College,LA,4,2,1,2,4,13,13,40,,,,,,0,1,0,0,0,5,2-year/Associate,Associate / CC
158246,Ayers Career College,LA,9,3,3,2,2,-2,-2,-2,,,,,,0,0,0,1,0,5,2-year/Associate,Other
158325,Baton Rouge General Medical Center School of Nursing & School of Radiologic Technology,LA,5,2,2,2,4,-2,-2,-2,,,,,,0,0,1,0,0,5,2-year/Associate,Other
158431,Bossier Parish Community College,LA,4,2,1,2,4,4,4,40,,,,,,0,1,0,0,0,5,2-year/Associate,Associate / CC
158477,Centenary College of Louisiana,LA,2,1,2,2,7,21,21,21,0.636523266022827,1139.0,650.0,610.0,27.0,1,0,1,0,0,3,Moderately Selective (50-75%),Bacc Arts & Sciences
158538,Cloyd's Beauty School 1 Inc,LA,9,3,3,2,2,-2,-2,-2,,,,,,0,0,0,1,0,5,2-year/Associate,Other
158617,Crescent City Bartending School,LA,9,3,3,2,1,-2,-2,-2,,,,,,0,0,0,1,0,5,2-year/Associate,Other
158662,Delgado Community College,LA,4,2,1,2,4,4,4,40,,,,,,0,1,0,0,0,5,2-year/Associate,Associate / CC
158778,Avery James College,LA,9,3,3,2,2,-2,-2,-2,,,,,,0,0,0,1,0,5,2-year/Associate,Other
158787,Denham Springs Beauty School,LA,9,3,3,2,2,-2,-2,-2,,,,,,0,0,0,1,0,5,2-year/Associate,Other
158802,Dillard University,LA,2,1,2,1,7,21,21,32,0.7988915281076802,5052.0,593.0,583.0,25.0,1,0,1,0,1,4,Less Selective (>75% or open),Bacc Arts & Sciences
158884,Nunez Community College,LA,4,2,1,2,4,8,9,40,,,,,,0,1,0,0,0,5,2-year/Associate,Associate / CC
159009,Grambling State University,LA,1,1,1,1,9,18,18,21,0.42368617219530375,10732.0,510.0,480.0,19.0,1,1,0,0,1,2,Selective (25-50%),Master's University
159027,Belbo Beauty Institute,LA,9,3,3,2,2,-2,-2,-2,,,,,,0,0,0,1,0,5,2-year/Associate,Other
159197,ITI Technical College,LA,6,2,3,2,3,11,11,40,,,,,,0,0,0,1,0,5,2-year/Associate,Associate / CC
159328,John Jay Beauty College,LA,9,3,3,2,2,-2,-2,-2,,,,,,0,0,0,1,0,5,2-year/Associate,Other
159373,Louisiana State University Health Sciences Center-New Orleans,LA,1,1,1,2,9,25,25,52,,,,,,1,1,0,0,0,4,Less Selective (>75% or open),Bacc/Associate
159382,Louisiana State University-Alexandria,LA,1,1,1,2,5,22,21,40,0.576725025746653,2913.0,560.0,550.0,22.0,1,1,0,0,0,3,Moderately Selective (50-75%),Bacc Diverse Fields
159391,Louisiana State University and Agricultural & Mechanical College,LA,1,1,1,2,9,15,15,15,0.7571873471803979,38853.0,660.0,660.0,28.0,1,1,0,0,0,4,Less Selective (>75% or open),R1 (very high research)
159407,Louisiana State University-Eunice,LA,4,2,1,2,3,7,4,40,,,,,,0,1,0,0,0,5,2-year/Associate,Associate / CC
159416,Louisiana State University-Shreveport,LA,1,1,1,2,9,18,18,21,0.8891170431211499,974.0,600.0,540.0,24.0,1,1,0,0,0,4,Less Selective (>75% or open),Master's University
159513,Aveda Arts & Sciences Institute-Baton Rouge,LA,9,3,3,2,2,-2,-2,-2,,,,,,0,0,0,1,0,5,2-year/Associate,Other
159522,Aveda Arts & Sciences Institute-Lafayette,LA,9,3,3,2,2,-2,-2,-2,,,,,,0,0,0,1,0,5,2-year/Associate,Other
159531,Louisiana Academy of Beauty,LA,9,3,3,2,2,-2,-2,-2,,,,,,0,0,0,1,0,5,2-year/Associate,Other
159568,Louisiana Christian University,LA,2,1,2,2,7,20,20,32,0.7461139896373057,579.0,590.0,600.0,23.0,1,0,1,0,0,3,Moderately Selective (50-75%),Master's University
159601,Opelousas School of Cosmetology,LA,9,3,3,2,2,-2,-2,-2,,,,,,0,0,0,1,0,5,2-year/Associate,Other
159647,Louisiana Tech University,LA,1,1,1,2,9,16,16,16,0.6236998025016458,7595.0,630.0,650.0,27.0,1,1,0,0,0,3,Moderately Selective (50-75%),R2 (high research)
159656,Loyola University New Orleans,LA,2,1,2,2,9,17,17,21,0.7810626702997275,7340.0,,,,1,0,1,0,0,4,Less Selective (>75% or open),Doctoral / Pro
159717,McNeese State University,LA,1,1,1,2,9,18,18,21,0.7124366910523354,3554.0,570.0,610.0,24.0,1,1,0,0,0,3,Moderately Selective (50-75%),Master's University
159939,University of New Orleans,LA,1,1,1,2,9,16,16,16,0.6976425438596491,7296.0,610.0,580.0,24.0,1,1,0,0,0,3,Moderately Selective (50-75%),R2 (high research)
159948,New Orleans Baptist Theological Seminary,LA,2,1,2,2,9,24,-2,51,,,,,,1,0,1,0,0,4,Less Selective (>75% or open),Bacc/Associate
159966,Nicholls State University,LA,1,1,1,2,8,19,18,21,0.9842726081258192,2289.0,600.0,530.0,24.0,1,1,0,0,0,4,Less Selective (>75% or open),Master's University
159993,University of Louisiana at Monroe,LA,1,1,1,2,9,17,17,21,0.7011387404136649,4303.0,590.0,730.0,25.0,1,1,0,0,0,3,Moderately Selective (50-75%),Doctoral / Pro
160010,Northwest Louisiana Technical Community College,LA,4,2,1,2,3,11,11,40,,,,,,0,1,0,0,0,5,2-year/Associate,Associate / CC
160038,Northwestern State University of Louisiana,LA,1,1,1,2,9,18,18,21,0.9793317258008957,2903.0,565.0,570.0,23.0,1,1,0,0,0,4,Less Selective (>75% or open),Master's University
160065,University of Holy Cross,LA,2,1,2,2,9,20,20,32,0.8735005452562704,917.0,,,,1,0,1,0,0,4,Less Selective (>75% or open),Master's University
160074,Franciscan Missionaries of Our Lady University,LA,2,1,2,2,9,26,26,53,0.8478260869565217,184.0,,,24.0,1,0,1,0,0,4,Less Selective (>75% or open),Mixed Spec-Focus
160117,Pat Goins Beauty Schools formerly Paul Mitchell the School-Shreveport,LA,9,3,3,2,2,-2,-2,-2,,,,,,0,0,0,1,0,5,2-year/Associate,Other
160126,Celebrity Stylist Beauty School,LA,9,3,3,2,2,-2,-2,-2,,,,,,0,0,0,1,0,5,2-year/Associate,Other
160199,Pineville Beauty School,LA,9,3,3,2,2,-2,-2,-2,,,,,,0,0,0,1,0,5,2-year/Associate,Other
160320,Aveda Arts & Sciences Institute-Covington,LA,9,3,3,2,2,-2,-2,-2,,,,,,0,0,0,1,0,5,2-year/Associate,Other
160409,Saint Joseph Seminary College,LA,2,1,2,2,5,24,24,51,,,,,,1,0,1,0,0,4,Less Selective (>75% or open),Bacc/Associate
160472,LaSalle Tech,LA,9,3,3,2,2,-2,-2,-2,,,,,,0,0,0,1,0,5,2-year/Associate,Other
160481,Fletcher Technical Community College,LA,4,2,1,2,4,4,8,40,,,,,,0,1,0,0,0,5,2-year/Associate,Associate / CC
160524,Remington College-Lafayette Campus,LA,5,2,2,2,3,8,8,40,,,,,,0,0,1,0,0,5,2-year/Associate,Associate / CC
160533,Southern University-Board and System,LA,0,1,1,2,9,-2,-2,-2,,,,,,1,1,0,0,0,4,Less Selective (>75% or open),Other
160579,SOWELA Technical Community College,LA,4,2,1,2,4,7,11,40,,,,,,0,1,0,0,0,5,2-year/Associate,Associate / CC
160597,Stevensons Academy of Hair Design,LA,9,3,3,2,2,-2,-2,-2,,,,,,0,0,0,1,0,5,2-year/Associate,Other
160612,Southeastern Louisiana University,LA,1,1,1,2,9,18,18,21,0.989768774299161,4887.0,,,24.0,1,1,0,0,0,4,Less Selective (>75% or open),Master's University
160621,Southern University and A & M College,LA,1,1,1,1,9,16,18,21,0.5389763408426808,10609.0,510.0,490.0,19.0,1,1,0,0,1,3,Moderately Selective (50-75%),R2 (high research)
160630,Southern University at New Orleans,LA,1,1,1,1,7,19,19,22,0.9353448275862069,928.0,,,18.0,1,1,0,0,1,4,Less Selective (>75% or open),Master's University
160649,Southern University at Shreveport,LA,4,2,1,1,3,9,8,40,,,,,,0,1,0,0,1,5,2-year/Associate,Associate / CC
160658,University of Louisiana at Lafayette,LA,1,1,1,2,9,15,16,16,0.745575221238938,11752.0,,,,1,1,0,0,0,3,Moderately Selective (50-75%),R1 (very high research)
160667,Northshore Technical Community College,LA,4,2,1,2,3,8,9,40,,,,,,0,1,0,0,0,5,2-year/Associate,Associate / CC
160755,Tulane University of Louisiana,LA,2,1,2,2,9,15,15,15,0.11453424007591333,31615.0,750.0,760.0,33.0,1,0,1,0,0,1,Highly Selective (10-25%),R1 (very high research)
160904,Xavier University of Louisiana,LA,2,1,2,1,9,19,20,21,0.9516074065659434,8803.0,580.0,580.0,25.0,1,0,1,0,1,4,Less Selective (>75% or open),Master's University
160959,College of the Atlantic,ME,2,1,2,2,7,21,21,31,0.6008230452674898,486.0,,,,1,0,1,0,0,4,Less Selective (>75% or open),Bacc Arts & Sciences
160977,Bates College,ME,2,1,2,2,5,21,21,31,0.13743502961440832,8273.0,750.0,770.0,33.0,1,0,1,0,0,1,Highly Selective (10-25%),Bacc Arts & Sciences
160995,Beal University,ME,3,1,3,2,7,7,7,40,,,,,,1,0,0,1,0,4,Less Selective (>75% or open),Associate / CC
161004,Bowdoin College,ME,2,1,2,2,5,21,21,31,0.09193686006825938,9376.0,770.0,790.0,35.0,1,0,1,0,0,0,Elite (<10%),Bacc Arts & Sciences
161022,Maine College of Health Professions,ME,2,1,2,2,5,26,10,40,0.5625,16.0,,,,1,0,1,0,0,4,Less Selective (>75% or open),Mixed Spec-Focus
161077,Central Maine Community College,ME,4,2,1,2,3,4,4,40,,,,,,0,1,0,0,0,5,2-year/Associate,Associate / CC
161086,Colby College,ME,2,1,2,2,5,21,21,31,0.07613972764949674,16890.0,750.0,790.0,34.0,1,0,1,0,0,0,Elite (<10%),Bacc Arts & Sciences
161138,Eastern Maine Community College,ME,4,2,1,2,3,8,8,40,,,,,,0,1,0,0,0,5,2-year/Associate,Associate / CC
161192,Kennebec Valley Community College,ME,4,2,1,2,3,8,8,40,,,,,,0,1,0,0,0,5,2-year/Associate,Associate / CC
161208,The Landing School,ME,5,2,2,2,3,11,11,-2,,,,,,0,0,1,0,0,5,2-year/Associate,Associate / CC
161217,University of Maine at Augusta,ME,1,1,1,2,7,22,22,33,,,,,,1,1,0,0,0,4,Less Selective (>75% or open),Bacc Diverse Fields
161226,University of Maine at Farmington,ME,1,1,1,2,7,22,22,32,0.9417199715707179,1407.0,640.0,605.0,,1,1,0,0,0,4,Less Selective (>75% or open),Bacc Diverse Fields
161235,University of Maine at Fort Kent,ME,1,1,1,2,7,22,22,32,0.9924098671726755,527.0,,,,1,1,0,0,0,4,Less Selective (>75% or open),Bacc Diverse Fields
161253,University of Maine,ME,1,1,1,2,9,15,16,15,0.9396178683176886,15021.0,670.0,660.0,30.0,1,1,0,0,0,4,Less Selective (>75% or open),R1 (very high research)
161280,University of Maine-System Central Office,ME,0,1,1,2,9,-2,-2,-2,,,,,,1,1,0,0,0,4,Less Selective (>75% or open),Other
161299,Maine Maritime Academy,ME,1,1,1,2,7,22,22,59,0.5764604810996563,1164.0,650.0,625.0,29.0,1,1,0,0,0,3,Moderately Selective (50-75%),Bacc Diverse Fields
161341,University of Maine at Presque Isle,ME,1,1,1,2,7,22,22,31,0.9699453551912568,732.0,,,,1,1,0,0,0,4,Less Selective (>75% or open),Bacc Diverse Fields
161457,University of New England,ME,2,1,2,2,9,16,16,22,0.9627605747824327,4941.0,,,,1,0,1,0,0,4,Less Selective (>75% or open),R2 (high research)
161484,Northern Maine Community College,ME,4,2,1,2,3,8,8,40,,,,,,0,1,0,0,0,5,2-year/Associate,Associate / CC
161493,Empire Beauty School-Maine,ME,9,3,3,2,2,-2,-2,-2,,,,,,0,0,0,1,0,5,2-year/Associate,Other
161509,Maine College of Art & Design,ME,2,1,2,2,7,30,30,56,0.7395993836671803,649.0,,,,1,0,1,0,0,3,Moderately Selective (50-75%),Special Focus
161518,Saint Joseph's College of Maine,ME,2,1,2,2,8,18,18,22,0.8084239130434783,1472.0,570.0,550.0,,1,0,1,0,0,4,Less Selective (>75% or open),Master's University
161527,Spa Tech Institute-Westbrook,ME,9,3,3,2,2,-2,-2,-2,,,,,,0,0,0,1,0,5,2-year/Associate,Other
161545,Southern Maine Community College,ME,4,2,1,2,3,5,5,40,,,,,,0,1,0,0,0,5,2-year/Associate,Associate / CC
161554,University of Southern Maine,ME,1,1,1,2,9,18,18,21,0.8542568542568543,5544.0,630.0,590.0,26.0,1,1,0,0,0,4,Less Selective (>75% or open),Master's University
161563,Thomas College,ME,2,1,2,2,7,20,20,55,0.9723820483314154,869.0,,,,1,0,1,0,0,4,Less Selective (>75% or open),Master's University
161572,Unity Environmental University,ME,2,1,2,2,7,20,22,32,0.9431242078580482,6312.0,,,,1,0,1,0,0,4,Less Selective (>75% or open),Master's University
161581,Washington County Community College,ME,4,2,1,2,3,7,7,40,,,,,,0,1,0,0,0,5,2-year/Associate,Associate / CC
161688,Allegany College of Maryland,MD,4,2,1,2,3,7,7,40,,,,,,0,1,0,0,0,5,2-year/Associate,Associate / CC
161767,Anne Arundel Community College,MD,4,2,1,2,3,5,1,40,,,,,,0,1,0,0,0,5,2-year/Associate,Associate / CC
161800,Award Beauty School,MD,9,3,3,2,2,-2,-2,-2,,,,,,0,0,0,1,0,5,2-year/Associate,Other
161855,Baltimore Studio of Hair Design,MD,9,3,3,2,2,-2,-2,-2,,,,,,0,0,0,1,0,5,2-year/Associate,Other
161864,Baltimore City Community College,MD,4,2,1,2,3,4,4,40,,,,,,0,1,0,0,0,5,2-year/Associate,Associate / CC
161873,University of Baltimore,MD,1,1,1,2,9,18,18,21,0.8933333333333333,150.0,540.0,510.0,,1,1,0,0,0,4,Less Selective (>75% or open),Master's University
162007,Bowie State University,MD,1,1,1,1,9,18,18,21,0.8653810835629018,5445.0,540.0,508.0,,1,1,0,0,1,4,Less Selective (>75% or open),Master's University
162061,Capitol Technology University,MD,2,1,2,2,9,17,28,54,0.6434108527131783,258.0,,,,1,0,1,0,0,4,Less Selective (>75% or open),Doctoral / Pro
162104,Cecil College,MD,4,2,1,2,3,4,1,40,,,,,,0,1,0,0,0,5,2-year/Associate,Associate / CC
162122,College of Southern Maryland,MD,4,2,1,2,3,2,1,40,,,,,,0,1,0,0,0,5,2-year/Associate,Associate / CC
162168,Chesapeake College,MD,4,2,1,2,3,4,4,40,,,,,,0,1,0,0,0,5,2-year/Associate,Associate / CC
162210,Washington Adventist University,MD,2,1,2,2,7,20,20,32,0.5143090760425184,1223.0,,,,1,0,1,0,0,3,Moderately Selective (50-75%),Master's University
162283,Coppin State University,MD,1,1,1,1,9,20,20,21,0.4495301606547439,3299.0,520.0,520.0,,1,1,0,0,1,2,Selective (25-50%),Master's University
162335,Del-Mar-Va Beauty Academy,MD,9,3,3,2,2,-2,-2,-2,,,,,,0,0,0,1,0,5,2-year/Associate,Other
162371,North American Trade Schools,MD,9,3,3,2,2,-2,-2,-2,,,,,,0,0,0,1,0,5,2-year/Associate,Other
162557,Frederick Community College,MD,4,2,1,2,3,8,2,40,,,,,,0,1,0,0,0,5,2-year/Associate,Associate / CC
162584,Frostburg State University,MD,1,1,1,2,9,18,18,21,0.8787726358148893,3976.0,,,,1,1,0,0,0,4,Less Selective (>75% or open),Master's University
162609,Garrett College,MD,4,2,1,2,3,1,2,40,,,,,,0,1,0,0,0,5,2-year/Associate,Associate / CC
162654,Goucher College,MD,2,1,2,2,8,21,21,31,0.8024439918533605,2946.0,688.0,640.0,33.0,1,0,1,0,0,4,Less Selective (>75% or open),Bacc Arts & Sciences
162690,Hagerstown Community College,MD,4,2,1,2,3,5,5,40,,,,,,0,1,0,0,0,5,2-year/Associate,Associate / CC
162706,Harford Community College,MD,4,2,1,2,3,4,2,40,,,,,,0,1,0,0,0,5,2-year/Associate,Associate / CC
162760,Hood College,MD,2,1,2,2,9,18,18,21,0.7786666666666666,3000.0,,,,1,0,1,0,0,4,Less Selective (>75% or open),Master's University
162779,Howard Community College,MD,4,2,1,2,3,2,1,40,,,,,,0,1,0,0,0,5,2-year/Associate,Associate / CC
162830,Aveda Institute-Maryland,MD,9,3,3,2,2,-2,-2,-2,,,,,,0,0,0,1,0,5,2-year/Associate,Other
162928,Johns Hopkins University,MD,2,1,2,2,9,15,15,15,0.07253461579114258,37844.0,770.0,800.0,35.0,1,0,1,0,0,0,Elite (<10%),R1 (very high research)
163028,Lincoln College of Technology-Columbia,MD,6,2,3,2,3,7,7,-2,,,,,,0,0,0,1,0,5,2-year/Associate,Associate / CC
163046,Loyola University Maryland,MD,2,1,2,2,9,18,18,21,0.8348024473711501,9643.0,690.0,670.0,33.0,1,0,1,0,0,4,Less Selective (>75% or open),Master's University
163204,University of Maryland Global Campus,MD,1,1,1,2,9,18,18,21,,,,,,1,1,0,0,0,4,Less Selective (>75% or open),Master's University
163259,"University of Maryland, Baltimore",MD,1,1,1,2,9,27,25,16,,,,,,1,1,0,0,0,4,Less Selective (>75% or open),Mixed Spec-Focus
163268,University of Maryland-Baltimore County,MD,1,1,1,2,9,15,16,15,0.8055314721692388,11534.0,690.0,700.0,29.0,1,1,0,0,0,4,Less Selective (>75% or open),R1 (very high research)
163286,University of Maryland-College Park,MD,1,1,1,2,9,15,15,15,0.4460809358538433,56761.0,740.0,780.0,34.0,1,1,0,0,0,2,Selective (25-50%),R1 (very high research)
163295,Maryland Institute College of Art,MD,2,1,2,2,7,30,30,56,0.7957948391207391,3139.0,700.0,662.0,23.0,1,0,1,0,0,4,Less Selective (>75% or open),Special Focus
163338,University of Maryland Eastern Shore,MD,1,1,1,1,9,16,16,21,0.8155859607376561,6724.0,,,,1,1,0,0,1,4,Less Selective (>75% or open),R2 (high research)
163347,Fortis Institute-Towson,MD,9,3,3,2,2,-2,-2,-2,,,,,,0,0,0,1,0,5,2-year/Associate,Other
163408,Montgomery Beauty School,MD,9,3,3,2,2,-2,-2,-2,,,,,,0,0,0,1,0,5,2-year/Associate,Other
163426,Montgomery College,MD,4,2,1,2,3,2,1,40,,,,,,0,1,0,0,0,5,2-year/Associate,Associate / CC
163453,Morgan State University,MD,1,1,1,1,9,16,16,21,0.8537845057880676,16845.0,520.0,540.0,21.0,1,1,0,0,1,4,Less Selective (>75% or open),R2 (high research)
163462,Mount St. Mary's University,MD,2,1,2,2,8,19,19,21,0.795674183156926,4346.0,640.0,610.0,25.0,1,0,1,0,0,4,Less Selective (>75% or open),Master's University
163532,Ner Israel Rabbinical College,MD,2,1,2,2,9,24,24,51,0.7222222222222222,72.0,,,,1,0,1,0,0,4,Less Selective (>75% or open),Bacc/Associate
163541,Hair Academy,MD,9,3,3,2,2,-2,-2,-2,,,,,,0,0,0,1,0,5,2-year/Associate,Other
163578,Notre Dame of Maryland University,MD,2,1,2,2,9,18,18,21,0.6958333333333333,1680.0,,,,1,0,1,0,0,3,Moderately Selective (50-75%),Master's University
163657,Prince George's Community College,MD,4,2,1,2,3,2,1,40,,,,,,0,1,0,0,0,5,2-year/Associate,Associate / CC
163815,Maryland Beauty Academy of Essex,MD,9,3,3,2,2,-2,-2,-2,,,,,,0,0,0,1,0,5,2-year/Associate,Other
163851,Salisbury University,MD,1,1,1,2,9,18,18,21,0.9105821410952146,8108.0,660.0,660.0,27.0,1,1,0,0,0,4,Less Selective (>75% or open),Master's University
163912,St. Mary's College of Maryland,MD,1,1,1,2,7,21,21,31,0.7730061349693251,2934.0,710.0,660.0,30.0,1,1,0,0,0,4,Less Selective (>75% or open),Bacc Arts & Sciences
163976,St. John's College,MD,2,1,2,2,7,21,21,31,0.4989816700610998,982.0,740.0,720.0,33.0,1,0,1,0,0,2,Selective (25-50%),Bacc Arts & Sciences
164076,Towson University,MD,1,1,1,2,9,18,17,21,0.7859876195835678,17770.0,630.0,600.0,25.0,1,1,0,0,0,4,Less Selective (>75% or open),Master's University
164085,Maryland University of Integrative Health,MD,2,1,2,2,9,26,26,53,,,,,,1,0,1,0,0,4,Less Selective (>75% or open),Mixed Spec-Focus
164146,University System of Maryland,MD,0,1,1,2,9,-2,-2,-2,,,,,,1,1,0,0,0,4,Less Selective (>75% or open),Other
164155,United States Naval Academy,MD,1,1,1,2,5,21,21,59,0.10752688172043011,12927.0,720.0,720.0,32.0,1,1,0,0,0,1,Highly Selective (10-25%),Bacc Arts & Sciences
164173,Stevenson University,MD,2,1,2,2,9,18,18,32,0.8410181514708951,4793.0,,,,1,0,1,0,0,4,Less Selective (>75% or open),Master's University
164216,Washington College,MD,2,1,2,2,5,21,21,31,0.7470634299138607,2554.0,710.0,680.0,29.0,1,0,1,0,0,3,Moderately Selective (50-75%),Bacc Arts & Sciences
164270,McDaniel College,MD,2,1,2,2,7,18,18,31,0.8204592901878914,4311.0,,,,1,0,1,0,0,4,Less Selective (>75% or open),Master's University
164313,Wor-Wic Community College,MD,4,2,1,2,3,7,7,40,,,,,,0,1,0,0,0,5,2-year/Associate,Associate / CC
164368,Hult International Business School,MA,2,1,2,2,7,29,29,-2,0.4774023694602896,2279.0,,,,1,0,1,0,0,2,Selective (25-50%),Other
164447,American International College,MA,2,1,2,2,9,17,18,21,0.893609161433321,2707.0,,,,1,0,1,0,0,4,Less Selective (>75% or open),Doctoral / Pro
164465,Amherst College,MA,2,1,2,2,5,21,21,31,0.07259149623250807,14864.0,760.0,790.0,35.0,1,0,1,0,0,0,Elite (<10%),Bacc Arts & Sciences
164492,Anna Maria College,MA,2,1,2,2,8,19,19,21,0.6957882754695504,3514.0,,,,1,0,1,0,0,3,Moderately Selective (50-75%),Master's University
164535,Assabet Valley Regional Technical School,MA,7,3,1,2,2,-2,-2,-2,0.47368421052631576,19.0,,,,0,1,0,0,0,5,2-year/Associate,Other
164562,Assumption University,MA,2,1,2,2,8,19,19,21,0.8230483271375465,4035.0,,,,1,0,1,0,0,4,Less Selective (>75% or open),Master's University
164580,Babson College,MA,2,1,2,2,7,29,29,55,0.22347837518075456,7607.0,730.0,780.0,33.0,1,0,1,0,0,1,Highly Selective (10-25%),Other
164599,Bancroft School of Massage Therapy,MA,9,3,3,2,1,-2,-2,-2,,,,,,0,0,0,1,0,5,2-year/Associate,Other
164614,Boston Baptist College,MA,2,1,2,2,5,24,24,-2,1.0,13.0,,,,1,0,1,0,0,4,Less Selective (>75% or open),Bacc/Associate
164632,Bay Path University,MA,2,1,2,2,9,18,18,33,0.7563451776649747,788.0,590.0,550.0,,1,0,1,0,0,4,Less Selective (>75% or open),Master's University
164641,Bay State College,MA,3,1,3,2,5,22,22,40,0.47706422018348627,109.0,,,,1,0,0,1,0,4,Less Selective (>75% or open),Bacc Diverse Fields
164739,Bentley University,MA,2,1,2,2,9,18,18,21,0.5787621610432623,9662.0,690.0,730.0,32.0,1,0,1,0,0,3,Moderately Selective (50-75%),Master's University
164748,Berklee College of Music,MA,2,1,2,2,8,18,30,56,0.5422728520450179,7286.0,,,,1,0,1,0,0,3,Moderately Selective (50-75%),Master's University
164775,Berkshire Community College,MA,4,2,1,2,3,4,4,40,,,,,,0,1,0,0,0,5,2-year/Associate,Associate / CC
164845,Empire Beauty School-Boston,MA,9,3,3,2,2,-2,-2,-2,,,,,,0,0,0,1,0,5,2-year/Associate,Other
164872,Boston Architectural College,MA,2,1,2,2,7,30,30,56,,,,,,1,0,1,0,0,4,Less Selective (>75% or open),Special Focus
164915,Boston Graduate School of Psychoanalysis Inc,MA,2,1,2,2,9,26,26,53,,,,,,1,0,1,0,0,4,Less Selective (>75% or open),Mixed Spec-Focus
164924,Boston College,MA,2,1,2,2,9,15,15,15,0.166641971650121,40494.0,760.0,780.0,35.0,1,0,1,0,0,1,Highly Selective (10-25%),R1 (very high research)
164988,Boston University,MA,2,1,2,2,9,15,15,15,0.143658101886232,80796.0,730.0,770.0,34.0,1,0,1,0,0,1,Highly Selective (10-25%),R1 (very high research)
165015,Brandeis University,MA,2,1,2,2,9,15,15,15,0.3940707875365534,9917.0,750.0,780.0,34.0,1,0,1,0,0,2,Selective (25-50%),R1 (very high research)
165024,Bridgewater State University,MA,1,1,1,2,8,18,18,21,0.8771431815601226,8807.0,610.0,600.0,25.0,1,1,0,0,0,4,Less Selective (>75% or open),Master's University
165033,Bristol Community College,MA,4,2,1,2,3,1,1,40,,,,,,0,1,0,0,0,5,2-year/Associate,Associate / CC
165060,Signature Healthcare Brockton Hospital School of Nursing,MA,5,2,2,2,4,-2,-2,-2,0.09090909090909091,11.0,,,,0,0,1,0,0,5,2-year/Associate,Other
165112,Bunker Hill Community College,MA,4,2,1,2,3,1,1,40,,,,,,0,1,0,0,0,5,2-year/Associate,Associate / CC
165167,Cambridge College,MA,2,1,2,2,9,18,18,58,,,,,,1,0,1,0,0,4,Less Selective (>75% or open),Master's University
165194,Cape Cod Community College,MA,4,2,1,2,3,5,2,40,,,,,,0,1,0,0,0,5,2-year/Associate,Associate / CC
165255,Catherine Hinds Institute of Esthetics,MA,9,3,3,2,2,-2,-2,-2,,,,,,0,0,0,1,0,5,2-year/Associate,Other
165264,Laboure College of Healthcare,MA,2,1,2,2,5,26,26,40,0.3883495145631068,103.0,,,,1,0,1,0,0,4,Less Selective (>75% or open),Mixed Spec-Focus
165334,Clark University,MA,2,1,2,2,9,16,16,16,0.503243427791055,8787.0,720.0,710.0,33.0,1,0,1,0,0,3,Moderately Selective (50-75%),R2 (high research)
165495,Conway School of Landscape Design,MA,2,1,2,2,7,32,30,56,,,,,,1,0,1,0,0,4,Less Selective (>75% or open),Special Focus
165529,Curry College,MA,2,1,2,2,8,20,19,32,0.8751844823951086,4743.0,,,,1,0,1,0,0,4,Less Selective (>75% or open),Master's University
165556,Lincoln Technical Institute-Somerville,MA,9,3,3,2,2,-2,-2,-2,,,,,,0,0,0,1,0,5,2-year/Associate,Other
165574,Dean College,MA,2,1,2,2,5,22,23,40,0.7594650205761316,4860.0,,,,1,0,1,0,0,4,Less Selective (>75% or open),Bacc Diverse Fields
165608,Diman Regional Technical Institute,MA,7,3,1,2,2,-2,-2,-2,1.0,11.0,,,,0,1,0,0,0,5,2-year/Associate,Other
165635,National Aviation Academy of New England,MA,6,2,3,2,4,-2,-2,-2,,,,,,0,0,0,1,0,5,2-year/Associate,Other
165644,Eastern Nazarene College,MA,2,1,2,2,7,20,22,22,0.6191860465116279,688.0,580.0,580.0,,1,0,1,0,0,3,Moderately Selective (50-75%),Master's University
165662,Emerson College,MA,2,1,2,2,7,18,18,21,0.42745065653646047,12109.0,730.0,700.0,32.0,1,0,1,0,0,2,Selective (25-50%),Master's University
165671,Emmanuel College,MA,2,1,2,2,8,21,21,21,0.7969236087106809,5786.0,660.0,650.0,30.0,1,0,1,0,0,4,Less Selective (>75% or open),Bacc Arts & Sciences
165699,Endicott College,MA,2,1,2,2,9,18,18,32,0.7331491712707182,5430.0,650.0,630.0,29.0,1,0,1,0,0,3,Moderately Selective (50-75%),Master's University
165750,Rob Roy Academy-Fall River,MA,9,3,3,2,2,-2,-2,-2,,,,,,0,0,0,1,0,5,2-year/Associate,Other
165802,Fisher College,MA,2,1,2,2,7,22,22,40,0.7422742274227423,3333.0,,,,1,0,1,0,0,3,Moderately Selective (50-75%),Bacc Diverse Fields
165820,Fitchburg State University,MA,1,1,1,2,8,18,18,21,0.8605706874189365,3084.0,620.0,600.0,28.0,1,1,0,0,0,4,Less Selective (>75% or open),Master's University
165866,Framingham State University,MA,1,1,1,2,8,18,18,21,0.8740609809986744,4526.0,620.0,580.0,,1,1,0,0,0,4,Less Selective (>75% or open),Master's University
165884,Benjamin Franklin Cummings Institute of Technology,MA,2,1,2,2,5,23,28,54,,,,,,1,0,1,0,0,4,Less Selective (>75% or open),Bacc Diverse Fields
165936,Gordon College,MA,2,1,2,2,8,21,21,31,0.9175627240143369,1395.0,663.0,650.0,29.0,1,0,1,0,0,4,Less Selective (>75% or open),Bacc Arts & Sciences
165945,Gordon-Conwell Theological Seminary,MA,2,1,2,2,9,24,24,51,,,,,,1,0,1,0,0,4,Less Selective (>75% or open),Bacc/Associate
165981,Greenfield Community College,MA,4,2,1,2,3,5,4,40,,,,,,0,1,0,0,0,5,2-year/Associate,Associate / CC
166018,Hampshire College,MA,2,1,2,2,5,21,21,31,0.6889952153110048,2090.0,,,,1,0,1,0,0,3,Moderately Selective (50-75%),Bacc Arts & Sciences
166027,Harvard University,MA,2,1,2,2,9,15,15,15,0.032407180542624266,61221.0,780.0,800.0,36.0,1,0,1,0,0,0,Elite (<10%),R1 (very high research)
166045,Hebrew College,MA,2,1,2,2,7,24,24,59,,,,,,1,0,1,0,0,4,Less Selective (>75% or open),Bacc/Associate
166054,Hellenic College-Holy Cross Greek Orthodox School of Theology,MA,2,1,2,2,7,21,24,51,0.5789473684210527,38.0,,,,1,0,1,0,0,4,Less Selective (>75% or open),Bacc Arts & Sciences
166124,College of the Holy Cross,MA,2,1,2,2,5,21,21,31,0.3635588402501421,7036.0,720.0,710.0,32.0,1,0,1,0,0,2,Selective (25-50%),Bacc Arts & Sciences
166133,Holyoke Community College,MA,4,2,1,2,3,1,1,40,,,,,,0,1,0,0,0,5,2-year/Associate,Associate / CC
166391,Lasell University,MA,2,1,2,2,7,18,19,33,0.7320861277797388,2833.0,640.0,628.0,26.0,1,0,1,0,0,3,Moderately Selective (50-75%),Master's University
166407,Lawrence Memorial Hospital School of Nursing,MA,5,2,2,2,3,10,10,-2,,0.0,,,,0,0,1,0,0,5,2-year/Associate,Associate / CC
166452,Lesley University,MA,2,1,2,2,9,17,17,21,0.8622773536895675,3144.0,,,,1,0,1,0,0,4,Less Selective (>75% or open),Doctoral / Pro
166489,Longy School of Music of Bard College,MA,2,1,2,2,8,30,30,56,0.8902439024390244,82.0,,,,1,0,1,0,0,4,Less Selective (>75% or open),Special Focus
166498,Lowell Academy Hairstyling Institute,MA,9,3,3,2,2,-2,-2,-2,,,,,,0,0,0,1,0,5,2-year/Associate,Other
166513,University of Massachusetts-Lowell,MA,1,1,1,2,9,16,16,16,0.8595446013221252,12253.0,668.0,680.0,31.0,1,1,0,0,0,4,Less Selective (>75% or open),R2 (high research)
166629,University of Massachusetts-Amherst,MA,1,1,1,2,9,15,15,15,0.6352115465006271,45451.0,720.0,760.0,33.0,1,1,0,0,0,3,Moderately Selective (50-75%),R1 (very high research)
166638,University of Massachusetts-Boston,MA,1,1,1,2,9,16,16,16,0.8075543255432555,19512.0,650.0,650.0,29.0,1,1,0,0,0,4,Less Selective (>75% or open),R2 (high research)
166647,Massachusetts Bay Community College,MA,4,2,1,2,3,6,2,40,,,,,,0,1,0,0,0,5,2-year/Associate,Associate / CC
166656,MCPHS University,MA,2,1,2,2,9,26,26,53,0.8825903825903826,5698.0,660.0,710.0,31.0,1,0,1,0,0,4,Less Selective (>75% or open),Mixed Spec-Focus
166665,University of Massachusetts-Central Office,MA,0,1,1,2,9,-2,-2,-2,,,,,,1,1,0,0,0,4,Less Selective (>75% or open),Other
166674,Massachusetts College of Art and Design,MA,1,1,1,2,7,30,30,56,0.7863741339491916,2598.0,,,,1,1,0,0,0,4,Less Selective (>75% or open),Special Focus
166683,Massachusetts Institute of Technology,MA,2,1,2,2,9,15,15,15,0.03959487073177955,33767.0,780.0,800.0,36.0,1,0,1,0,0,0,Elite (<10%),R1 (very high research)
166692,Massachusetts Maritime Academy,MA,1,1,1,2,7,20,22,59,0.8939688715953308,1028.0,,,,1,1,0,0,0,4,Less Selective (>75% or open),Master's University
166708,University of Massachusetts Chan Medical School,MA,1,1,1,2,9,27,25,52,,,,,,1,1,0,0,0,4,Less Selective (>75% or open),Mixed Spec-Focus
166717,William James College,MA,2,1,2,2,9,26,26,59,,,,,,1,0,1,0,0,4,Less Selective (>75% or open),Mixed Spec-Focus
166805,Massachusetts School of Barbering,MA,9,3,3,2,2,-2,-2,-2,,,,,,0,0,0,1,0,5,2-year/Associate,Other
166823,Massasoit Community College,MA,4,2,1,2,3,8,7,40,,,,,,0,1,0,0,0,5,2-year/Associate,Associate / CC
166850,Merrimack College,MA,2,1,2,2,8,18,18,32,0.7463377609108159,13175.0,,,,1,0,1,0,0,3,Moderately Selective (50-75%),Master's University
166869,MGH Institute of Health Professions,MA,2,1,2,2,9,26,26,53,,,,,,1,0,1,0,0,4,Less Selective (>75% or open),Mixed Spec-Focus
166887,Middlesex Community College,MA,4,2,1,2,3,2,1,40,,,,,,0,1,0,0,0,5,2-year/Associate,Associate / CC
166911,Montserrat College of Art,MA,2,1,2,2,5,22,30,56,,,,,,1,0,1,0,0,4,Less Selective (>75% or open),Bacc Diverse Fields
166939,Mount Holyoke College,MA,2,1,2,2,7,21,21,31,0.39762975071516143,4894.0,770.0,770.0,34.0,1,0,1,0,0,2,Selective (25-50%),Bacc Arts & Sciences
166957,Mount Wachusett Community College,MA,4,2,1,2,3,7,4,40,,,,,,0,1,0,0,0,5,2-year/Associate,Associate / CC
167039,Rob Roy Academy-New Bedford,MA,9,3,3,2,2,-2,-2,-2,,,,,,0,0,0,1,0,5,2-year/Associate,Other
167057,The New England Conservatory of Music,MA,2,1,2,2,9,30,30,56,0.3754601226993865,815.0,,,,1,0,1,0,0,2,Selective (25-50%),Special Focus
167093,New England College of Optometry,MA,2,1,2,2,9,26,26,53,,,,,,1,0,1,0,0,4,Less Selective (>75% or open),Mixed Spec-Focus
167215,New England Law-Boston,MA,2,1,2,2,9,31,31,57,,,,,,1,0,1,0,0,4,Less Selective (>75% or open),Special Focus
167260,Nichols College,MA,2,1,2,2,7,19,29,55,0.8486005089058524,2358.0,590.0,590.0,,1,0,1,0,0,4,Less Selective (>75% or open),Master's University
167288,Massachusetts College of Liberal Arts,MA,1,1,1,2,8,21,21,31,0.9244505494505495,1456.0,,,,1,1,0,0,0,4,Less Selective (>75% or open),Bacc Arts & Sciences
167297,North Bennet Street School,MA,5,2,2,2,4,-2,-2,-2,,,,,,0,0,1,0,0,5,2-year/Associate,Other
167312,North Shore Community College,MA,4,2,1,2,3,4,4,40,,,,,,0,1,0,0,0,5,2-year/Associate,Associate / CC
167358,Northeastern University,MA,2,1,2,2,9,15,15,15,0.06803296703296703,91000.0,760.0,790.0,35.0,1,0,1,0,0,0,Elite (<10%),R1 (very high research)
167376,Northern Essex Community College,MA,4,2,1,2,3,4,4,40,,,,,,0,1,0,0,0,5,2-year/Associate,Associate / CC
167394,College of Our Lady of the Elms,MA,2,1,2,2,9,19,19,22,0.9090909090909091,1177.0,665.0,635.0,,1,0,1,0,0,4,Less Selective (>75% or open),Master's University
167464,Pope St John XXIII National Seminary,MA,2,1,2,2,7,24,24,51,,,,,,1,0,1,0,0,4,Less Selective (>75% or open),Bacc/Associate
167525,Quincy College,MA,1,1,1,2,5,3,5,40,,,,,,1,1,0,0,0,4,Less Selective (>75% or open),Associate / CC
167534,Quinsigamond Community College,MA,4,2,1,2,4,4,4,40,,,,,,0,1,0,0,0,5,2-year/Associate,Associate / CC
167598,Regis College,MA,2,1,2,2,9,18,26,22,0.8877155931010208,2841.0,,,,1,0,1,0,0,4,Less Selective (>75% or open),Master's University
167631,Roxbury Community College,MA,4,2,1,2,3,1,1,40,,,,,,0,1,0,0,0,5,2-year/Associate,Associate / CC
167677,Saint John's Seminary,MA,2,1,2,2,7,24,24,51,,,,,,1,0,1,0,0,4,Less Selective (>75% or open),Bacc/Associate
167729,Salem State University,MA,1,1,1,2,8,18,18,21,0.9265658747300216,5093.0,630.0,580.0,,1,1,0,0,0,4,Less Selective (>75% or open),Master's University
167783,Simmons University,MA,2,1,2,2,9,17,17,21,0.7645588602849288,4001.0,700.0,690.0,32.0,1,0,1,0,0,4,Less Selective (>75% or open),Doctoral / Pro
167792,Bard College at Simon's Rock,MA,2,1,2,2,5,23,23,33,0.9545454545454546,154.0,,,,1,0,1,0,0,4,Less Selective (>75% or open),Bacc Diverse Fields
167835,Smith College,MA,2,1,2,2,9,21,21,31,0.22864217911679735,7269.0,760.0,760.0,34.0,1,0,1,0,0,1,Highly Selective (10-25%),Bacc Arts & Sciences
167871,Southeastern Technical Institute,MA,7,3,1,2,2,-2,-2,-2,0.30994152046783624,171.0,,,,0,1,0,0,0,5,2-year/Associate,Other
167899,Springfield College,MA,2,1,2,2,9,17,18,21,0.756269371653987,3549.0,640.0,660.0,31.0,1,0,1,0,0,4,Less Selective (>75% or open),Doctoral / Pro
167905,Springfield Technical Community College,MA,4,2,1,2,3,7,7,40,,,,,,0,1,0,0,0,5,2-year/Associate,Associate / CC
167987,University of Massachusetts-Dartmouth,MA,1,1,1,2,9,16,16,21,0.9551884123571348,8837.0,640.0,620.0,31.0,1,1,0,0,0,4,Less Selective (>75% or open),R2 (high research)
167996,Stonehill College,MA,2,1,2,2,7,21,21,32,0.7343513550694731,7269.0,,,,1,0,1,0,0,3,Moderately Selective (50-75%),Bacc Arts & Sciences
168005,Suffolk University,MA,2,1,2,2,9,17,18,21,0.8679245283018868,9699.0,670.0,630.0,30.0,1,0,1,0,0,4,Less Selective (>75% or open),Doctoral / Pro
168032,Rob Roy Academy-Taunton,MA,9,3,3,2,2,-2,-2,-2,,,,,,0,0,0,1,0,5,2-year/Associate,Other
168148,Tufts University,MA,2,1,2,2,9,15,15,15,0.09692678172123158,34882.0,760.0,790.0,35.0,1,0,1,0,0,0,Elite (<10%),R1 (very high research)
168218,Wellesley College,MA,2,1,2,2,5,21,21,31,0.13567306559886938,8491.0,770.0,780.0,35.0,1,0,1,0,0,1,Highly Selective (10-25%),Bacc Arts & Sciences
168227,Wentworth Institute of Technology,MA,2,1,2,2,7,20,19,54,0.9230630305219433,5537.0,660.0,680.0,31.0,1,0,1,0,0,4,Less Selective (>75% or open),Master's University
168254,Western New England University,MA,2,1,2,2,9,17,17,21,0.8800587467362925,6128.0,640.0,640.0,29.0,1,0,1,0,0,4,Less Selective (>75% or open),Doctoral / Pro
168263,Westfield State University,MA,1,1,1,2,8,18,19,21,0.8150943396226416,6625.0,,,,1,1,0,0,0,4,Less Selective (>75% or open),Master's University
168281,Wheaton College (Massachusetts),MA,2,1,2,2,5,21,21,31,0.794839990076904,4031.0,700.0,690.0,33.0,1,0,1,0,0,4,Less Selective (>75% or open),Bacc Arts & Sciences
168342,Williams College,MA,2,1,2,2,7,21,21,31,0.08498139808106521,15321.0,780.0,790.0,35.0,1,0,1,0,0,0,Elite (<10%),Bacc Arts & Sciences
168421,Worcester Polytechnic Institute,MA,2,1,2,2,9,16,16,16,0.574790930252608,11599.0,,,,1,0,1,0,0,3,Moderately Selective (50-75%),R2 (high research)
168430,Worcester State University,MA,1,1,1,2,8,18,18,21,0.8766426451886392,4718.0,610.0,610.0,29.0,1,1,0,0,0,4,Less Selective (>75% or open),Master's University
168528,Adrian College,MI,2,1,2,2,7,22,22,31,0.6905977771102433,3329.0,580.0,580.0,25.0,1,0,1,0,0,3,Moderately Selective (50-75%),Bacc Diverse Fields
168546,Albion College,MI,2,1,2,2,5,21,21,31,0.6651530686978175,6827.0,,,,1,0,1,0,0,3,Moderately Selective (50-75%),Bacc Arts & Sciences
168555,Hillsdale Beauty College,MI,9,3,3,2,2,-2,-2,-2,,,,,,0,0,0,1,0,5,2-year/Associate,Other
168573,Northwestern Technological Institute,MI,9,3,3,2,1,-2,-2,-2,,,,,,0,0,0,1,0,5,2-year/Associate,Other
168591,Alma College,MI,2,1,2,2,7,22,22,31,0.6465005931198102,3372.0,,,,1,0,1,0,0,3,Moderately Selective (50-75%),Bacc Diverse Fields
168607,Alpena Community College,MI,1,1,1,2,5,14,14,40,,,,,,1,1,0,0,0,4,Less Selective (>75% or open),Associate / CC
168740,Andrews University,MI,2,1,2,2,9,17,17,16,0.9127243066884176,1226.0,670.0,680.0,29.0,1,0,1,0,0,4,Less Selective (>75% or open),Doctoral / Pro
168786,Aquinas College,MI,2,1,2,2,7,21,21,22,0.9078449905482041,2116.0,600.0,580.0,,1,0,1,0,0,4,Less Selective (>75% or open),Bacc Arts & Sciences
168847,Baker College,MI,2,1,2,2,9,19,18,33,0.3664745437079731,2082.0,,,,1,0,1,0,0,2,Selective (25-50%),Master's University
168883,Bay de Noc Community College,MI,4,2,1,2,3,5,4,40,,,,,,0,1,0,0,0,5,2-year/Associate,Associate / CC
168892,Bayshire Academy of Beauty Craft Inc,MI,9,3,3,2,2,-2,-2,-2,,,,,,0,0,0,1,0,5,2-year/Associate,Other
169080,Calvin University,MI,2,1,2,2,7,20,20,32,0.7420936504045109,4079.0,680.0,690.0,30.0,1,0,1,0,0,3,Moderately Selective (50-75%),Master's University
169099,Calvin Theological Seminary,MI,2,1,2,2,9,24,24,51,,,,,,1,0,1,0,0,4,Less Selective (>75% or open),Bacc/Associate
169187,Carnegie Institute,MI,6,2,3,2,4,-2,-2,-2,,,,,,0,0,0,1,0,5,2-year/Associate,Other
169220,Michigan School of Psychology,MI,2,1,2,2,9,26,26,59,,,,,,1,0,1,0,0,4,Less Selective (>75% or open),Mixed Spec-Focus
169248,Central Michigan University,MI,1,1,1,2,9,16,16,16,0.7894710378117458,19888.0,620.0,600.0,27.0,1,1,0,0,0,4,Less Selective (>75% or open),R2 (high research)
169275,Mott Community College,MI,4,2,1,2,4,1,1,40,,,,,,0,1,0,0,0,5,2-year/Associate,Associate / CC
169284,Empire Beauty School-Michigan,MI,9,3,3,2,2,-2,-2,-2,,,,,,0,0,0,1,0,5,2-year/Associate,Other
169327,Cleary University,MI,2,1,2,2,7,29,29,55,0.6753086419753086,810.0,,,,1,0,1,0,0,3,Moderately Selective (50-75%),Other
169363,Concordia University Ann Arbor,MI,2,1,2,2,8,20,22,32,0.7018348623853211,1962.0,,,27.0,1,0,1,0,0,3,Moderately Selective (50-75%),Master's University
169424,Cranbrook Academy of Art,MI,2,1,2,2,7,30,30,56,,,,,,1,0,1,0,0,4,Less Selective (>75% or open),Special Focus
169442,College for Creative Studies,MI,2,1,2,2,7,30,30,56,0.4919852034525277,1622.0,,,,1,0,1,0,0,2,Selective (25-50%),Special Focus
169479,Davenport University,MI,2,1,2,2,8,18,18,55,0.9890500147972773,3379.0,,,,1,0,1,0,0,4,Less Selective (>75% or open),Master's University
169503,David Pressley School of Cosmetology,MI,9,3,3,2,2,-2,-2,-2,,,,,,0,0,0,1,0,5,2-year/Associate,Other
169521,Delta College,MI,4,2,1,2,4,1,4,40,,,,,,0,1,0,0,0,5,2-year/Associate,Associate / CC
169576,Detroit Business Institute-Downriver,MI,9,3,3,2,2,-2,-2,-2,0.6521739130434783,23.0,,,,0,0,0,1,0,5,2-year/Associate,Other
169655,MIAT College of Technology,MI,6,2,3,2,4,11,11,-2,0.9906735751295337,965.0,,,,0,0,0,1,0,5,2-year/Associate,Associate / CC
169716,University of Detroit Mercy,MI,2,1,2,2,9,17,17,21,0.905287623474724,5163.0,600.0,608.0,26.0,1,0,1,0,0,4,Less Selective (>75% or open),Doctoral / Pro
169761,Dorsey College,MI,6,2,3,2,3,-2,-2,-2,,,,,,0,0,0,1,0,5,2-year/Associate,Other
169798,Eastern Michigan University,MI,1,1,1,2,9,16,16,21,0.8322706963200964,19919.0,600.0,580.0,25.0,1,1,0,0,0,4,Less Selective (>75% or open),R2 (high research)
169813,Creative Hair School of Cosmetology,MI,9,3,3,2,2,-2,-2,-2,,,,,,0,0,0,1,0,5,2-year/Associate,Other
169910,Ferris State University,MI,1,1,1,2,9,17,17,22,0.8788027477919529,12228.0,580.0,570.0,23.0,1,1,0,0,0,4,Less Selective (>75% or open),Doctoral / Pro
169974,Glen Oaks Community College,MI,4,2,1,2,3,6,6,40,,,,,,0,1,0,0,0,5,2-year/Associate,Associate / CC
169983,Kettering University,MI,2,1,2,2,7,19,19,54,0.8074602303894679,1823.0,680.0,690.0,30.0,1,0,1,0,0,4,Less Selective (>75% or open),Master's University
169992,Gogebic Community College,MI,4,2,1,2,3,7,7,40,,,,,,0,1,0,0,0,5,2-year/Associate,Associate / CC
170000,Grace Christian University,MI,2,1,2,2,7,22,24,51,0.9965870307167235,293.0,,,,1,0,1,0,0,4,Less Selective (>75% or open),Bacc Diverse Fields
170037,Cornerstone University,MI,2,1,2,2,9,18,19,22,0.8177570093457944,1926.0,,,,1,0,1,0,0,4,Less Selective (>75% or open),Master's University
170055,Grand Rapids Community College,MI,4,2,1,2,3,4,4,40,,,,,,0,1,0,0,0,5,2-year/Associate,Associate / CC
170082,Grand Valley State University,MI,1,1,1,2,9,17,18,21,0.9036967821059394,17123.0,610.0,600.0,27.0,1,1,0,0,0,4,Less Selective (>75% or open),Doctoral / Pro
170091,Great Lakes Christian College,MI,2,1,2,2,5,22,24,51,,,,,,1,0,1,0,0,4,Less Selective (>75% or open),Bacc Diverse Fields
170240,Henry Ford College,MI,1,1,1,2,5,14,14,40,,,,,,1,1,0,0,0,4,Less Selective (>75% or open),Associate / CC
170286,Hillsdale College,MI,2,1,2,2,9,21,21,21,0.20583360954590654,3017.0,760.0,760.0,34.0,1,0,1,0,0,1,Highly Selective (10-25%),Bacc Arts & Sciences
170301,Hope College,MI,2,1,2,2,5,21,21,31,0.8045419254658385,5152.0,670.0,660.0,31.0,1,0,1,0,0,4,Less Selective (>75% or open),Bacc Arts & Sciences
170444,Jackson College,MI,1,1,1,2,5,14,14,40,,,,,,1,1,0,0,0,4,Less Selective (>75% or open),Associate / CC
170532,Kalamazoo College,MI,2,1,2,2,5,21,21,31,0.7925445705024311,3702.0,700.0,670.0,32.0,1,0,1,0,0,4,Less Selective (>75% or open),Bacc Arts & Sciences
170541,Kalamazoo Valley Community College,MI,4,2,1,2,4,2,1,40,,,,,,0,1,0,0,0,5,2-year/Associate,Associate / CC
170550,Kellogg Community College,MI,4,2,1,2,3,9,4,40,,,,,,0,1,0,0,0,5,2-year/Associate,Associate / CC
170587,Kirtland Community College,MI,4,2,1,2,3,9,8,40,,,,,,0,1,0,0,0,5,2-year/Associate,Associate / CC
170611,Michigan College of Beauty-Monroe,MI,9,3,3,2,2,-2,-2,-2,,,,,,0,0,0,1,0,5,2-year/Associate,Other
170620,Lake Michigan College,MI,4,2,1,2,3,14,14,40,,,,,,0,1,0,0,0,5,2-year/Associate,Associate / CC
170639,Lake Superior State University,MI,1,1,1,2,5,22,22,22,0.7691029900332226,2408.0,610.0,615.0,26.0,1,1,0,0,0,4,Less Selective (>75% or open),Bacc Diverse Fields
170657,Lansing Community College,MI,4,2,1,2,3,4,4,40,,,,,,0,1,0,0,0,5,2-year/Associate,Associate / CC
170675,Lawrence Technological University,MI,2,1,2,2,9,18,18,21,0.8190776507686244,2537.0,,,,1,0,1,0,0,4,Less Selective (>75% or open),Master's University
170736,M J Murphy Beauty College of Mount Pleasant,MI,9,3,3,2,2,-2,-2,-2,,,,,,0,0,0,1,0,5,2-year/Associate,Other
170790,Macomb Community College,MI,4,2,1,2,3,4,5,40,,,,,,0,1,0,0,0,5,2-year/Associate,Associate / CC
170806,Madonna University,MI,2,1,2,2,9,19,18,21,0.6483903420523138,1988.0,,,,1,0,1,0,0,3,Moderately Selective (50-75%),Master's University
170967,Rochester University,MI,2,1,2,2,7,22,22,33,0.7136706135629709,929.0,,,,1,0,1,0,0,3,Moderately Selective (50-75%),Bacc Diverse Fields
170976,University of Michigan-Ann Arbor,MI,1,1,1,2,9,15,15,15,0.17693886509508952,84289.0,750.0,780.0,34.0,1,1,0,0,0,1,Highly Selective (10-25%),R1 (very high research)
171012,The Michigan Barber School,MI,5,2,2,2,4,-2,-2,-2,,,,,,0,0,1,0,0,5,2-year/Associate,Other
171100,Michigan State University,MI,1,1,1,2,9,15,15,15,0.8795110702836467,53341.0,670.0,690.0,31.0,1,1,0,0,0,4,Less Selective (>75% or open),R1 (very high research)
171128,Michigan Technological University,MI,1,1,1,2,9,16,16,16,0.9367794248067908,7893.0,670.0,680.0,31.0,1,1,0,0,0,4,Less Selective (>75% or open),R2 (high research)
171137,University of Michigan-Dearborn,MI,1,1,1,2,9,18,18,21,0.5409945118909031,12026.0,640.0,650.0,28.0,1,1,0,0,0,3,Moderately Selective (50-75%),Master's University
171146,University of Michigan-Flint,MI,1,1,1,2,9,17,17,21,0.6635179153094463,6140.0,620.0,600.0,28.0,1,1,0,0,0,3,Moderately Selective (50-75%),Doctoral / Pro
171155,Mid Michigan College,MI,4,2,1,2,3,5,5,40,,,,,,0,1,0,0,0,5,2-year/Associate,Associate / CC
171225,Monroe County Community College,MI,4,2,1,2,3,5,5,40,,,,,,0,1,0,0,0,5,2-year/Associate,Associate / CC
171234,Montcalm Community College,MI,4,2,1,2,3,4,4,40,,,,,,0,1,0,0,0,5,2-year/Associate,Associate / CC
171304,Muskegon Community College,MI,4,2,1,2,4,5,5,40,,,,,,0,1,0,0,0,5,2-year/Associate,Associate / CC
171395,North Central Michigan College,MI,4,2,1,2,3,3,2,40,,,,,,0,1,0,0,0,5,2-year/Associate,Associate / CC
171456,Northern Michigan University,MI,1,1,1,2,9,19,19,21,0.7054849605919253,6217.0,,,,1,1,0,0,0,3,Moderately Selective (50-75%),Master's University
171483,Northwestern Michigan College,MI,1,1,1,2,5,14,14,40,,,,,,1,1,0,0,0,4,Less Selective (>75% or open),Associate / CC
171492,Northwood University,MI,2,1,2,2,9,29,29,55,0.7967836257309941,1368.0,580.0,580.0,23.0,1,0,1,0,0,4,Less Selective (>75% or open),Other
171535,Oakland Community College,MI,4,2,1,2,3,2,3,40,,,,,,0,1,0,0,0,5,2-year/Associate,Associate / CC
171571,Oakland University,MI,1,1,1,2,9,16,16,16,0.9005400540054005,11110.0,640.0,605.0,,1,1,0,0,0,4,Less Selective (>75% or open),R2 (high research)
171599,The University of Olivet,MI,2,1,2,2,7,22,22,31,0.846421125781793,1439.0,,,,1,0,1,0,0,4,Less Selective (>75% or open),Bacc Diverse Fields
171775,Port Huron Cosmetology College,MI,9,3,3,2,2,-2,-2,-2,,,,,,0,0,0,1,0,5,2-year/Associate,Other
171881,Kuyper College,MI,2,1,2,2,7,22,22,51,0.7567567567567568,37.0,,,,1,0,1,0,0,4,Less Selective (>75% or open),Bacc Diverse Fields
171988,Ross Medical Education Center-Lansing,MI,9,3,3,2,2,-2,-2,-2,,,,,,0,0,0,1,0,5,2-year/Associate,Other
171997,Ross Medical Education Center-Warren,MI,9,3,3,2,2,-2,-2,-2,,,,,,0,0,0,1,0,5,2-year/Associate,Other
172015,Ross Medical Education Center-Flint,MI,9,3,3,2,2,-2,-2,-2,,,,,,0,0,0,1,0,5,2-year/Associate,Other
172033,Sacred Heart Major Seminary,MI,2,1,2,2,8,21,24,51,1.0,4.0,,,,1,0,1,0,0,4,Less Selective (>75% or open),Bacc Arts & Sciences
172051,Saginaw Valley State University,MI,1,1,1,2,9,18,18,21,0.7636655948553055,9330.0,590.0,590.0,25.0,1,1,0,0,0,4,Less Selective (>75% or open),Master's University
172200,Schoolcraft Community College District,MI,1,1,1,2,5,14,14,40,,,,,,1,1,0,0,0,4,Less Selective (>75% or open),Associate / CC
172264,Siena Heights University,MI,2,1,2,2,7,19,20,21,0.6498381877022654,1545.0,573.0,560.0,27.0,1,0,1,0,0,3,Moderately Selective (50-75%),Master's University
172291,St Clair County Community College,MI,4,2,1,2,3,2,2,40,,,,,,0,1,0,0,0,5,2-year/Associate,Associate / CC
172307,Southwestern Michigan College,MI,4,2,1,2,3,4,1,40,,,,,,0,1,0,0,0,5,2-year/Associate,Associate / CC
172334,Spring Arbor University,MI,2,1,2,2,9,18,18,22,0.4731833910034602,2312.0,570.0,565.0,26.0,1,0,1,0,0,2,Selective (25-50%),Master's University
172422,Michigan Career and Technical Institute,MI,7,3,1,2,2,-2,-2,-2,,,,,,0,1,0,0,0,5,2-year/Associate,Other
172440,Finlandia University,MI,2,1,2,2,5,22,22,40,0.6657039711191336,1385.0,,,,1,0,1,0,0,3,Moderately Selective (50-75%),Bacc Diverse Fields
172477,Thomas M Cooley Law School,MI,2,1,2,2,9,31,31,57,,,,,,1,0,1,0,0,4,Less Selective (>75% or open),Special Focus
172495,Twin City Beauty College,MI,9,3,3,2,2,-2,-2,-2,,,,,,0,0,0,1,0,5,2-year/Associate,Other
172608,Walsh College,MI,2,1,2,2,9,29,29,55,,,,,,1,0,1,0,0,4,Less Selective (>75% or open),Other
172617,Washtenaw Community College,MI,4,2,1,2,3,3,2,40,,,,,,0,1,0,0,0,5,2-year/Associate,Associate / CC
172635,Wayne County Community College District,MI,4,2,1,2,3,3,2,40,,,,,,0,1,0,0,0,5,2-year/Associate,Associate / CC
172644,Wayne State University,MI,1,1,1,2,9,15,15,15,0.7532495357806027,14002.0,630.0,630.0,28.0,1,1,0,0,0,4,Less Selective (>75% or open),R1 (very high research)
172671,West Shore Community College,MI,4,2,1,2,4,6,5,40,,,,,,0,1,0,0,0,5,2-year/Associate,Associate / CC
172680,Paul Mitchell the School-Grand Rapids,MI,9,3,3,2,2,-2,-2,-2,,,,,,0,0,0,1,0,5,2-year/Associate,Other
172699,Western Michigan University,MI,1,1,1,2,9,16,16,15,0.8455197307448418,20501.0,610.0,610.0,27.0,1,1,0,0,0,4,Less Selective (>75% or open),R2 (high research)
172705,Western Theological Seminary,MI,2,1,2,2,9,24,24,51,,,,,,1,0,1,0,0,4,Less Selective (>75% or open),Bacc/Associate
172866,Academy College,MN,3,1,3,2,5,28,28,40,,,,,,1,0,0,1,0,4,Less Selective (>75% or open),Other
172918,Alexandria Technical & Community College,MN,4,2,1,2,4,9,9,40,,,,,,0,1,0,0,0,5,2-year/Associate,Associate / CC
172954,Anoka Technical College,MN,4,2,1,2,4,7,7,40,,,,,,0,1,0,0,0,5,2-year/Associate,Associate / CC
172963,Anoka-Ramsey Community College,MN,4,2,1,2,3,3,3,40,,,,,,0,1,0,0,0,5,2-year/Associate,Associate / CC
173045,Augsburg University,MN,2,1,2,2,9,18,18,22,0.7651183172655566,3423.0,,,,1,0,1,0,0,4,Less Selective (>75% or open),Master's University
173063,Riverland Community College,MN,4,2,1,2,4,6,3,40,,,,,,0,1,0,0,0,5,2-year/Associate,Associate / CC
173115,Northwest Technical College,MN,4,2,1,2,4,9,9,-2,,,,,,0,1,0,0,0,5,2-year/Associate,Associate / CC
173124,Bemidji State University,MN,1,1,1,2,7,20,20,22,0.7752478883584282,2723.0,,,23.0,1,1,0,0,0,4,Less Selective (>75% or open),Master's University
173142,Bethany Lutheran College,MN,2,1,2,2,7,21,21,40,0.5849624060150376,665.0,610.0,680.0,25.0,1,0,1,0,0,3,Moderately Selective (50-75%),Bacc Arts & Sciences
173160,Bethel University,MN,2,1,2,2,9,17,17,21,0.72487494315598,2199.0,,,28.0,1,0,1,0,0,3,Moderately Selective (50-75%),Doctoral / Pro
173203,Central Lakes College-Brainerd,MN,4,2,1,2,4,6,6,40,,,,,,0,1,0,0,0,5,2-year/Associate,Associate / CC
173258,Carleton College,MN,2,1,2,2,5,21,21,31,0.16625888384014914,8583.0,770.0,780.0,35.0,1,0,1,0,0,1,Highly Selective (10-25%),Bacc Arts & Sciences
173300,Concordia College at Moorhead,MN,2,1,2,2,7,21,21,31,0.6552729199788023,3774.0,,,28.0,1,0,1,0,0,3,Moderately Selective (50-75%),Bacc Arts & Sciences
173328,Concordia University-Saint Paul,MN,2,1,2,2,9,18,18,32,0.6908517350157729,2536.0,,,28.0,1,0,1,0,0,3,Moderately Selective (50-75%),Master's University
173416,Dakota County Technical College,MN,4,2,1,2,4,7,7,40,,,,,,0,1,0,0,0,5,2-year/Associate,Associate / CC
173452,Martin Luther College,MN,2,1,2,2,7,32,32,58,0.8372093023255814,215.0,643.0,673.0,27.0,1,0,1,0,0,4,Less Selective (>75% or open),Special Focus
173461,Lake Superior College,MN,4,2,1,2,4,9,6,40,,,,,,0,1,0,0,0,5,2-year/Associate,Associate / CC
173559,Minnesota State Community and Technical College,MN,4,2,1,2,4,8,8,40,,,,,,0,1,0,0,0,5,2-year/Associate,Associate / CC
173638,Minnesota West Community and Technical College,MN,4,2,1,2,4,9,9,40,,,,,,0,1,0,0,0,5,2-year/Associate,Associate / CC
173647,Gustavus Adolphus College,MN,2,1,2,2,5,21,21,31,0.7389579476329013,3781.0,,,31.0,1,0,1,0,0,3,Moderately Selective (50-75%),Bacc Arts & Sciences
173665,Hamline University,MN,2,1,2,2,9,18,18,21,0.80546875,3840.0,623.0,635.0,26.0,1,0,1,0,0,4,Less Selective (>75% or open),Master's University
173683,Hazelden Betty Ford Graduate School,MN,2,1,2,2,7,26,26,-2,,,,,,1,0,1,0,0,4,Less Selective (>75% or open),Mixed Spec-Focus
173708,Hennepin Technical College,MN,4,2,1,2,4,8,7,40,,,,,,0,1,0,0,0,5,2-year/Associate,Associate / CC
173735,Minnesota North College,MN,4,2,1,2,4,8,8,40,,,,,,0,1,0,0,0,5,2-year/Associate,Associate / CC
173744,Aveda Arts & Sciences Institute Minneapolis,MN,9,3,3,2,2,-2,-2,-2,,,,,,0,0,0,1,0,5,2-year/Associate,Other
173799,Inver Hills Community College,MN,4,2,1,2,3,3,2,40,,,,,,0,1,0,0,0,5,2-year/Associate,Associate / CC
173896,Luther Seminary,MN,2,1,2,2,9,24,24,51,,,,,,1,0,1,0,0,4,Less Selective (>75% or open),Bacc/Associate
173902,Macalester College,MN,2,1,2,2,5,21,21,31,0.28420678207256345,8434.0,750.0,750.0,34.0,1,0,1,0,0,2,Selective (25-50%),Bacc Arts & Sciences
173911,South Central College,MN,4,2,1,2,4,8,5,40,,,,,,0,1,0,0,0,5,2-year/Associate,Associate / CC
173920,Minnesota State University-Mankato,MN,1,1,1,2,9,18,18,21,0.7067790530846485,11152.0,,,23.0,1,1,0,0,0,3,Moderately Selective (50-75%),Master's University
173957,Mayo Clinic College of Medicine and Science,MN,2,1,2,2,9,27,25,52,0.6363636363636364,55.0,,,,1,0,1,0,0,4,Less Selective (>75% or open),Mixed Spec-Focus
174020,Metropolitan State University,MN,1,1,1,2,9,19,17,22,0.8169934640522876,612.0,,,26.0,1,1,0,0,0,4,Less Selective (>75% or open),Master's University
174066,University of Minnesota-Twin Cities,MN,1,1,1,2,9,15,15,15,0.749119579500657,38050.0,730.0,770.0,32.0,1,1,0,0,0,3,Moderately Selective (50-75%),R1 (very high research)
174075,University of Minnesota-Crookston,MN,1,1,1,2,5,22,22,32,0.5721679125934445,1739.0,,,,1,1,0,0,0,3,Moderately Selective (50-75%),Bacc Diverse Fields
174127,Minneapolis College of Art and Design,MN,2,1,2,2,7,30,30,56,0.5688622754491018,668.0,730.0,650.0,27.0,1,0,1,0,0,3,Moderately Selective (50-75%),Special Focus
174136,Minneapolis Community and Technical College,MN,4,2,1,2,4,5,4,40,,,,,,0,1,0,0,0,5,2-year/Associate,Associate / CC
174154,Herzing University-Minneapolis,MN,2,1,2,2,8,26,26,40,0.9428571428571428,210.0,,,,1,0,1,0,0,4,Less Selective (>75% or open),Mixed Spec-Focus
174190,Nova Academy of Cosmetology Woodbury,MN,9,3,3,2,2,-2,-2,-2,,,,,,0,0,0,1,0,5,2-year/Associate,Other
174233,University of Minnesota-Duluth,MN,1,1,1,2,9,18,19,21,0.8069806560134567,9512.0,680.0,670.0,28.0,1,1,0,0,0,4,Less Selective (>75% or open),Master's University
174251,University of Minnesota-Morris,MN,1,1,1,2,5,21,21,31,0.7765839199703594,2699.0,,,,1,1,0,0,0,4,Less Selective (>75% or open),Bacc Arts & Sciences
174321,Model College of Hair Design,MN,9,3,3,2,2,-2,-2,-2,,,,,,0,0,0,1,0,5,2-year/Associate,Other
174358,Minnesota State University Moorhead,MN,1,1,1,2,9,18,19,21,0.5661877886095433,3898.0,680.0,610.0,24.0,1,1,0,0,0,3,Moderately Selective (50-75%),Master's University
174376,North Hennepin Community College,MN,4,2,1,2,3,3,2,40,,,,,,0,1,0,0,0,5,2-year/Associate,Associate / CC
174428,Normandale Community College,MN,4,2,1,2,3,3,2,40,,,,,,0,1,0,0,0,5,2-year/Associate,Associate / CC
174437,North Central University,MN,2,1,2,2,7,22,22,51,0.9080882352941176,544.0,,,,1,0,1,0,0,4,Less Selective (>75% or open),Bacc Diverse Fields
174473,Northland Community and Technical College,MN,4,2,1,2,4,8,8,40,,,,,,0,1,0,0,0,5,2-year/Associate,Associate / CC
174491,University of Northwestern-St Paul,MN,2,1,2,2,7,20,19,32,0.9251297257227576,1349.0,648.0,663.0,28.0,1,0,1,0,0,4,Less Selective (>75% or open),Master's University
174507,Northwestern Health Sciences University,MN,2,1,2,2,9,26,26,53,,,,,,1,0,1,0,0,4,Less Selective (>75% or open),Mixed Spec-Focus
174525,Oak Hills Christian College,MN,2,1,2,2,5,22,24,51,,,,,,1,0,1,0,0,4,Less Selective (>75% or open),Bacc Diverse Fields
174570,Pine Technical & Community College,MN,4,2,1,2,3,9,9,40,,,,,,0,1,0,0,0,5,2-year/Associate,Associate / CC
174738,Rochester Community and Technical College,MN,4,2,1,2,4,5,4,40,,,,,,0,1,0,0,0,5,2-year/Associate,Associate / CC
174747,College of Saint Benedict,MN,2,1,2,2,9,21,21,31,0.8780343398460627,1689.0,615.0,630.0,27.0,1,0,1,0,0,4,Less Selective (>75% or open),Bacc Arts & Sciences
174756,St Cloud Technical and Community College,MN,4,2,1,2,4,7,4,40,,,,,,0,1,0,0,0,5,2-year/Associate,Associate / CC
174783,Saint Cloud State University,MN,1,1,1,2,9,18,18,21,0.9528066528066528,4810.0,580.0,620.0,24.0,1,1,0,0,0,4,Less Selective (>75% or open),Master's University
174792,Saint Johns University,MN,2,1,2,2,7,21,21,31,0.8624371859296482,1592.0,600.0,585.0,26.0,1,0,1,0,0,4,Less Selective (>75% or open),Bacc Arts & Sciences
174817,Saint Mary's University of Minnesota,MN,2,1,2,2,9,17,18,21,0.9682539682539683,1071.0,,,28.0,1,0,1,0,0,4,Less Selective (>75% or open),Doctoral / Pro
174844,St Olaf College,MN,2,1,2,2,5,21,21,31,0.5640839971035482,5524.0,730.0,750.0,33.0,1,0,1,0,0,3,Moderately Selective (50-75%),Bacc Arts & Sciences
174862,Crown College,MN,2,1,2,2,7,19,20,32,0.6658841940532081,1278.0,,,,1,0,1,0,0,3,Moderately Selective (50-75%),Master's University
174899,The College of Saint Scholastica,MN,2,1,2,2,9,17,17,21,0.9661222020568663,1653.0,,,27.0,1,0,1,0,0,4,Less Selective (>75% or open),Doctoral / Pro
174914,University of St Thomas,MN,2,1,2,2,9,17,17,16,0.7699609745807404,9481.0,680.0,710.0,29.0,1,0,1,0,0,4,Less Selective (>75% or open),Doctoral / Pro
174978,Empire Beauty School-Bloomington,MN,9,3,3,2,2,-2,-2,-2,,,,,,0,0,0,1,0,5,2-year/Associate,Other
175005,St Catherine University,MN,2,1,2,2,9,17,17,21,0.9252645502645502,1512.0,715.0,735.0,26.0,1,0,1,0,0,4,Less Selective (>75% or open),Doctoral / Pro
175014,Rasmussen University-Minnesota,MN,3,1,3,2,9,23,23,40,,,,,,1,0,0,1,0,4,Less Selective (>75% or open),Bacc Diverse Fields
175041,Saint Paul College,MN,4,2,1,2,4,5,5,40,,,,,,0,1,0,0,0,5,2-year/Associate,Associate / CC
175078,Southwest Minnesota State University,MN,1,1,1,2,8,18,19,32,0.9159178433889602,1558.0,,,23.0,1,1,0,0,0,4,Less Selective (>75% or open),Master's University
175120,Summit Academy Opportunities Industrialization Center,MN,8,3,2,2,1,-2,-2,-2,,,,,,0,0,1,0,0,5,2-year/Associate,Other
175139,United Theological Seminary of the Twin Cities,MN,2,1,2,2,9,24,24,51,,,,,,1,0,1,0,0,4,Less Selective (>75% or open),Bacc/Associate
175227,Dunwoody College of Technology,MN,2,1,2,2,5,23,23,40,0.9804347826086957,460.0,,,22.0,1,0,1,0,0,4,Less Selective (>75% or open),Bacc Diverse Fields
175236,Ridgewater College,MN,4,2,1,2,4,8,8,40,,,,,,0,1,0,0,0,5,2-year/Associate,Associate / CC
175263,Minnesota State College Southeast,MN,4,2,1,2,4,9,8,40,,,,,,0,1,0,0,0,5,2-year/Associate,Associate / CC
175272,Winona State University,MN,1,1,1,2,9,19,20,21,0.7374697223774921,5367.0,610.0,660.0,25.0,1,1,0,0,0,3,Moderately Selective (50-75%),Master's University
175281,Mitchell Hamline School of Law,MN,2,1,2,2,9,31,31,57,,,,,,1,0,1,0,0,4,Less Selective (>75% or open),Special Focus
175315,Century College,MN,4,2,1,2,4,5,4,40,,,,,,0,1,0,0,0,5,2-year/Associate,Associate / CC
175342,Alcorn State University,MS,1,1,1,1,9,20,19,21,0.2993479549496147,6748.0,565.0,550.0,24.0,1,1,0,0,1,2,Selective (25-50%),Master's University
175421,Belhaven University,MS,2,1,2,2,9,17,18,32,0.42603321745847816,2589.0,640.0,560.0,24.0,1,0,1,0,0,2,Selective (25-50%),Doctoral / Pro
175430,Blue Mountain Christian University,MS,2,1,2,2,7,22,22,32,0.956989247311828,186.0,520.0,620.0,26.0,1,0,1,0,0,4,Less Selective (>75% or open),Bacc Diverse Fields
175494,Chris Beauty College,MS,9,3,3,2,2,-2,-2,-2,,,,,,0,0,0,1,0,5,2-year/Associate,Other
175519,Coahoma Community College,MS,4,2,1,1,3,7,7,40,,,,,,0,1,0,0,1,5,2-year/Associate,Associate / CC
175573,Copiah-Lincoln Community College,MS,4,2,1,2,4,4,1,40,,,,,,0,1,0,0,0,5,2-year/Associate,Associate / CC
175616,Delta State University,MS,1,1,1,2,9,18,18,21,0.9861111111111112,936.0,630.0,650.0,24.0,1,1,0,0,0,4,Less Selective (>75% or open),Master's University
175643,East Central Community College,MS,4,2,1,2,3,4,4,40,,,,,,0,1,0,0,0,5,2-year/Associate,Associate / CC
175652,East Mississippi Community College,MS,4,2,1,2,3,7,5,40,,,,,,0,1,0,0,0,5,2-year/Associate,Associate / CC
175698,Fosters Cosmetology College,MS,9,3,3,2,2,-2,-2,-2,,,,,,0,0,0,1,0,5,2-year/Associate,Other
175722,Academy of Hair Design-Grenada,MS,9,3,3,2,2,-2,-2,-2,,,,,,0,0,0,1,0,5,2-year/Associate,Other
175786,Hinds Community College,MS,4,2,1,2,3,8,7,40,,,,,,0,1,0,0,0,5,2-year/Associate,Associate / CC
175810,Holmes Community College,MS,4,2,1,2,3,8,8,40,,,,,,0,1,0,0,0,5,2-year/Associate,Associate / CC
175829,Itawamba Community College,MS,4,2,1,2,3,4,1,40,,,,,,0,1,0,0,0,5,2-year/Associate,Associate / CC
175856,Jackson State University,MS,1,1,1,1,9,16,16,16,0.8863546054200111,12583.0,620.0,590.0,21.0,1,1,0,0,1,4,Less Selective (>75% or open),R2 (high research)
175883,Jones County Junior College,MS,4,2,1,2,3,4,4,40,,,,,,0,1,0,0,0,5,2-year/Associate,Associate / CC
175935,Meridian Community College,MS,4,2,1,2,4,8,7,40,,,,,,0,1,0,0,0,5,2-year/Associate,Associate / CC
175980,Millsaps College,MS,2,1,2,2,7,21,21,31,0.6782805429864254,2210.0,699.0,655.0,30.0,1,0,1,0,0,3,Moderately Selective (50-75%),Bacc Arts & Sciences
175999,Board of Trustees-Mississippi State Institutions of Higher Learning,MS,0,1,1,2,9,-2,-2,-2,,,,,,1,1,0,0,0,4,Less Selective (>75% or open),Other
176008,Mississippi Delta Community College,MS,4,2,1,2,3,5,4,40,,,,,,0,1,0,0,0,5,2-year/Associate,Associate / CC
176017,University of Mississippi,MS,1,1,1,2,9,15,15,15,0.9738245708394963,22311.0,620.0,600.0,29.0,1,1,0,0,0,4,Less Selective (>75% or open),R1 (very high research)
176035,Mississippi University for Women,MS,1,1,1,2,9,20,19,22,0.9911111111111112,450.0,,,23.0,1,1,0,0,0,4,Less Selective (>75% or open),Master's University
176044,Mississippi Valley State University,MS,1,1,1,1,7,20,20,32,0.6477832512315271,2436.0,,,18.0,1,1,0,0,1,3,Moderately Selective (50-75%),Master's University
176053,Mississippi College,MS,2,1,2,2,9,17,17,21,0.3999171156237049,2413.0,,,28.0,1,0,1,0,0,2,Selective (25-50%),Doctoral / Pro
176062,Hatfield's Mississippi College of Beauty Culture,MS,9,3,3,2,2,-2,-2,-2,,,,,,0,0,0,1,0,5,2-year/Associate,Other
176071,Mississippi Gulf Coast Community College,MS,4,2,1,2,3,7,4,40,,,,,,0,1,0,0,0,5,2-year/Associate,Associate / CC
176080,Mississippi State University,MS,1,1,1,2,9,15,15,15,0.7518852894317578,18830.0,640.0,640.0,29.0,1,1,0,0,0,4,Less Selective (>75% or open),R1 (very high research)
176169,Northeast Mississippi Community College,MS,4,2,1,2,3,4,4,40,,,,,,0,1,0,0,0,5,2-year/Associate,Associate / CC
176178,Northwest Mississippi Community College,MS,4,2,1,2,3,4,4,40,,,,,,0,1,0,0,0,5,2-year/Associate,Associate / CC
176239,Pearl River Community College,MS,4,2,1,2,3,4,5,40,,,,,,0,1,0,0,0,5,2-year/Associate,Associate / CC
176318,Rust College,MS,2,1,2,1,5,21,21,32,0.7875962707742197,2467.0,669.0,670.0,18.0,1,0,1,0,1,4,Less Selective (>75% or open),Bacc Arts & Sciences
176336,Southeastern Baptist College,MS,2,1,2,2,5,23,24,51,,,,,,1,0,1,0,0,4,Less Selective (>75% or open),Bacc Diverse Fields
176354,Southwest Mississippi Community College,MS,4,2,1,2,3,4,4,40,,,,,,0,1,0,0,0,5,2-year/Associate,Associate / CC
176372,University of Southern Mississippi,MS,1,1,1,2,9,15,15,15,0.988399071925754,9051.0,,,27.0,1,1,0,0,0,4,Less Selective (>75% or open),R1 (very high research)
176406,Tougaloo College,MS,2,1,2,1,7,21,21,31,0.49307774227902024,2817.0,,,,1,0,1,0,1,2,Selective (25-50%),Bacc Arts & Sciences
176433,Vaughn Beauty College,MS,9,3,3,2,2,-2,-2,-2,,,,,,0,0,0,1,0,5,2-year/Associate,Other
176451,Wesley Biblical Seminary,MS,2,1,2,2,9,24,24,51,1.0,4.0,,,,1,0,1,0,0,4,Less Selective (>75% or open),Bacc/Associate
176479,William Carey University,MS,2,1,2,2,9,17,17,21,0.5357833655705996,517.0,710.0,610.0,29.0,1,0,1,0,0,3,Moderately Selective (50-75%),Doctoral / Pro
176600,Aquinas Institute of Theology,MO,2,1,2,2,9,24,24,51,,,,,,1,0,1,0,0,4,Less Selective (>75% or open),Bacc/Associate
176628,Avila University,MO,2,1,2,2,8,19,19,21,0.6762536873156342,2712.0,,,23.0,1,0,1,0,0,3,Moderately Selective (50-75%),Master's University
176664,Mission University,MO,2,1,2,2,7,24,24,51,,,,,,1,0,1,0,0,4,Less Selective (>75% or open),Bacc/Associate
176716,House of Heavilin Beauty College-Blue Springs,MO,9,3,3,2,2,-2,-2,-2,,,,,,0,0,0,1,0,5,2-year/Associate,Other
176770,Cox College,MO,2,1,2,2,9,26,26,40,0.3333333333333333,3.0,,,,1,0,1,0,0,4,Less Selective (>75% or open),Mixed Spec-Focus
176789,Calvary University,MO,2,1,2,2,9,22,24,51,0.631578947368421,57.0,600.0,570.0,24.0,1,0,1,0,0,4,Less Selective (>75% or open),Bacc Diverse Fields
176798,Cape Girardeau Career and Technology Center,MO,4,2,1,2,4,-2,-2,-2,,,,,,0,1,0,0,0,5,2-year/Associate,Other
176910,Central Christian College of the Bible,MO,2,1,2,2,7,24,24,51,,,,,,1,0,1,0,0,4,Less Selective (>75% or open),Bacc/Associate
176947,Central Methodist University-College of Liberal Arts and Sciences,MO,2,1,2,2,5,22,22,32,0.9785591766723842,1166.0,540.0,550.0,23.0,1,0,1,0,0,4,Less Selective (>75% or open),Bacc Diverse Fields
176965,University of Central Missouri,MO,1,1,1,2,8,18,18,21,0.7133987582615662,4993.0,,,24.0,1,1,0,0,0,3,Moderately Selective (50-75%),Master's University
176983,Grand River Technical School,MO,7,3,1,2,2,-2,-2,-2,1.0,55.0,,,19.0,0,1,0,0,0,5,2-year/Associate,Other
177038,Cleveland University-Kansas City,KS,2,1,2,2,9,26,26,53,0.8666666666666667,15.0,,,,1,0,1,0,0,4,Less Selective (>75% or open),Mixed Spec-Focus
177065,Columbia College,MO,2,1,2,2,7,18,18,32,,,,,,1,0,1,0,0,4,Less Selective (>75% or open),Master's University
177083,Conception Seminary College,MO,2,1,2,2,5,24,24,51,1.0,4.0,,,,1,0,1,0,0,4,Less Selective (>75% or open),Bacc/Associate
177092,Concordia Seminary,MO,2,1,2,2,9,24,24,51,,,,,,1,0,1,0,0,4,Less Selective (>75% or open),Bacc/Associate
177117,Cottey College,MO,2,1,2,2,5,23,23,40,0.7302052785923754,682.0,,,,1,0,1,0,0,3,Moderately Selective (50-75%),Bacc Diverse Fields
177126,Covenant Theological Seminary,MO,2,1,2,2,9,24,24,51,,,,,,1,0,1,0,0,4,Less Selective (>75% or open),Bacc/Associate
177135,Crowder College,MO,4,2,1,2,3,4,2,40,,,,,,0,1,0,0,0,5,2-year/Associate,Associate / CC
177144,Culver-Stockton College,MO,2,1,2,2,7,22,22,32,0.9695024077046549,1246.0,,,28.0,1,0,1,0,0,4,Less Selective (>75% or open),Bacc Diverse Fields
177214,Drury University,MO,2,1,2,2,7,20,19,22,0.6343408900083963,2382.0,700.0,660.0,28.0,1,0,1,0,0,3,Moderately Selective (50-75%),Master's University
177250,East Central College,MO,4,2,1,2,3,5,2,40,,,,,,0,1,0,0,0,5,2-year/Associate,Associate / CC
177278,Eden Theological Seminary,MO,2,1,2,2,9,24,24,51,,,,,,1,0,1,0,0,4,Less Selective (>75% or open),Bacc/Associate
177302,Pinnacle Career Institute,MO,6,2,3,2,3,-2,7,40,,,,,,0,0,0,1,0,5,2-year/Associate,Other
177339,Evangel University,MO,2,1,2,2,9,19,19,32,0.6790890269151139,1449.0,,,,1,0,1,0,0,3,Moderately Selective (50-75%),Master's University
177418,Fontbonne University,MO,2,1,2,2,9,19,18,21,0.9443181818181818,880.0,,,,1,0,1,0,0,4,Less Selective (>75% or open),Master's University
177436,Four Rivers Career Center,MO,7,3,1,2,2,-2,-2,-2,,,,,,0,1,0,0,0,5,2-year/Associate,Other
177472,Ozarks Technical Community College,MO,1,1,1,2,5,7,4,40,,,,,,1,1,0,0,0,4,Less Selective (>75% or open),Associate / CC
177542,Hannibal-LaGrange University,MO,2,1,2,2,7,22,22,32,0.6710526315789473,228.0,636.0,679.0,25.0,1,0,1,0,0,4,Less Selective (>75% or open),Bacc Diverse Fields
177551,Harris-Stowe State University,MO,1,1,1,1,5,22,22,58,,,,,,1,1,0,0,1,4,Less Selective (>75% or open),Bacc Diverse Fields
177588,House of Heavilin Beauty College-Kansas City,MO,9,3,3,2,2,-2,-2,-2,,,,,,0,0,0,1,0,5,2-year/Associate,Other
177603,Summit Salon Academy Kansas City,MO,9,3,3,2,2,-2,-2,-2,,,,,,0,0,0,1,0,5,2-year/Associate,Other
177676,Jefferson College,MO,4,2,1,2,4,4,4,40,,,,,,0,1,0,0,0,5,2-year/Associate,Associate / CC
177685,Paul Mitchell the School-Missouri Columbia,MO,9,3,3,2,2,-2,-2,-2,,,,,,0,0,0,1,0,5,2-year/Associate,Other
177719,Barnes-Jewish College Goldfarb School of Nursing,MO,2,1,2,2,9,26,26,53,,,,,,1,0,1,0,0,4,Less Selective (>75% or open),Mixed Spec-Focus
177746,Kansas City Art Institute,MO,2,1,2,2,5,30,30,56,0.5848484848484848,990.0,,,,1,0,1,0,0,3,Moderately Selective (50-75%),Special Focus
177816,Kenrick Glennon Seminary,MO,2,1,2,2,7,24,24,51,,,,,,1,0,1,0,0,4,Less Selective (>75% or open),Bacc/Associate
177834,A T Still University of Health Sciences,MO,2,1,2,2,9,25,25,52,,,,,,1,0,1,0,0,4,Less Selective (>75% or open),Bacc/Associate
177931,Lex La-Ray Technical Center,MO,7,3,1,2,2,-2,-2,-2,1.0,5.0,,,,0,1,0,0,0,5,2-year/Associate,Other
177940,Lincoln University,MO,1,1,1,1,8,22,22,21,,,,,,1,1,0,0,1,4,Less Selective (>75% or open),Bacc Diverse Fields
177968,Lindenwood University,MO,2,1,2,2,9,18,17,21,0.7401646843549863,4372.0,620.0,610.0,27.0,1,0,1,0,0,3,Moderately Selective (50-75%),Master's University
177977,State Technical College of Missouri,MO,4,2,1,2,3,7,7,40,,,,,,0,1,0,0,0,5,2-year/Associate,Associate / CC
177986,Logan University,MO,2,1,2,2,9,26,26,53,0.8181818181818182,22.0,,,23.0,1,0,1,0,0,4,Less Selective (>75% or open),Mixed Spec-Focus
177995,Metropolitan Community College-Kansas City,MO,4,2,1,2,3,1,1,40,,,,,,0,1,0,0,0,5,2-year/Associate,Associate / CC
178059,Maryville University of Saint Louis,MO,2,1,2,2,9,17,17,21,0.8776047904191617,4175.0,,,,1,0,1,0,0,4,Less Selective (>75% or open),Doctoral / Pro
178077,Missouri College of Cosmetology and Esthetics,MO,9,3,3,2,2,-2,-2,-2,,,,,,0,0,0,1,0,5,2-year/Associate,Other
178183,Midwest Institute,MO,6,2,3,2,3,10,10,-2,0.5882352941176471,85.0,,,,0,0,0,1,0,5,2-year/Associate,Associate / CC
178208,Midwestern Baptist Theological Seminary,MO,2,1,2,2,9,24,24,51,0.9428571428571428,105.0,,,,1,0,1,0,0,4,Less Selective (>75% or open),Bacc/Associate
178217,Mineral Area College,MO,4,2,1,2,3,1,1,40,,,,,,0,1,0,0,0,5,2-year/Associate,Associate / CC
178244,Missouri Baptist University,MO,2,1,2,2,9,18,18,32,0.7090047393364929,1055.0,610.0,590.0,26.0,1,0,1,0,0,3,Moderately Selective (50-75%),Master's University
178341,Missouri Southern State University,MO,1,1,1,2,7,20,22,32,0.9948373773877129,1937.0,610.0,610.0,24.0,1,1,0,0,0,4,Less Selective (>75% or open),Master's University
178369,Missouri Valley College,MO,2,1,2,2,7,22,22,32,0.612390350877193,1824.0,560.0,570.0,20.0,1,0,1,0,0,3,Moderately Selective (50-75%),Bacc Diverse Fields
178387,Missouri Western State University,MO,1,1,1,2,7,20,19,32,,,,,,1,1,0,0,0,4,Less Selective (>75% or open),Master's University
178396,University of Missouri-Columbia,MO,1,1,1,2,9,15,15,15,0.7912623750184702,20303.0,670.0,670.0,30.0,1,1,0,0,0,4,Less Selective (>75% or open),R1 (very high research)
178402,University of Missouri-Kansas City,MO,1,1,1,2,9,16,16,16,0.6947876447876448,5180.0,760.0,790.0,30.0,1,1,0,0,0,3,Moderately Selective (50-75%),R2 (high research)
178411,Missouri University of Science and Technology,MO,1,1,1,2,9,16,16,16,0.8149263191253368,6311.0,660.0,710.0,31.0,1,1,0,0,0,4,Less Selective (>75% or open),R2 (high research)
178420,University of Missouri-St Louis,MO,1,1,1,2,9,16,16,16,0.5111167901865576,3913.0,620.0,590.0,27.0,1,1,0,0,0,3,Moderately Selective (50-75%),R2 (high research)
178439,University of Missouri-System Office,MO,0,1,1,2,9,-2,-2,-2,,,,,,1,1,0,0,0,4,Less Selective (>75% or open),Other
178448,Moberly Area Community College,MO,4,2,1,2,3,3,2,40,,,,,,0,1,0,0,0,5,2-year/Associate,Associate / CC
178518,Nazarene Theological Seminary,MO,2,1,2,2,9,24,24,51,,,,,,1,0,1,0,0,4,Less Selective (>75% or open),Bacc/Associate
178527,Neosho Beauty College,MO,9,3,3,2,2,-2,-2,-2,,,,,,0,0,0,1,0,5,2-year/Associate,Other
178615,Truman State University,MO,1,1,1,2,8,19,19,21,0.45052931596091206,4912.0,650.0,680.0,29.0,1,1,0,0,0,2,Selective (25-50%),Master's University
178624,Northwest Missouri State University,MO,1,1,1,2,8,18,18,21,0.855605641995056,6877.0,578.0,580.0,24.0,1,1,0,0,0,4,Less Selective (>75% or open),Master's University
178679,Ozark Christian College,MO,2,1,2,2,7,24,24,51,0.9442970822281167,377.0,,,,1,0,1,0,0,4,Less Selective (>75% or open),Bacc/Associate
178697,College of the Ozarks,MO,2,1,2,2,5,22,22,32,0.21125502456453774,2239.0,640.0,594.0,25.0,1,0,1,0,0,1,Highly Selective (10-25%),Bacc Diverse Fields
178721,Park University,MO,2,1,2,2,7,18,18,21,,,,,,1,0,1,0,0,4,Less Selective (>75% or open),Master's University
178767,Stevens-The Institute of Business & Arts,MO,3,1,3,2,5,22,29,40,1.0,9.0,,,,1,0,0,1,0,4,Less Selective (>75% or open),Bacc Diverse Fields
178828,Poplar Bluff Technical Career Center,MO,7,3,1,2,2,-2,-2,-2,,,,,,0,1,0,0,0,5,2-year/Associate,Other
178891,Ranken Technical College,MO,2,1,2,2,5,14,14,40,,,,,,1,0,1,0,0,4,Less Selective (>75% or open),Associate / CC
178989,Research College of Nursing,MO,3,1,3,2,8,26,26,53,,,,,,1,0,0,1,0,4,Less Selective (>75% or open),Mixed Spec-Focus
179043,Rockhurst University,MO,2,1,2,2,9,18,18,21,0.6645529486366518,3154.0,,,29.0,1,0,1,0,0,3,Moderately Selective (50-75%),Master's University
179159,Saint Louis University,MO,2,1,2,2,9,16,16,15,0.8471430771600185,12986.0,690.0,710.0,31.0,1,0,1,0,0,4,Less Selective (>75% or open),R2 (high research)
179195,Salem College of Hairstyling,MO,9,3,3,2,2,-2,-2,-2,,,,,,0,0,0,1,0,5,2-year/Associate,Other
179265,University of Health Sciences and Pharmacy in St. Louis,MO,2,1,2,2,9,26,26,53,0.9157894736842105,760.0,660.0,720.0,27.0,1,0,1,0,0,4,Less Selective (>75% or open),Mixed Spec-Focus
179308,Saint Louis Community College,MO,1,1,1,2,5,2,2,40,,,,,,1,1,0,0,0,4,Less Selective (>75% or open),Associate / CC
179317,Saint Paul School of Theology,KS,2,1,2,2,9,24,24,51,,,,,,1,0,1,0,0,4,Less Selective (>75% or open),Bacc/Associate
179326,Southwest Baptist University,MO,2,1,2,2,9,18,19,22,0.9954597048808173,881.0,563.0,585.0,25.0,1,0,1,0,0,4,Less Selective (>75% or open),Master's University
179344,Missouri State University-West Plains,MO,4,2,1,2,3,2,2,40,,,,,,0,1,0,0,0,5,2-year/Associate,Associate / CC
179511,St Louis College of Health Careers-St Louis,MO,9,3,3,2,2,10,10,-2,,,,,,0,0,0,1,0,5,2-year/Associate,Associate / CC
179539,State Fair Community College,MO,4,2,1,2,3,4,1,40,,,,,,0,1,0,0,0,5,2-year/Associate,Associate / CC
179548,Stephens College,MO,2,1,2,2,7,20,20,31,0.6415384615384615,650.0,640.0,600.0,25.0,1,0,1,0,0,3,Moderately Selective (50-75%),Master's University
179557,Southeast Missouri State University,MO,1,1,1,2,8,18,18,21,0.8630851663846588,7092.0,590.0,590.0,24.0,1,1,0,0,0,4,Less Selective (>75% or open),Master's University
179566,Missouri State University-Springfield,MO,1,1,1,2,9,17,17,21,0.9256103896103897,9625.0,620.0,610.0,26.0,1,1,0,0,0,4,Less Selective (>75% or open),Doctoral / Pro
179645,Three Rivers College,MO,4,2,1,2,4,1,1,40,,,,,,0,1,0,0,0,5,2-year/Associate,Associate / CC
179715,North Central Missouri College,MO,4,2,1,2,3,7,6,40,,,,,,0,1,0,0,0,5,2-year/Associate,Associate / CC
179812,Kansas City University,MO,2,1,2,2,9,25,25,52,,,,,,1,0,1,0,0,4,Less Selective (>75% or open),Bacc/Associate
179867,Washington University in St Louis,MO,2,1,2,2,9,15,15,15,0.11757356156681452,32014.0,770.0,800.0,35.0,1,0,1,0,0,1,Highly Selective (10-25%),R1 (very high research)
179894,Webster University,MO,2,1,2,2,9,18,18,21,0.5509554140127388,3768.0,665.0,650.0,27.0,1,0,1,0,0,3,Moderately Selective (50-75%),Master's University
179946,Westminster College,MO,2,1,2,2,5,21,21,31,0.7528035104826913,2051.0,520.0,570.0,24.0,1,0,1,0,0,4,Less Selective (>75% or open),Bacc Arts & Sciences
179955,William Jewell College,MO,2,1,2,2,7,22,22,31,0.40990453460620524,1676.0,560.0,570.0,26.0,1,0,1,0,0,2,Selective (25-50%),Bacc Diverse Fields
179964,William Woods University,MO,2,1,2,2,9,17,17,21,0.6146603900470746,1487.0,,,,1,0,1,0,0,3,Moderately Selective (50-75%),Doctoral / Pro
179991,Academy of Cosmetology Inc,MT,9,3,3,2,2,-2,-2,-2,,,,,,0,0,0,1,0,5,2-year/Associate,Other
180054,Blackfeet Community College,MT,2,1,2,2,5,33,33,60,,,,,,1,0,1,0,0,4,Less Selective (>75% or open),Tribal
180063,Butte Academy of Beauty Culture,MT,9,3,3,2,2,-2,-2,-2,,,,,,0,0,0,1,0,5,2-year/Associate,Other
180081,Highlands College of Montana Tech,MT,4,2,1,2,3,9,8,40,,,,,,0,1,0,0,0,5,2-year/Associate,Associate / CC
180090,Crevier's Academy of Cosmetology Arts,MT,9,3,3,2,2,-2,-2,-2,,,,,,0,0,0,1,0,5,2-year/Associate,Other
180106,Carroll College,MT,2,1,2,2,7,22,22,32,0.7807768268597761,1519.0,620.0,580.0,29.0,1,0,1,0,0,4,Less Selective (>75% or open),Bacc Diverse Fields
180151,Dawson Community College,MT,4,2,1,2,3,3,3,40,,,,,,0,1,0,0,0,5,2-year/Associate,Associate / CC
180160,Chief Dull Knife College,MT,4,2,1,2,3,33,33,60,,,,,,0,1,0,0,0,5,2-year/Associate,Tribal
180179,Montana State University Billings,MT,1,1,1,2,8,19,19,21,,,,,,1,1,0,0,0,4,Less Selective (>75% or open),Master's University
180197,Flathead Valley Community College,MT,4,2,1,2,3,6,6,40,,,,,,0,1,0,0,0,5,2-year/Associate,Associate / CC
180203,Aaniiih Nakoda College,MT,1,1,1,2,5,33,33,60,,,,,,1,1,0,0,0,4,Less Selective (>75% or open),Tribal
180212,Fort Peck Community College,MT,4,2,1,2,3,33,33,60,,,,,,0,1,0,0,0,5,2-year/Associate,Tribal
180249,Great Falls College Montana State University,MT,4,2,1,2,3,6,5,40,,,,,,0,1,0,0,0,5,2-year/Associate,Associate / CC
180258,University of Providence,MT,2,1,2,2,7,20,22,22,0.9547738693467337,199.0,420.0,320.0,22.0,1,0,1,0,0,4,Less Selective (>75% or open),Master's University
180276,Helena College University of Montana,MT,4,2,1,2,3,9,8,40,,,,,,0,1,0,0,0,5,2-year/Associate,Associate / CC
180328,Little Big Horn College,MT,4,2,1,2,3,33,33,60,,,,,,0,1,0,0,0,5,2-year/Associate,Tribal
180373,Miles Community College,MT,4,2,1,2,3,6,5,40,,,,,,0,1,0,0,0,5,2-year/Associate,Associate / CC
180416,Montana Technological University,MT,1,1,1,2,9,20,20,54,0.8947068867387592,1757.0,650.0,670.0,25.0,1,1,0,0,0,4,Less Selective (>75% or open),Master's University
180461,Montana State University,MT,1,1,1,2,9,15,15,16,0.7333472251163436,28794.0,650.0,640.0,27.0,1,1,0,0,0,3,Moderately Selective (50-75%),R1 (very high research)
180489,The University of Montana,MT,1,1,1,2,9,15,16,16,0.9538186290953818,8943.0,,,,1,1,0,0,0,4,Less Selective (>75% or open),R1 (very high research)
180522,Montana State University-Northern,MT,1,1,1,2,7,22,22,22,,,,,,1,1,0,0,0,4,Less Selective (>75% or open),Bacc Diverse Fields
180595,Rocky Mountain College,MT,2,1,2,2,9,20,20,32,0.7517146776406035,1458.0,600.0,630.0,24.0,1,0,1,0,0,4,Less Selective (>75% or open),Master's University
180647,Salish Kootenai College,MT,1,1,1,2,7,33,33,60,,,,,,1,1,0,0,0,4,Less Selective (>75% or open),Tribal
180692,The University of Montana-Western,MT,1,1,1,2,6,22,22,32,0.36314363143631434,1476.0,,,,1,1,0,0,0,2,Selective (25-50%),Bacc Diverse Fields
180814,Bellevue University,NE,2,1,2,2,9,18,18,21,,,,,,1,0,1,0,0,4,Less Selective (>75% or open),Master's University
180832,Clarkson College,NE,2,1,2,2,9,26,26,53,0.5606060606060606,66.0,,,,1,0,1,0,0,4,Less Selective (>75% or open),Mixed Spec-Focus
180878,Bryan College of Health Sciences,NE,2,1,2,2,9,26,26,-2,0.6756756756756757,185.0,,,,1,0,1,0,0,4,Less Selective (>75% or open),Mixed Spec-Focus
180902,Central Community College,NE,4,2,1,2,3,9,9,40,,,,,,0,1,0,0,0,5,2-year/Associate,Associate / CC
180948,Chadron State College,NE,1,1,1,2,7,19,19,21,,,,,,1,1,0,0,0,4,Less Selective (>75% or open),Master's University
180957,College of Hair Design-Downtown,NE,6,2,3,2,4,-2,-2,-2,,,,,,0,0,0,1,0,5,2-year/Associate,Other
180984,Concordia University-Nebraska,NE,2,1,2,2,7,18,18,22,0.908411214953271,1605.0,640.0,610.0,25.0,1,0,1,0,0,4,Less Selective (>75% or open),Master's University
181002,Creighton University,NE,2,1,2,2,9,16,17,21,0.7569261627178138,7977.0,700.0,720.0,32.0,1,0,1,0,0,4,Less Selective (>75% or open),R2 (high research)
181020,Doane University,NE,2,1,2,2,9,18,21,22,0.7583205325140809,1953.0,,,,1,0,1,0,0,4,Less Selective (>75% or open),Master's University
181127,Hastings College,NE,2,1,2,2,7,22,22,31,0.7133427628477134,2121.0,,,27.0,1,0,1,0,0,3,Moderately Selective (50-75%),Bacc Diverse Fields
181145,CHI Health School of Radiologic Technology,NE,2,1,2,2,5,10,10,-2,,,,,,1,0,1,0,0,4,Less Selective (>75% or open),Associate / CC
181190,Joseph's College Cosmetology,NE,6,2,3,2,4,-2,-2,-2,,,,,,0,0,0,1,0,5,2-year/Associate,Other
181215,University of Nebraska at Kearney,NE,1,1,1,2,8,18,18,21,0.8598763614954371,6794.0,600.0,600.0,25.0,1,1,0,0,0,4,Less Selective (>75% or open),Master's University
181297,Nebraska Methodist College of Nursing & Allied Health,NE,2,1,2,2,9,26,26,53,0.9052631578947369,95.0,,,,1,0,1,0,0,4,Less Selective (>75% or open),Mixed Spec-Focus
181303,Metropolitan Community College Area,NE,4,2,1,2,3,6,3,40,,,,,,0,1,0,0,0,5,2-year/Associate,Associate / CC
181312,Mid-Plains Community College,NE,4,2,1,2,3,6,6,-2,,,,,,0,1,0,0,0,5,2-year/Associate,Associate / CC
181330,Midland University,NE,2,1,2,2,9,20,20,32,0.6490288010716678,1493.0,610.0,600.0,25.0,1,0,1,0,0,3,Moderately Selective (50-75%),Master's University
181394,University of Nebraska at Omaha,NE,1,1,1,2,9,16,16,21,0.8586156111929307,9506.0,,,26.0,1,1,0,0,0,4,Less Selective (>75% or open),R2 (high research)
181419,Nebraska Indian Community College,NE,1,1,1,2,5,33,33,60,,,,,,1,1,0,0,0,4,Less Selective (>75% or open),Tribal
181428,University of Nebraska Medical Center,NE,1,1,1,2,9,27,25,52,,,,,,1,1,0,0,0,4,Less Selective (>75% or open),Mixed Spec-Focus
181446,Nebraska Wesleyan University,NE,2,1,2,2,8,20,19,31,0.8147679324894515,2370.0,630.0,610.0,29.0,1,0,1,0,0,4,Less Selective (>75% or open),Master's University
181464,University of Nebraska-Lincoln,NE,1,1,1,2,9,15,15,15,0.7864098000209402,19102.0,670.0,670.0,28.0,1,1,0,0,0,4,Less Selective (>75% or open),R1 (very high research)
181491,Northeast Community College,NE,4,2,1,2,3,8,6,40,,,,,,0,1,0,0,0,5,2-year/Associate,Associate / CC
181534,Peru State College,NE,1,1,1,2,7,19,19,22,,,,,,1,1,0,0,0,4,Less Selective (>75% or open),Master's University
181543,Summit Christian College,NE,2,1,2,2,5,24,24,-2,0.6666666666666666,6.0,,,,1,0,1,0,0,4,Less Selective (>75% or open),Bacc/Associate
181604,College of Saint Mary,NE,2,1,2,2,9,19,19,32,0.6458333333333334,144.0,,,24.0,1,0,1,0,0,4,Less Selective (>75% or open),Master's University
181640,Southeast Community College Area,NE,4,2,1,2,3,8,6,40,,,,,,0,1,0,0,0,5,2-year/Associate,Associate / CC
181738,Union Adventist University,NE,2,1,2,2,7,22,22,32,0.9882978723404255,940.0,590.0,540.0,24.0,1,0,1,0,0,4,Less Selective (>75% or open),Bacc Diverse Fields
181747,University of Nebraska-Central Administration System Office,NE,0,1,1,2,9,-2,-2,-2,,,,,,1,1,0,0,0,4,Less Selective (>75% or open),Other
181765,Nebraska College of Technical Agriculture,NE,4,2,1,2,3,13,13,-2,,,,,,0,1,0,0,0,5,2-year/Associate,Associate / CC
181783,Wayne State College,NE,1,1,1,2,8,18,19,21,,,,,,1,1,0,0,0,4,Less Selective (>75% or open),Master's University
181817,Western Nebraska Community College,NE,4,2,1,2,4,5,6,40,,,,,,0,1,0,0,0,5,2-year/Associate,Associate / CC
181853,York University,NE,2,1,2,2,7,22,22,32,0.5729166666666666,480.0,565.0,560.0,27.0,1,0,1,0,0,4,Less Selective (>75% or open),Bacc Diverse Fields
181880,Academy of Hair Design-Las Vegas,NV,9,3,3,2,2,-2,-2,-2,,,,,,0,0,0,1,0,5,2-year/Associate,Other
181941,Career College of Northern Nevada,NV,6,2,3,2,3,8,7,40,,,,,,0,0,0,1,0,5,2-year/Associate,Associate / CC
182005,College of Southern Nevada,NV,1,1,1,2,5,14,14,40,,,,,,1,1,0,0,0,4,Less Selective (>75% or open),Associate / CC
182148,Las Vegas College,NV,3,1,3,2,5,10,7,40,,,,,,1,0,0,1,0,4,Less Selective (>75% or open),Associate / CC
182281,University of Nevada-Las Vegas,NV,1,1,1,2,9,15,15,16,0.8531073446327684,13275.0,620.0,600.0,24.0,1,1,0,0,0,4,Less Selective (>75% or open),R1 (very high research)
182290,University of Nevada-Reno,NV,1,1,1,2,9,15,15,15,0.8562460097893169,9398.0,,,,1,1,0,0,0,4,Less Selective (>75% or open),R1 (very high research)
182306,Great Basin College,NV,1,1,1,2,5,23,23,40,,,,,,1,1,0,0,0,4,Less Selective (>75% or open),Bacc Diverse Fields
182500,Truckee Meadows Community College,NV,1,1,1,2,5,14,5,40,,,,,,1,1,0,0,0,4,Less Selective (>75% or open),Associate / CC
182519,Nevada System of Higher Education-System Office,NV,0,1,1,2,9,-2,-2,-2,,,,,,1,1,0,0,0,4,Less Selective (>75% or open),Other
182564,Western Nevada College,NV,1,1,1,2,5,14,14,40,,,,,,1,1,0,0,0,4,Less Selective (>75% or open),Associate / CC
182634,Colby-Sawyer College,NH,2,1,2,2,9,22,22,32,0.7801256424900057,1751.0,,,,1,0,1,0,0,4,Less Selective (>75% or open),Bacc Diverse Fields
182670,Dartmouth College,NH,2,1,2,2,9,15,15,16,0.06380575945793338,28336.0,780.0,800.0,35.0,1,0,1,0,0,0,Elite (<10%),R1 (very high research)
182704,Empire Beauty School-Laconia,NH,9,3,3,2,2,-2,-2,-2,,,,,,0,0,0,1,0,5,2-year/Associate,Other
182722,Empire Beauty School-Somersworth,NH,9,3,3,2,2,-2,-2,-2,,,,,,0,0,0,1,0,5,2-year/Associate,Other
182795,Franklin Pierce University,NH,2,1,2,2,9,19,19,31,0.9271860095389507,3145.0,610.0,560.0,22.0,1,0,1,0,0,4,Less Selective (>75% or open),Master's University
182829,University of New Hampshire-Franklin Pierce School of Law,NH,1,1,1,2,9,31,31,57,,,,,,1,1,0,0,0,4,Less Selective (>75% or open),Special Focus
182892,Keene Beauty Academy,NH,9,3,3,2,2,-2,-2,-2,,,,,,0,0,0,1,0,5,2-year/Associate,Other
182917,Magdalen College,NH,2,1,2,2,5,21,21,-2,0.9795918367346939,49.0,,,,1,0,1,0,0,4,Less Selective (>75% or open),Bacc Arts & Sciences
182980,New England College,NH,2,1,2,2,9,18,18,32,0.9993765586034913,6416.0,,,,1,0,1,0,0,4,Less Selective (>75% or open),Master's University
182999,New England School of Hair Design,NH,9,3,3,2,2,-2,-2,-2,,,,,,0,0,0,1,0,5,2-year/Associate,Other
183026,Southern New Hampshire University,NH,2,1,2,2,9,18,18,55,0.9637419426539231,35992.0,,,,1,0,1,0,0,4,Less Selective (>75% or open),Master's University
183035,New Hampshire Institute for Therapeutic Arts,NH,9,3,3,2,1,-2,-2,-2,,,,,,0,0,0,1,0,5,2-year/Associate,Other
183044,University of New Hampshire-Main Campus,NH,1,1,1,2,9,15,15,15,0.86986105824134,21016.0,660.0,660.0,31.0,1,1,0,0,0,4,Less Selective (>75% or open),R1 (very high research)
183062,Keene State College,NH,1,1,1,2,8,22,22,22,0.8952529529752619,4487.0,,,,1,1,0,0,0,4,Less Selective (>75% or open),Bacc Diverse Fields
183071,University of New Hampshire at Manchester,NH,1,1,1,2,7,21,21,32,0.8527777777777777,360.0,580.0,590.0,,1,1,0,0,0,4,Less Selective (>75% or open),Bacc Arts & Sciences
183080,Plymouth State University,NH,1,1,1,2,9,18,18,21,0.9754943383471354,5917.0,,,,1,1,0,0,0,4,Less Selective (>75% or open),Master's University
183099,NHTI-Concord's Community College,NH,4,2,1,2,3,6,4,40,,,,,,0,1,0,0,0,5,2-year/Associate,Associate / CC
183105,White Mountains Community College,NH,4,2,1,2,3,9,9,40,,,,,,0,1,0,0,0,5,2-year/Associate,Associate / CC
183114,River Valley Community College,NH,4,2,1,2,3,9,8,40,,,,,,0,1,0,0,0,5,2-year/Associate,Associate / CC
183123,Lakes Region Community College,NH,4,2,1,2,3,9,8,40,,,,,,0,1,0,0,0,5,2-year/Associate,Associate / CC
183132,Manchester Community College,NH,4,2,1,2,3,6,5,40,,,,,,0,1,0,0,0,5,2-year/Associate,Associate / CC
183141,Nashua Community College,NH,4,2,1,2,4,6,5,40,,,,,,0,1,0,0,0,5,2-year/Associate,Associate / CC
183150,Great Bay Community College,NH,4,2,1,2,3,6,5,40,,,,,,0,1,0,0,0,5,2-year/Associate,Associate / CC
183202,Paul Mitchell the School-Portsmouth,NH,9,3,3,2,2,-2,-2,-2,,,,,,0,0,0,1,0,5,2-year/Associate,Other
183211,Rivier University,NH,2,1,2,2,9,19,18,21,0.8446899938612645,1629.0,,,,1,0,1,0,0,4,Less Selective (>75% or open),Master's University
183239,Saint Anselm College,NH,2,1,2,2,7,21,21,31,0.8229937393284007,3514.0,650.0,640.0,30.0,1,0,1,0,0,4,Less Selective (>75% or open),Bacc Arts & Sciences
183248,St Joseph School of Nursing,NH,5,2,2,2,3,10,10,-2,,,,,,0,0,1,0,0,5,2-year/Associate,Associate / CC
183257,University of New Hampshire College of Professional Studies Online,NH,1,1,1,2,7,20,20,31,,,,,,1,1,0,0,0,4,Less Selective (>75% or open),Master's University
183275,Thomas More College of Liberal Arts,NH,2,1,2,2,5,21,21,59,,,,,,1,0,1,0,0,4,Less Selective (>75% or open),Bacc Arts & Sciences
183327,University System of New Hampshire System Office,NH,0,1,1,2,9,-2,-2,-2,,,,,,1,1,0,0,0,4,Less Selective (>75% or open),Other
183488,Eastwick College-Hackensack,NJ,3,1,3,2,5,8,9,-2,,,,,,1,0,0,1,0,4,Less Selective (>75% or open),Associate / CC
183600,Assumption College for Sisters,NJ,5,2,2,2,3,1,1,40,,,,,,0,0,1,0,0,5,2-year/Associate,Associate / CC
183655,Atlantic Cape Community College,NJ,4,2,1,2,3,1,1,40,,,,,,0,1,0,0,0,5,2-year/Associate,Associate / CC
183725,Fortis Institute-Wayne,NJ,9,3,3,2,2,-2,-2,-2,,,,,,0,0,0,1,0,5,2-year/Associate,Other
183743,Bergen Community College,NJ,4,2,1,2,3,1,1,40,,,,,,0,1,0,0,0,5,2-year/Associate,Associate / CC
183789,Berkeley College-Woodland Park,NJ,3,1,3,2,7,20,22,40,,,,,,1,0,0,1,0,4,Less Selective (>75% or open),Master's University
183804,Beth Medrash Govoha,NJ,2,1,2,2,8,24,24,51,,,,,,1,0,1,0,0,4,Less Selective (>75% or open),Bacc/Associate
183822,Bloomfield College,NJ,2,1,2,2,7,21,21,32,0.7817826208438111,3579.0,460.0,500.0,16.0,1,0,1,0,0,4,Less Selective (>75% or open),Bacc Arts & Sciences
183859,Brookdale Community College,NJ,4,2,1,2,3,4,4,40,,,,,,0,1,0,0,0,5,2-year/Associate,Associate / CC
183877,Rowan College at Burlington County,NJ,4,2,1,2,3,2,2,40,,,,,,0,1,0,0,0,5,2-year/Associate,Associate / CC
183910,Caldwell University,NJ,2,1,2,2,9,19,19,32,0.6637088283952474,6649.0,620.0,700.0,26.0,1,0,1,0,0,3,Moderately Selective (50-75%),Master's University
183938,Camden County College,NJ,4,2,1,2,3,3,5,40,,,,,,0,1,0,0,0,5,2-year/Associate,Associate / CC
183974,Centenary University,NJ,2,1,2,2,9,19,19,32,0.9654135338345865,1330.0,,,,1,0,1,0,0,4,Less Selective (>75% or open),Master's University
183983,Adult and Continuing Education-BCTS,NJ,7,3,1,2,2,-2,-2,-2,,,,,,0,1,0,0,0,5,2-year/Associate,Other
184056,Lincoln Technical Institute-Iselin,NJ,9,3,3,2,2,-2,-2,-2,,,,,,0,0,0,1,0,5,2-year/Associate,Other
184092,American Institute-Clifton,NJ,6,2,3,2,4,-2,-2,-2,,,,,,0,0,0,1,0,5,2-year/Associate,Other
184180,County College of Morris,NJ,4,2,1,2,3,2,1,40,,,,,,0,1,0,0,0,5,2-year/Associate,Associate / CC
184205,Rowan College of South Jersey-Cumberland Campus,NJ,4,2,1,2,3,4,4,40,,,,,,0,1,0,0,0,5,2-year/Associate,Associate / CC
184348,Drew University,NJ,2,1,2,2,9,21,21,31,0.7265888456549935,3855.0,690.0,650.0,28.0,1,0,1,0,0,3,Moderately Selective (50-75%),Bacc Arts & Sciences
184427,Lincoln Technical Institute-South Plainfield,NJ,6,2,3,2,4,-2,-2,-2,,,,,,0,0,0,1,0,5,2-year/Associate,Other
184481,Essex County College,NJ,4,2,1,2,3,4,4,40,,,,,,0,1,0,0,0,5,2-year/Associate,Associate / CC
184506,Empire Beauty School-Union,NJ,9,3,3,2,2,-2,-2,-2,,,,,,0,0,0,1,0,5,2-year/Associate,Other
184603,Fairleigh Dickinson University-Metropolitan Campus,NJ,2,1,2,2,9,18,18,21,0.8409408476944574,4294.0,580.0,600.0,23.0,1,0,1,0,0,4,Less Selective (>75% or open),Master's University
184612,Felician University,NJ,2,1,2,2,9,19,19,32,0.8915135608048994,2286.0,558.0,550.0,25.0,1,0,1,0,0,4,Less Selective (>75% or open),Master's University
184694,Fairleigh Dickinson University-Florham Campus,NJ,2,1,2,2,9,18,18,-2,0.891201085727211,4421.0,650.0,660.0,30.0,1,0,1,0,0,4,Less Selective (>75% or open),Master's University
184746,Hohokus School of Trade and Technical Sciences,NJ,9,3,3,2,2,-2,-2,-2,,,,,,0,0,0,1,0,5,2-year/Associate,Other
184773,Georgian Court University,NJ,2,1,2,2,9,18,19,21,0.7578998541565386,2057.0,648.0,603.0,,1,0,1,0,0,4,Less Selective (>75% or open),Master's University
184782,Rowan University,NJ,1,1,1,2,9,16,16,21,0.7694492101993728,16903.0,650.0,650.0,31.0,1,1,0,0,0,4,Less Selective (>75% or open),R2 (high research)
184791,Rowan College of South Jersey-Gloucester Campus,NJ,4,2,1,2,3,1,1,40,,,,,,0,1,0,0,0,5,2-year/Associate,Associate / CC
184816,Empire Beauty School-Cherry Hill,NJ,9,3,3,2,2,-2,-2,-2,,,,,,0,0,0,1,0,5,2-year/Associate,Other
184959,Eastwick College-Ramsey,NJ,3,1,3,2,5,26,26,-2,,,,,,1,0,0,1,0,4,Less Selective (>75% or open),Mixed Spec-Focus
184968,Holy Name Medical Center-Sister Claire Tynan School of Nursing,NJ,5,2,2,2,4,-2,-2,-2,0.2,15.0,,,,0,0,1,0,0,5,2-year/Associate,Other
184995,Hudson County Community College,NJ,4,2,1,2,3,4,1,40,,,,,,0,1,0,0,0,5,2-year/Associate,Associate / CC
185129,New Jersey City University,NJ,1,1,1,2,9,18,18,21,0.901443816698054,6372.0,,,,1,1,0,0,0,4,Less Selective (>75% or open),Master's University
185174,Joe Kubert School of Cartoon and Graphic Art,NJ,9,3,3,2,2,-2,-2,-2,0.7951807228915663,83.0,,,,0,0,0,1,0,5,2-year/Associate,Other
185262,Kean University,NJ,1,1,1,2,9,17,18,21,0.8260371959942775,10485.0,580.0,580.0,25.0,1,1,0,0,0,4,Less Selective (>75% or open),Doctoral / Pro
185396,Lincoln Technical Institute-Union,NJ,9,3,3,2,2,-2,-2,-2,,,,,,0,0,0,1,0,5,2-year/Associate,Other
185466,Rizzieri Aveda School for Beauty and Wellness,NJ,9,3,3,2,2,-2,-2,-2,,,,,,0,0,0,1,0,5,2-year/Associate,Other
185509,Mercer County Community College,NJ,4,2,1,2,3,4,4,40,,,,,,0,1,0,0,0,5,2-year/Associate,Associate / CC
185536,Middlesex College,NJ,4,2,1,2,3,2,4,40,,,,,,0,1,0,0,0,5,2-year/Associate,Associate / CC
185572,Monmouth University,NJ,2,1,2,2,9,18,18,21,0.9091596321028096,7937.0,660.0,640.0,30.0,1,0,1,0,0,4,Less Selective (>75% or open),Master's University
185590,Montclair State University,NJ,1,1,1,2,9,16,16,21,0.9131491609404946,21393.0,610.0,590.0,,1,1,0,0,0,4,Less Selective (>75% or open),R2 (high research)
185679,JFK Muhlenberg Harold B. and Dorothy A. Snyder Schools,NJ,5,2,2,2,4,-2,-2,-2,1.0,6.0,,,,0,0,1,0,0,5,2-year/Associate,Other
185721,Eastwick College-Nutley,NJ,6,2,3,2,3,10,8,-2,,,,,,0,0,0,1,0,5,2-year/Associate,Associate / CC
185758,New Brunswick Theological Seminary,NJ,2,1,2,2,9,24,24,51,,,,,,1,0,1,0,0,4,Less Selective (>75% or open),Bacc/Associate
185767,Robert Fiance Beauty Schools-West New York,NJ,9,3,3,2,2,-2,-2,-2,,,,,,0,0,0,1,0,5,2-year/Associate,Other
185828,New Jersey Institute of Technology,NJ,1,1,1,2,9,15,15,16,0.6598770176787087,13010.0,700.0,750.0,33.0,1,1,0,0,0,3,Moderately Selective (50-75%),R1 (very high research)
185873,Ocean County College,NJ,4,2,1,2,3,3,2,40,,,,,,0,1,0,0,0,5,2-year/Associate,Associate / CC
185970,P B Cosmetology Education Center,NJ,9,3,3,2,2,-2,-2,-2,,,,,,0,0,0,1,0,5,2-year/Associate,Other
186016,Parisian Beauty School,NJ,9,3,3,2,2,-2,-2,-2,,,,,,0,0,0,1,0,5,2-year/Associate,Other
186034,Passaic County Community College,NJ,4,2,1,2,3,4,4,40,,,,,,0,1,0,0,0,5,2-year/Associate,Associate / CC
186052,Pennco Tech-Blackwood,NJ,6,2,3,2,4,-2,-2,-2,,,,,,0,0,0,1,0,5,2-year/Associate,Other
186122,Princeton Theological Seminary,NJ,2,1,2,2,9,24,24,51,,,,,,1,0,1,0,0,4,Less Selective (>75% or open),Bacc/Associate
186131,Princeton University,NJ,2,1,2,2,9,15,15,15,0.05699781688103317,38019.0,780.0,800.0,35.0,1,0,1,0,0,0,Elite (<10%),R1 (very high research)
186186,Rabbinical College of America,NJ,2,1,2,2,7,24,24,51,0.9466666666666667,75.0,,,,1,0,1,0,0,4,Less Selective (>75% or open),Bacc/Associate
186201,Ramapo College of New Jersey,NJ,1,1,1,2,9,18,19,32,0.7047315110309421,7207.0,650.0,645.0,32.0,1,1,0,0,0,3,Moderately Selective (50-75%),Master's University
186274,Robert Fiance Beauty Schools,FL,9,3,3,2,2,-2,-2,-2,,,,,,0,0,0,1,0,5,2-year/Associate,Other
186283,Rider University,NJ,2,1,2,2,9,18,18,21,0.8413276231263384,9340.0,650.0,650.0,29.0,1,0,1,0,0,4,Less Selective (>75% or open),Master's University
186371,Rutgers University-Camden,NJ,1,1,1,2,9,16,16,21,0.7651861821444594,11145.0,640.0,640.0,30.0,1,1,0,0,0,4,Less Selective (>75% or open),R2 (high research)
186380,Rutgers University-New Brunswick,NJ,1,1,1,2,9,15,15,15,0.6628895184135978,41654.0,720.0,760.0,33.0,1,1,0,0,0,3,Moderately Selective (50-75%),R1 (very high research)
186399,Rutgers University-Newark,NJ,1,1,1,2,9,16,16,16,0.7394040843655842,14935.0,,,,1,1,0,0,0,3,Moderately Selective (50-75%),R2 (high research)
186405,Capital Health School of Radiologic Technology,NJ,5,2,2,2,4,-2,-2,-2,,,,,,0,0,1,0,0,5,2-year/Associate,Other
186423,Capital Health School of Nursing,NJ,5,2,2,2,4,-2,-2,-2,,,,,,0,0,1,0,0,5,2-year/Associate,Other
186432,Saint Peter's University,NJ,2,1,2,2,9,18,18,21,0.8882960986995665,2999.0,,,,1,0,1,0,0,4,Less Selective (>75% or open),Master's University
186469,Salem Community College,NJ,4,2,1,2,3,9,4,40,,,,,,0,1,0,0,0,5,2-year/Associate,Associate / CC
186584,Seton Hall University,NJ,2,1,2,2,9,16,16,16,0.7506509657611441,25731.0,700.0,690.0,31.0,1,0,1,0,0,4,Less Selective (>75% or open),R2 (high research)
186593,Shore Beauty School,NJ,9,3,3,2,2,-2,-2,-2,,,,,,0,0,0,1,0,5,2-year/Associate,Other
186618,Saint Elizabeth University,NJ,2,1,2,2,9,19,19,32,0.7192268565615463,1966.0,,,,1,0,1,0,0,3,Moderately Selective (50-75%),Master's University
186645,Raritan Valley Community College,NJ,4,2,1,2,3,5,4,40,,,,,,0,1,0,0,0,5,2-year/Associate,Associate / CC
186867,Stevens Institute of Technology,NJ,2,1,2,2,9,16,16,16,0.46224,12500.0,730.0,780.0,34.0,1,0,1,0,0,2,Selective (25-50%),R2 (high research)
186876,Stockton University,NJ,1,1,1,2,9,17,18,31,0.8553852570117819,9591.0,630.0,620.0,25.0,1,1,0,0,0,4,Less Selective (>75% or open),Doctoral / Pro
186900,Talmudical Academy-New Jersey,NJ,2,1,2,2,5,24,24,51,0.6666666666666666,18.0,,,,1,0,1,0,0,4,Less Selective (>75% or open),Bacc/Associate
187000,Aviation Institute of Maintenance-Teterboro,NJ,6,2,3,2,4,-2,-2,-2,,,,,,0,0,0,1,0,5,2-year/Associate,Other
187046,Thomas Edison State University,NJ,1,1,1,2,9,19,19,22,,,,,,1,1,0,0,0,4,Less Selective (>75% or open),Master's University
187134,The College of New Jersey,NJ,1,1,1,2,8,18,18,21,0.6443409046787032,10302.0,670.0,680.0,30.0,1,1,0,0,0,3,Moderately Selective (50-75%),Master's University
187198,"UCNJ Union College of Union County, NJ",NJ,4,2,1,2,3,4,1,40,,,,,,0,1,0,0,0,5,2-year/Associate,Associate / CC
187444,William Paterson University of New Jersey,NJ,1,1,1,2,9,18,18,21,0.9153214386859246,7062.0,680.0,665.0,,1,1,0,0,0,4,Less Selective (>75% or open),Master's University
187505,Olympian Academy of Cosmetology,NM,9,3,3,2,2,-2,-2,-2,,,,,,0,0,0,1,0,5,2-year/Associate,Other
187532,Central New Mexico Community College,NM,4,2,1,2,4,2,2,40,,,,,,0,1,0,0,0,5,2-year/Associate,Associate / CC
187596,Navajo Technical University,NM,1,1,1,2,9,33,33,60,,,,,,1,1,0,0,0,4,Less Selective (>75% or open),Tribal
187620,New Mexico State University-Dona Ana,NM,4,2,1,2,3,5,5,40,,,,,,0,1,0,0,0,5,2-year/Associate,Associate / CC
187639,Clovis Community College,NM,4,2,1,2,3,6,6,40,,,,,,0,1,0,0,0,5,2-year/Associate,Associate / CC
187648,Eastern New Mexico University-Main Campus,NM,1,1,1,2,7,18,18,21,0.27553998832457677,1713.0,560.0,540.0,22.0,1,1,0,0,0,2,Selective (25-50%),Master's University
187666,Eastern New Mexico University-Roswell Campus,NM,4,2,1,2,4,8,9,40,,,,,,0,1,0,0,0,5,2-year/Associate,Associate / CC
187745,Institute of American Indian and Alaska Native Culture and Arts Development,NM,1,1,1,2,7,33,33,60,1.0,82.0,,,,1,1,0,0,0,4,Less Selective (>75% or open),Tribal
187897,New Mexico Highlands University,NM,1,1,1,2,7,18,18,21,,,,,,1,1,0,0,0,4,Less Selective (>75% or open),Master's University
187903,New Mexico Junior College,NM,4,2,1,2,3,4,2,40,,,,,,0,1,0,0,0,5,2-year/Associate,Associate / CC
187912,New Mexico Military Institute,NM,4,2,1,2,3,2,1,40,0.5606796116504854,412.0,,,,0,1,0,0,0,5,2-year/Associate,Associate / CC
187958,University of New Mexico-Gallup Campus,NM,4,2,1,2,3,8,7,40,,,,,,0,1,0,0,0,5,2-year/Associate,Associate / CC
187967,New Mexico Institute of Mining and Technology,NM,1,1,1,2,9,20,20,16,0.7442622950819672,1220.0,,,,1,1,0,0,0,3,Moderately Selective (50-75%),Master's University
187976,University of New Mexico-Los Alamos Campus,NM,4,2,1,2,3,3,6,40,,,,,,0,1,0,0,0,5,2-year/Associate,Associate / CC
187985,University of New Mexico-Main Campus,NM,1,1,1,2,9,15,15,15,0.9606772687712636,12639.0,,,25.0,1,1,0,0,0,4,Less Selective (>75% or open),R1 (very high research)
187994,New Mexico State University-Alamogordo,NM,4,2,1,2,3,3,3,40,,,,,,0,1,0,0,0,5,2-year/Associate,Associate / CC
188003,Southeast New Mexico College,NM,4,2,1,2,3,3,6,40,,,,,,0,1,0,0,0,5,2-year/Associate,Associate / CC
188021,New Mexico State University-Grants,NM,4,2,1,2,3,6,6,40,,,,,,0,1,0,0,0,5,2-year/Associate,Associate / CC
188030,New Mexico State University-Main Campus,NM,1,1,1,2,9,16,16,15,0.780453972257251,15860.0,580.0,560.0,23.0,1,1,0,0,0,4,Less Selective (>75% or open),R2 (high research)
188049,University of New Mexico-Valencia County Campus,NM,4,2,1,2,3,5,6,40,,,,,,0,1,0,0,0,5,2-year/Associate,Associate / CC
188058,Northern New Mexico College,NM,1,1,1,2,6,23,23,40,,,,,,1,1,0,0,0,4,Less Selective (>75% or open),Bacc Diverse Fields
188100,San Juan College,NM,4,2,1,2,4,8,8,40,,,,,,0,1,0,0,0,5,2-year/Associate,Associate / CC
188137,Santa Fe Community College,NM,4,2,1,2,3,6,6,40,,,,,,0,1,0,0,0,5,2-year/Associate,Associate / CC
188182,University of the Southwest,NM,2,1,2,2,9,18,19,22,,,,,,1,0,1,0,0,4,Less Selective (>75% or open),Master's University
188207,Southwestern College,NM,2,1,2,2,9,26,26,59,,,,,,1,0,1,0,0,4,Less Selective (>75% or open),Mixed Spec-Focus
188216,Southwestern Indian Polytechnic Institute,NM,4,2,1,2,3,33,33,60,,,,,,0,1,0,0,0,5,2-year/Associate,Tribal
188225,University of New Mexico-Taos Campus,NM,4,2,1,2,3,6,3,40,,,,,,0,1,0,0,0,5,2-year/Associate,Associate / CC
188261,Mesalands Community College,NM,4,2,1,2,3,6,6,40,,,,,,0,1,0,0,0,5,2-year/Associate,Associate / CC
188289,Vogue College of Cosmetology-Santa Fe,NM,9,3,3,2,2,-2,-2,-2,,,,,,0,0,0,1,0,5,2-year/Associate,Other
188304,Western New Mexico University,NM,1,1,1,2,7,18,18,21,,,,,,1,1,0,0,0,4,Less Selective (>75% or open),Master's University
188340,Vaughn College of Aeronautics and Technology,NY,2,1,2,2,7,22,23,54,,,,,,1,0,1,0,0,4,Less Selective (>75% or open),Bacc Diverse Fields
188429,Adelphi University,NY,2,1,2,2,9,17,17,16,0.7277614010750824,17301.0,650.0,660.0,29.0,1,0,1,0,0,3,Moderately Selective (50-75%),Doctoral / Pro
188438,SUNY Adirondack,NY,4,2,1,2,3,1,1,40,,,,,,0,1,0,0,0,5,2-year/Associate,Associate / CC
188517,Bryant & Stratton College-Albany,NY,2,1,2,2,5,14,14,40,,,,,,1,0,1,0,0,4,Less Selective (>75% or open),Associate / CC
188526,Albany College of Pharmacy and Health Sciences,NY,2,1,2,2,9,26,26,53,0.6629103380695738,2041.0,710.0,760.0,32.0,1,0,1,0,0,3,Moderately Selective (50-75%),Mixed Spec-Focus
188535,Albany Law School,NY,2,1,2,2,9,31,31,57,,,,,,1,0,1,0,0,4,Less Selective (>75% or open),Special Focus
188580,Albany Medical College,NY,2,1,2,2,9,25,25,52,,,,,,1,0,1,0,0,4,Less Selective (>75% or open),Bacc/Associate
188641,Alfred University,NY,2,1,2,2,9,18,18,21,0.5061345367367085,7091.0,650.0,640.0,30.0,1,0,1,0,0,3,Moderately Selective (50-75%),Master's University
188650,Allen School-Brooklyn,NY,9,3,3,2,2,-2,-2,-2,,,,,,0,0,0,1,0,5,2-year/Associate,Other
188669,The Ailey School,NY,5,2,2,2,4,-2,-2,-2,0.5994475138121547,362.0,,,,0,0,1,0,0,5,2-year/Associate,Other
188678,American Academy of Dramatic Arts-New York,NY,5,2,2,2,3,12,12,40,0.8106508875739645,338.0,,,,0,0,1,0,0,5,2-year/Associate,Associate / CC
188687,American Academy McAllister Institute of Funeral Service,NY,5,2,2,2,3,12,12,40,,,,,,0,0,1,0,0,5,2-year/Associate,Associate / CC
188696,Joffrey Ballet School,NY,6,2,3,2,4,-2,-2,-2,0.6080295826730058,1893.0,,,,0,0,0,1,0,5,2-year/Associate,Other
188854,American Musical and Dramatic Academy,NY,2,1,2,2,7,30,30,-2,0.25851924491296885,8158.0,,,,1,0,1,0,0,2,Selective (25-50%),Special Focus
188890,Apex Technical School,NY,9,3,3,2,2,-2,-2,-2,,,,,,0,0,0,1,0,5,2-year/Associate,Other
188915,Arnot Ogden Medical Center,NY,5,2,2,2,3,-2,-2,-2,0.5882352941176471,17.0,,,,0,0,1,0,0,5,2-year/Associate,Other
188942,Associated Beth Rivkah Schools,NY,2,1,2,2,5,13,-2,-2,0.9924812030075187,133.0,,,,1,0,1,0,0,4,Less Selective (>75% or open),Associate / CC
189015,Bank Street College of Education,NY,2,1,2,2,8,32,32,58,,,,,,1,0,1,0,0,4,Less Selective (>75% or open),Special Focus
189088,Bard College,NY,2,1,2,2,9,21,21,31,0.46081456340635607,6482.0,,,,1,0,1,0,0,2,Selective (25-50%),Bacc Arts & Sciences
189097,Barnard College,NY,2,1,2,2,5,21,21,31,0.08793404946290283,12009.0,770.0,780.0,34.0,1,0,1,0,0,0,Elite (<10%),Bacc Arts & Sciences
189219,Berk Trade and Business School,NY,9,3,3,2,1,-2,-2,-2,,,,,,0,0,0,1,0,5,2-year/Associate,Other
189228,Berkeley College-New York,NY,3,1,3,2,7,22,29,40,,,,,,1,0,0,1,0,4,Less Selective (>75% or open),Bacc Diverse Fields
189255,Berkowits School of Electrolysis,NY,9,3,3,2,1,-2,-2,-2,,,,,,0,0,0,1,0,5,2-year/Associate,Other
189273,Beth Hamedrash Shaarei Yosher Institute,NY,2,1,2,2,5,-2,24,51,0.8620689655172413,29.0,,,,1,0,1,0,0,4,Less Selective (>75% or open),Other
189282,Mount Sinai Phillips School of Nursing,NY,2,1,2,2,5,26,26,40,,,,,,1,0,1,0,0,4,Less Selective (>75% or open),Mixed Spec-Focus
189404,Brittany Beauty Academy,NY,9,3,3,2,2,-2,-2,-2,,,,,,0,0,0,1,0,5,2-year/Associate,Other
189413,Boricua College,NY,2,1,2,2,7,22,22,33,,,,,,1,0,1,0,0,4,Less Selective (>75% or open),Bacc Diverse Fields
189468,Brittany Beauty Academy,NY,9,3,3,2,2,-2,-2,-2,,,,,,0,0,0,1,0,5,2-year/Associate,Other
189477,American Beauty School,NY,9,3,3,2,2,-2,-2,-2,,,,,,0,0,0,1,0,5,2-year/Associate,Other
189501,Brooklyn Law School,NY,2,1,2,2,9,31,31,57,,,,,,1,0,1,0,0,4,Less Selective (>75% or open),Special Focus
189547,SUNY Broome Community College,NY,4,2,1,2,3,2,2,40,,,,,,0,1,0,0,0,5,2-year/Associate,Associate / CC
189565,Bryant & Stratton College-Syracuse North,NY,2,1,2,2,5,14,23,-2,,,,,,1,0,1,0,0,4,Less Selective (>75% or open),Associate / CC
189583,Bryant & Stratton College-Buffalo,NY,2,1,2,2,5,23,23,40,,,,,,1,0,1,0,0,4,Less Selective (>75% or open),Bacc Diverse Fields
189592,Bryant & Stratton College-Greece,NY,2,1,2,2,5,14,23,40,,,,,,1,0,1,0,0,4,Less Selective (>75% or open),Associate / CC
189705,Canisius University,NY,2,1,2,2,8,18,18,21,0.7772936335027838,4131.0,660.0,660.0,28.0,1,0,1,0,0,4,Less Selective (>75% or open),Master's University
189714,Capri Cosmetology Learning Centers,NY,9,3,3,2,2,-2,-2,-2,,,,,,0,0,0,1,0,5,2-year/Associate,Other
189811,St Paul's School of Nursing-Queens,NY,6,2,3,2,3,10,10,40,,,,,,0,0,0,1,0,5,2-year/Associate,Associate / CC
189839,Cayuga County Community College,NY,4,2,1,2,3,3,3,40,,,,,,0,1,0,0,0,5,2-year/Associate,Associate / CC
189848,Cazenovia College,NY,2,1,2,2,7,22,22,33,0.751006711409396,1490.0,,,,1,0,1,0,0,4,Less Selective (>75% or open),Bacc Diverse Fields
189857,Central Yeshiva Tomchei Tmimim Lubavitz,NY,2,1,2,2,7,24,24,51,0.916030534351145,131.0,,,,1,0,1,0,0,4,Less Selective (>75% or open),Bacc/Associate
189990,"Christine Valmy International School for Esthetics, Skin Care & Makeup",NY,9,3,3,2,1,-2,-2,-2,,,,,,0,0,0,1,0,5,2-year/Associate,Other
190008,Circle in the Square Theatre School,NY,5,2,2,2,4,-2,-2,-2,0.10616438356164383,292.0,,,,0,0,1,0,0,5,2-year/Associate,Other
190035,CUNY System Office,NY,0,1,1,2,8,-2,-2,-2,,,,,,1,1,0,0,0,4,Less Selective (>75% or open),Other
190044,Clarkson University,NY,2,1,2,2,9,16,16,16,0.7841977555353351,6594.0,680.0,690.0,30.0,1,0,1,0,0,4,Less Selective (>75% or open),R2 (high research)
190053,Clinton Community College,NY,4,2,1,2,3,2,2,40,,,,,,0,1,0,0,0,5,2-year/Associate,Associate / CC
190071,Cochran School of Nursing,NY,5,2,2,2,3,10,10,40,,,,,,0,0,1,0,0,5,2-year/Associate,Associate / CC
190080,Colgate Rochester Crozer Divinity School,NY,2,1,2,2,9,24,24,51,,,,,,1,0,1,0,0,4,Less Selective (>75% or open),Bacc/Associate
190099,Colgate University,NY,2,1,2,2,7,21,21,31,0.12430716755886115,21109.0,750.0,780.0,34.0,1,0,1,0,0,1,Highly Selective (10-25%),Bacc Arts & Sciences
190114,Metropolitan College of New York,NY,2,1,2,2,7,19,18,59,0.6548672566371682,113.0,,,,1,0,1,0,0,4,Less Selective (>75% or open),Master's University
190150,Columbia University in the City of New York,NY,2,1,2,2,9,15,15,15,0.039488165048703165,60879.0,780.0,800.0,35.0,1,0,1,0,0,0,Elite (<10%),R1 (very high research)
190169,Columbia-Greene Community College,NY,4,2,1,2,3,2,2,40,,,,,,0,1,0,0,0,5,2-year/Associate,Associate / CC
190239,Empire Beauty School-Queens,NY,9,3,3,2,2,-2,-2,-2,,,,,,0,0,0,1,0,5,2-year/Associate,Other
190318,Continental School of Beauty Culture-Rochester,NY,9,3,3,2,2,-2,-2,-2,,,,,,0,0,0,1,0,5,2-year/Associate,Other
190372,The Cooper Union for the Advancement of Science and Art,NY,2,1,2,2,7,22,22,54,0.22466666666666665,1500.0,740.0,790.0,35.0,1,0,1,0,0,1,Highly Selective (10-25%),Bacc Diverse Fields
190415,Cornell University,NY,2,1,2,2,9,15,15,15,0.07468747741888865,69195.0,770.0,800.0,35.0,1,0,1,0,0,0,Elite (<10%),R1 (very high research)
190424,Weill Medical College of Cornell University,NY,2,1,2,2,9,27,25,52,,,,,,1,0,1,0,0,4,Less Selective (>75% or open),Mixed Spec-Focus
190442,SUNY Corning Community College,NY,4,2,1,2,3,3,2,40,,,,,,0,1,0,0,0,5,2-year/Associate,Associate / CC
190451,Pomeroy College of Nursing at Crouse Hospital,NY,5,2,2,2,3,10,10,40,0.5294117647058824,17.0,,,,0,0,1,0,0,5,2-year/Associate,Associate / CC
190503,Culinary Institute of America,NY,2,1,2,2,7,30,32,59,0.9485956544780074,1887.0,630.0,610.0,27.0,1,0,1,0,0,4,Less Selective (>75% or open),Special Focus
190512,CUNY Bernard M Baruch College,NY,1,1,1,2,9,18,18,21,0.4953489277235045,25693.0,,,,1,1,0,0,0,2,Selective (25-50%),Master's University
190521,CUNY Borough of Manhattan Community College,NY,4,2,1,2,3,1,1,40,,,,,,0,1,0,0,0,5,2-year/Associate,Associate / CC
190530,CUNY Bronx Community College,NY,4,2,1,2,3,1,1,40,,,,,,0,1,0,0,0,5,2-year/Associate,Associate / CC
190549,CUNY Brooklyn College,NY,1,1,1,2,8,18,18,21,0.5454482519903081,28890.0,,,,1,1,0,0,0,3,Moderately Selective (50-75%),Master's University
190558,College of Staten Island CUNY,NY,1,1,1,2,9,18,18,21,,,,,,1,1,0,0,0,4,Less Selective (>75% or open),Master's University
190567,CUNY City College,NY,1,1,1,2,9,16,16,21,0.6660128388017118,33648.0,,,,1,1,0,0,0,3,Moderately Selective (50-75%),R2 (high research)
190576,CUNY Graduate School and University Center,NY,1,1,1,2,9,15,15,15,0.23809523809523808,147.0,,,,1,1,0,0,0,4,Less Selective (>75% or open),R1 (very high research)
190585,CUNY Hostos Community College,NY,4,2,1,2,3,1,1,40,,,,,,0,1,0,0,0,5,2-year/Associate,Associate / CC
190594,CUNY Hunter College,NY,1,1,1,2,9,18,18,21,0.478611831251473,33944.0,,,,1,1,0,0,0,2,Selective (25-50%),Master's University
190600,CUNY John Jay College of Criminal Justice,NY,1,1,1,2,8,18,18,59,0.5065667038868507,18807.0,,,,1,1,0,0,0,3,Moderately Selective (50-75%),Master's University
190619,CUNY Kingsborough Community College,NY,4,2,1,2,3,2,2,40,,,,,,0,1,0,0,0,5,2-year/Associate,Associate / CC
190628,CUNY LaGuardia Community College,NY,4,2,1,2,3,1,1,40,,,,,,0,1,0,0,0,5,2-year/Associate,Associate / CC
190637,CUNY Lehman College,NY,1,1,1,2,9,18,18,21,0.5530616789133823,22455.0,,,,1,1,0,0,0,3,Moderately Selective (50-75%),Master's University
190646,CUNY Medgar Evers College,NY,1,1,1,2,5,21,23,32,0.8764822989699645,11553.0,,,,1,1,0,0,0,4,Less Selective (>75% or open),Bacc Arts & Sciences
190655,CUNY New York City College of Technology,NY,1,1,1,2,5,22,23,33,0.8179985938598547,21335.0,,,,1,1,0,0,0,4,Less Selective (>75% or open),Bacc Diverse Fields
190664,CUNY Queens College,NY,1,1,1,2,8,18,18,21,0.6947679627306934,22324.0,,,,1,1,0,0,0,3,Moderately Selective (50-75%),Master's University
190673,CUNY Queensborough Community College,NY,4,2,1,2,3,1,1,40,,,,,,0,1,0,0,0,5,2-year/Associate,Associate / CC
190682,CUNY School of Law,NY,1,1,1,2,9,31,31,-2,,,,,,1,1,0,0,0,4,Less Selective (>75% or open),Special Focus
190691,CUNY York College,NY,1,1,1,2,7,20,22,32,0.591422542204568,16112.0,,,,1,1,0,0,0,3,Moderately Selective (50-75%),Master's University
190707,CVPH Medical Center School of Radiologic Technology,NY,5,2,2,2,4,-2,-2,-2,0.6875,16.0,,,,0,0,1,0,0,5,2-year/Associate,Other
190716,D'Youville  University,NY,2,1,2,2,9,17,17,53,0.8404494382022472,3115.0,615.0,650.0,27.0,1,0,1,0,0,4,Less Selective (>75% or open),Doctoral / Pro
190725,Daemen University,NY,2,1,2,2,9,17,17,32,0.7994186046511628,2752.0,,,,1,0,1,0,0,4,Less Selective (>75% or open),Doctoral / Pro
190752,Yeshiva of Far Rockaway Derech Ayson Rabbinical Seminary,NY,2,1,2,2,5,24,24,-2,0.6666666666666666,21.0,,,,1,0,1,0,0,4,Less Selective (>75% or open),Bacc/Associate
190761,Dominican University New York,NY,2,1,2,2,9,17,20,32,0.8897149938042132,1614.0,608.0,570.0,,1,0,1,0,0,4,Less Selective (>75% or open),Doctoral / Pro
190840,Dutchess Community College,NY,4,2,1,2,3,2,2,40,,,,,,0,1,0,0,0,5,2-year/Associate,Associate / CC
190956,Belanger School of Nursing,NY,5,2,2,2,3,10,10,40,0.8,5.0,,,,0,0,1,0,0,5,2-year/Associate,Associate / CC
190983,Elmira College,NY,2,1,2,2,7,22,22,32,0.959478021978022,1456.0,630.0,642.0,,1,0,1,0,0,4,Less Selective (>75% or open),Bacc Diverse Fields
191083,Erie Community College,NY,4,2,1,2,3,5,6,40,,,,,,0,1,0,0,0,5,2-year/Associate,Associate / CC
191126,Fashion Institute of Technology,NY,1,1,1,2,7,20,20,33,0.5279503105590062,4669.0,,,,1,1,0,0,0,3,Moderately Selective (50-75%),Master's University
191199,Finger Lakes Community College,NY,4,2,1,2,3,3,3,40,,,,,,0,1,0,0,0,5,2-year/Associate,Associate / CC
191205,Five Towns College,NY,3,1,3,2,9,30,22,33,0.5828729281767956,362.0,,,,1,0,0,1,0,4,Less Selective (>75% or open),Special Focus
191241,Fordham University,NY,2,1,2,2,9,16,16,15,0.5412791559858483,47203.0,730.0,750.0,33.0,1,0,1,0,0,3,Moderately Selective (50-75%),R2 (high research)
191302,Fulton-Montgomery Community College,NY,4,2,1,2,3,1,1,40,,,,,,0,1,0,0,0,5,2-year/Associate,Associate / CC
191311,Gemological Institute of America-New York,NY,8,3,2,2,1,-2,-2,-2,,,,,,0,0,1,0,0,5,2-year/Associate,Other
191339,Genesee Community College,NY,4,2,1,2,3,5,6,40,,,,,,0,1,0,0,0,5,2-year/Associate,Associate / CC
191515,Hamilton College,NY,2,1,2,2,5,21,21,31,0.11778967572482069,9899.0,760.0,780.0,34.0,1,0,1,0,0,1,Highly Selective (10-25%),Bacc Arts & Sciences
191533,Hartwick College,NY,2,1,2,2,7,21,21,31,0.5972417675204053,3553.0,620.0,590.0,27.0,1,0,1,0,0,3,Moderately Selective (50-75%),Bacc Arts & Sciences
191597,Helene Fuld College of Nursing,NY,2,1,2,2,5,26,26,40,0.12,25.0,,,,1,0,1,0,0,4,Less Selective (>75% or open),Mixed Spec-Focus
191612,Herkimer County Community College,NY,4,2,1,2,3,5,2,40,,,,,,0,1,0,0,0,5,2-year/Associate,Associate / CC
191621,Hilbert College,NY,2,1,2,2,7,22,22,32,0.9549483013293943,1354.0,,,,1,0,1,0,0,4,Less Selective (>75% or open),Bacc Diverse Fields
191630,Hobart William Smith Colleges,NY,2,1,2,2,7,21,21,31,0.6837859110586383,5082.0,700.0,700.0,32.0,1,0,1,0,0,3,Moderately Selective (50-75%),Bacc Arts & Sciences
191649,Hofstra University,NY,2,1,2,2,9,17,17,16,0.6933027950969165,23577.0,680.0,690.0,31.0,1,0,1,0,0,3,Moderately Selective (50-75%),Doctoral / Pro
191676,Houghton University,NY,2,1,2,2,7,21,21,31,0.7700205338809035,974.0,670.0,650.0,,1,0,1,0,0,4,Less Selective (>75% or open),Bacc Arts & Sciences
191719,Hudson Valley Community College,NY,4,2,1,2,3,5,5,40,,,,,,0,1,0,0,0,5,2-year/Associate,Associate / CC
191728,Hunter Business School,NY,6,2,3,2,4,-2,-2,-2,,,,,,0,0,0,1,0,5,2-year/Associate,Other
191931,Iona University,NY,2,1,2,2,8,18,18,21,0.9640333975594091,6228.0,610.0,600.0,31.0,1,0,1,0,0,4,Less Selective (>75% or open),Master's University
191940,Isabella Graham Hart School of Practical Nursing,NY,8,3,2,2,2,-2,-2,-2,1.0,100.0,,,,0,0,1,0,0,5,2-year/Associate,Other
191959,Island Drafting and Technical Institute,NY,6,2,3,2,3,11,11,40,,,,,,0,0,0,1,0,5,2-year/Associate,Associate / CC
191968,Ithaca College,NY,2,1,2,2,9,18,18,21,0.7519685039370079,12446.0,700.0,680.0,32.0,1,0,1,0,0,4,Less Selective (>75% or open),Master's University
191986,Jamestown Community College,NY,4,2,1,2,3,2,3,40,,,,,,0,1,0,0,0,5,2-year/Associate,Associate / CC
192004,Jamestown Business College,NY,3,1,3,2,5,29,29,40,0.8740740740740741,135.0,,,,1,0,0,1,0,4,Less Selective (>75% or open),Other
192022,Jefferson Community College,NY,4,2,1,2,3,2,2,40,,,,,,0,1,0,0,0,5,2-year/Associate,Associate / CC
192040,Jewish Theological Seminary of America,NY,2,1,2,2,9,24,24,51,0.5075757575757576,132.0,768.0,770.0,34.0,1,0,1,0,0,4,Less Selective (>75% or open),Bacc/Associate
192110,The Juilliard School,NY,2,1,2,2,9,30,30,56,0.10609697551608258,2083.0,,,,1,0,1,0,0,1,Highly Selective (10-25%),Special Focus
192165,Kehilath Yakov Rabbinical Seminary,NY,2,1,2,2,5,24,24,51,,,,,,1,0,1,0,0,4,Less Selective (>75% or open),Bacc/Associate
192192,Keuka College,NY,2,1,2,2,8,19,19,32,0.9279123414071511,1734.0,563.0,570.0,19.0,1,0,1,0,0,4,Less Selective (>75% or open),Master's University
192271,LIM College,NY,3,1,3,2,7,29,29,55,0.8381706244503079,1137.0,630.0,540.0,24.0,1,0,0,1,0,4,Less Selective (>75% or open),Other
192323,Le Moyne College,NY,2,1,2,2,9,18,18,22,0.7827625247664874,7066.0,640.0,650.0,31.0,1,0,1,0,0,4,Less Selective (>75% or open),Master's University
192448,Long Island University,NY,2,1,2,2,9,16,17,21,0.9265280491208484,14332.0,660.0,670.0,29.0,1,0,1,0,0,4,Less Selective (>75% or open),R2 (high research)
192484,Long Island Beauty School-Hempstead,NY,9,3,3,2,2,-2,-2,-2,,,,,,0,0,0,1,0,5,2-year/Associate,Other
192509,Long Island Business Institute,NY,6,2,3,2,4,13,13,40,0.8504854368932039,515.0,,,,0,0,0,1,0,5,2-year/Associate,Associate / CC
192624,Machzikei Hadath Rabbinical College,NY,2,1,2,2,5,24,24,51,0.95,40.0,,,,1,0,1,0,0,4,Less Selective (>75% or open),Bacc/Associate
192688,Mandl School-The College of Allied Health,NY,6,2,3,2,3,10,10,-2,,,,,,0,0,0,1,0,5,2-year/Associate,Associate / CC
192703,Manhattan College,NY,2,1,2,2,8,18,18,21,0.8229607250755288,9930.0,660.0,670.0,30.0,1,0,1,0,0,4,Less Selective (>75% or open),Master's University
192712,Manhattan School of Music,NY,2,1,2,2,9,30,30,56,0.5501460564751705,1027.0,,,,1,0,1,0,0,3,Moderately Selective (50-75%),Special Focus
192749,Manhattanville College,NY,2,1,2,2,9,18,18,21,0.8412222887956861,3338.0,,,,1,0,1,0,0,4,Less Selective (>75% or open),Master's University
192785,Maria College of Albany,NY,2,1,2,2,7,26,26,40,0.9691358024691358,162.0,,,,1,0,1,0,0,4,Less Selective (>75% or open),Mixed Spec-Focus
192800,Marion S Whelan School of Nursing of Geneva General Hospital,NY,8,3,2,2,2,-2,-2,-2,0.6666666666666666,3.0,,,,0,0,1,0,0,5,2-year/Associate,Other
192819,Marist College,NY,2,1,2,2,9,18,18,21,0.6284880539850447,10966.0,698.0,680.0,30.0,1,0,1,0,0,3,Moderately Selective (50-75%),Master's University
192864,Marymount Manhattan College,NY,2,1,2,2,5,21,21,31,0.7209271870089052,7636.0,660.0,620.0,28.0,1,0,1,0,0,3,Moderately Selective (50-75%),Bacc Arts & Sciences
192925,Medaille University,NY,2,1,2,2,9,18,18,32,0.6879810538780343,1689.0,570.0,570.0,21.0,1,0,1,0,0,3,Moderately Selective (50-75%),Master's University
192961,St. Peter's Hospital College of Nursing,NY,5,2,2,2,3,10,10,-2,1.0,1.0,,,,0,0,1,0,0,5,2-year/Associate,Associate / CC
192970,Memorial Hospital School of Radiation Therapy Technology,NY,5,2,2,2,4,-2,-2,-2,,,,,,0,0,1,0,0,5,2-year/Associate,Other
193016,Mercy University,NY,2,1,2,2,9,18,18,21,0.8585730579140793,7891.0,630.0,600.0,25.0,1,0,1,0,0,4,Less Selective (>75% or open),Master's University
193052,Mesivta Torah Vodaath Rabbinical Seminary,NY,2,1,2,2,8,24,24,51,0.925,40.0,,,,1,0,1,0,0,4,Less Selective (>75% or open),Bacc/Associate
193061,Mesivta of Eastern Parkway-Yeshiva Zichron Meilech,NY,2,1,2,2,9,13,24,51,0.5833333333333334,12.0,,,,1,0,1,0,0,4,Less Selective (>75% or open),Associate / CC
193070,Mesivtha Tifereth Jerusalem of America,NY,2,1,2,2,9,24,24,51,0.6190476190476191,21.0,,,,1,0,1,0,0,4,Less Selective (>75% or open),Bacc/Associate
193201,Mildred Elley School-Albany Campus,NY,6,2,3,2,3,9,7,40,,,,,,0,0,0,1,0,5,2-year/Associate,Associate / CC
193247,Mirrer Yeshiva Cent Institute,NY,2,1,2,2,9,24,24,51,0.8,55.0,,,,1,0,1,0,0,4,Less Selective (>75% or open),Bacc/Associate
193265,Modern Welding School,NY,9,3,3,2,2,-2,-2,-2,,,,,,0,0,0,1,0,5,2-year/Associate,Other
193283,Mohawk Valley Community College,NY,4,2,1,2,3,3,2,40,,,,,,0,1,0,0,0,5,2-year/Associate,Associate / CC
193292,Molloy College,NY,2,1,2,2,9,18,18,22,0.766260162601626,5412.0,660.0,650.0,28.0,1,0,1,0,0,4,Less Selective (>75% or open),Master's University
193308,Monroe College,NY,3,1,3,2,8,18,18,40,0.5983651226158038,3670.0,,,,1,0,0,1,0,3,Moderately Selective (50-75%),Master's University
193326,Monroe Community College,NY,4,2,1,2,3,6,2,40,,,,,,0,1,0,0,0,5,2-year/Associate,Associate / CC
193353,Mount Saint Mary College,NY,2,1,2,2,8,19,19,21,0.8828725038402457,2604.0,630.0,595.0,,1,0,1,0,0,4,Less Selective (>75% or open),Master's University
193380,Montefiore School of Nursing,NY,5,2,2,2,3,10,-2,-2,,0.0,,,,0,0,1,0,0,5,2-year/Associate,Associate / CC
193399,University of Mount Saint Vincent,NY,2,1,2,2,8,22,20,22,0.8888888888888888,3465.0,608.0,608.0,25.0,1,0,1,0,0,4,Less Selective (>75% or open),Bacc Diverse Fields
193405,Icahn School of Medicine at Mount Sinai,NY,2,1,2,2,9,27,25,-2,,,,,,1,0,1,0,0,4,Less Selective (>75% or open),Mixed Spec-Focus
193478,Nassau Community College,NY,4,2,1,2,3,1,1,40,,,,,,0,1,0,0,0,5,2-year/Associate,Associate / CC
193584,Nazareth University,NY,2,1,2,2,9,18,18,21,0.8394272564561494,3911.0,660.0,660.0,28.0,1,0,1,0,0,4,Less Selective (>75% or open),Master's University
193609,Neighborhood Playhouse School of the Theater,NY,5,2,2,2,4,-2,-2,-2,0.7222222222222222,18.0,,,,0,0,1,0,0,5,2-year/Associate,Other
193654,The New School,NY,2,1,2,2,9,16,16,16,0.5718185636287274,9524.0,,,,1,0,1,0,0,3,Moderately Selective (50-75%),R2 (high research)
193751,Northeast College of Health Sciences,NY,2,1,2,2,9,26,26,53,,,,,,1,0,1,0,0,4,Less Selective (>75% or open),Mixed Spec-Focus
193821,New York Law School,NY,2,1,2,2,9,31,31,57,,,,,,1,0,1,0,0,4,Less Selective (>75% or open),Special Focus
193830,New York Medical College,NY,2,1,2,2,9,25,25,52,,,,,,1,0,1,0,0,4,Less Selective (>75% or open),Bacc/Associate
193858,New York School for Medical and Dental Assistants,NY,6,2,3,2,3,10,-2,-2,,,,,,0,0,0,1,0,5,2-year/Associate,Associate / CC
193894,New York Theological Seminary,NY,2,1,2,2,9,24,24,-2,,,,,,1,0,1,0,0,4,Less Selective (>75% or open),Bacc/Associate
193900,New York University,NY,2,1,2,2,9,15,15,15,0.12456537720291669,100662.0,770.0,800.0,35.0,1,0,1,0,0,1,Highly Selective (10-25%),R1 (very high research)
193946,Niagara County Community College,NY,4,2,1,2,3,4,4,40,,,,,,0,1,0,0,0,5,2-year/Associate,Associate / CC
193973,Niagara University,NY,2,1,2,2,9,18,18,21,0.8954640250260688,3836.0,620.0,620.0,28.0,1,0,1,0,0,4,Less Selective (>75% or open),Master's University
193991,Empire Beauty School-Peekskill,NY,9,3,3,2,2,-2,-2,-2,,,,,,0,0,0,1,0,5,2-year/Associate,Other
194028,North Country Community College,NY,4,2,1,2,3,8,9,40,,,,,,0,1,0,0,0,5,2-year/Associate,Associate / CC
194073,New York College of Podiatric Medicine,NY,2,1,2,2,9,26,25,53,,,,,,1,0,1,0,0,4,Less Selective (>75% or open),Mixed Spec-Focus
194091,New York Institute of Technology,NY,2,1,2,2,9,18,18,21,0.7572159140157754,11537.0,660.0,700.0,31.0,1,0,1,0,0,4,Less Selective (>75% or open),Master's University
194116,New York School of Interior Design,NY,2,1,2,2,7,30,30,56,0.650887573964497,169.0,,,,1,0,1,0,0,4,Less Selective (>75% or open),Special Focus
194161,Alliance University,NY,2,1,2,2,9,18,18,22,1.0,285.0,,,,1,0,1,0,0,4,Less Selective (>75% or open),Master's University
194189,Ohr Hameir Theological Seminary,NY,2,1,2,2,5,-2,24,51,1.0,2.0,,,,1,0,1,0,0,4,Less Selective (>75% or open),Other
194222,Onondaga Community College,NY,4,2,1,2,3,2,2,40,,,,,,0,1,0,0,0,5,2-year/Associate,Associate / CC
194240,Orange County Community College,NY,4,2,1,2,3,1,1,40,,,,,,0,1,0,0,0,5,2-year/Associate,Associate / CC
194259,Otsego Area BOCES-Practical Nursing Program,NY,7,3,1,2,2,-2,-2,-2,,,,,,0,1,0,0,0,5,2-year/Associate,Other
194310,Pace University,NY,2,1,2,2,9,17,17,16,0.8292939540825912,26613.0,670.0,630.0,29.0,1,0,1,0,0,4,Less Selective (>75% or open),Doctoral / Pro
194392,Paul Smiths College of Arts and Science,NY,2,1,2,2,7,22,22,40,0.8492146596858638,955.0,,,,1,0,1,0,0,4,Less Selective (>75% or open),Bacc Diverse Fields
194435,Continental School of Beauty Culture-West Seneca,NY,9,3,3,2,2,-2,-2,-2,,,,,,0,0,0,1,0,5,2-year/Associate,Other
194499,Plaza College,NY,3,1,3,2,5,23,23,40,0.3000931966449208,1073.0,,,,1,0,0,1,0,2,Selective (25-50%),Bacc Diverse Fields
194569,Davis College,NY,2,1,2,2,5,24,24,51,0.5,10.0,,,,1,0,1,0,0,4,Less Selective (>75% or open),Bacc/Associate
194578,Pratt Institute-Main,NY,2,1,2,2,7,30,30,56,0.5044920525224602,10129.0,710.0,720.0,31.0,1,0,1,0,0,3,Moderately Selective (50-75%),Special Focus
194657,Rabbinical Academy Mesivta Rabbi Chaim Berlin,NY,2,1,2,2,9,24,24,51,0.9555555555555556,45.0,,,,1,0,1,0,0,4,Less Selective (>75% or open),Bacc/Associate
194666,Rabbinical College Bobover Yeshiva Bnei Zion,NY,2,1,2,2,7,24,24,51,,,,,,1,0,1,0,0,4,Less Selective (>75% or open),Bacc/Associate
194693,Rabbinical College Beth Shraga,NY,2,1,2,2,5,13,24,51,0.875,16.0,,,,1,0,1,0,0,4,Less Selective (>75% or open),Associate / CC
194718,Rabbinical Seminary Mkor Chaim,NJ,2,1,2,2,5,-2,-2,-2,1.0,28.0,,,,1,0,1,0,0,4,Less Selective (>75% or open),Other
194736,Rabbinical College of Long Island,NY,2,1,2,2,5,24,24,51,1.0,37.0,,,,1,0,1,0,0,4,Less Selective (>75% or open),Bacc/Associate
194763,Rabbinical Seminary of America,NY,2,1,2,2,9,24,24,51,0.9894736842105263,95.0,,,,1,0,1,0,0,4,Less Selective (>75% or open),Bacc/Associate
194824,Rensselaer Polytechnic Institute,NY,2,1,2,2,9,15,15,15,0.6450809464508095,16863.0,740.0,780.0,34.0,1,0,1,0,0,3,Moderately Selective (50-75%),R1 (very high research)
194958,Roberts Wesleyan University,NY,2,1,2,2,9,18,18,21,0.9950298210735586,1006.0,650.0,690.0,30.0,1,0,1,0,0,4,Less Selective (>75% or open),Master's University
195003,Rochester Institute of Technology,NY,2,1,2,2,9,16,16,21,0.6717133800467133,23976.0,710.0,740.0,33.0,1,0,1,0,0,3,Moderately Selective (50-75%),R2 (high research)
195030,University of Rochester,NY,2,1,2,2,9,15,15,15,0.3890614043874587,19966.0,750.0,790.0,34.0,1,0,1,0,0,2,Selective (25-50%),R1 (very high research)
195049,The Rockefeller University,NY,2,1,2,2,9,27,16,16,,,,,,1,0,1,0,0,4,Less Selective (>75% or open),Mixed Spec-Focus
195058,Rockland Community College,NY,4,2,1,2,3,1,1,40,,,,,,0,1,0,0,0,5,2-year/Associate,Associate / CC
195067,Empire Beauty School-Manhattan,NY,9,3,3,2,2,-2,-2,-2,,,,,,0,0,0,1,0,5,2-year/Associate,Other
195128,Russell Sage College,NY,2,1,2,2,9,17,17,32,0.7363270005757052,1737.0,,,,1,0,1,0,0,3,Moderately Selective (50-75%),Doctoral / Pro
195155,St Bernard's School of Theology and Ministry,NY,2,1,2,2,7,24,24,51,,,,,,1,0,1,0,0,4,Less Selective (>75% or open),Bacc/Associate
195164,St Bonaventure University,NY,2,1,2,2,8,19,19,21,0.811075781664017,3774.0,610.0,610.0,32.0,1,0,1,0,0,4,Less Selective (>75% or open),Master's University
195173,St. Francis College,NY,2,1,2,2,7,22,22,32,0.8426966292134831,4272.0,,,,1,0,1,0,0,4,Less Selective (>75% or open),Bacc Diverse Fields
195191,St. Joseph's College of Nursing,NY,5,2,2,2,3,10,10,40,0.2222222222222222,9.0,,,,0,0,1,0,0,5,2-year/Associate,Associate / CC
195216,St Lawrence University,NY,2,1,2,2,7,21,21,31,0.6349574632637278,5172.0,700.0,710.0,32.0,1,0,1,0,0,3,Moderately Selective (50-75%),Bacc Arts & Sciences
195234,The College of Saint Rose,NY,2,1,2,2,8,18,18,21,0.7801302931596091,2456.0,628.0,600.0,,1,0,1,0,0,4,Less Selective (>75% or open),Master's University
195243,St. Thomas Aquinas College,NY,2,1,2,2,8,20,20,22,0.8860827512090274,1861.0,630.0,640.0,,1,0,1,0,0,4,Less Selective (>75% or open),Master's University
195289,Samaritan Hospital School of Nursing,NY,5,2,2,2,3,10,10,40,1.0,2.0,,,,0,0,1,0,0,5,2-year/Associate,Associate / CC
195304,Sarah Lawrence College,NY,2,1,2,2,7,21,21,31,0.498843038951022,5186.0,740.0,710.0,33.0,1,0,1,0,0,2,Selective (25-50%),Bacc Arts & Sciences
195322,Schenectady County Community College,NY,4,2,1,2,3,3,6,40,,,,,,0,1,0,0,0,5,2-year/Associate,Associate / CC
195438,Sh'or Yoshuv Rabbinical College,NY,2,1,2,2,7,24,24,51,1.0,2.0,,,,1,0,1,0,0,4,Less Selective (>75% or open),Bacc/Associate
195474,Siena College,NY,2,1,2,2,7,20,20,31,0.8034515819750719,8344.0,640.0,630.0,31.0,1,0,1,0,0,4,Less Selective (>75% or open),Master's University
195526,Skidmore College,NY,2,1,2,2,5,21,21,31,0.2554046878555716,13183.0,740.0,720.0,33.0,1,0,1,0,0,2,Selective (25-50%),Bacc Arts & Sciences
195544,St. Joseph's University-New York,NY,2,1,2,2,8,18,19,32,0.7670692057594055,4306.0,648.0,658.0,27.0,1,0,1,0,0,4,Less Selective (>75% or open),Master's University
195580,Saint Vladimirs Orthodox Theological Seminary,NY,2,1,2,2,9,24,24,51,,,,,,1,0,1,0,0,4,Less Selective (>75% or open),Bacc/Associate
195702,Saint Elizabeth College of Nursing,NY,5,2,2,2,3,10,10,-2,1.0,2.0,,,,0,0,1,0,0,5,2-year/Associate,Associate / CC
195720,St. John Fisher University,NY,2,1,2,2,9,17,17,22,0.7304761904761905,4200.0,630.0,630.0,29.0,1,0,1,0,0,3,Moderately Selective (50-75%),Doctoral / Pro
195784,St Paul's School of Nursing-Staten Island,NY,6,2,3,2,3,10,10,40,,,,,,0,0,0,1,0,5,2-year/Associate,Associate / CC
195809,St. John's University-New York,NY,2,1,2,2,9,17,17,16,0.8466696468484578,24607.0,650.0,660.0,29.0,1,0,1,0,0,4,Less Selective (>75% or open),Doctoral / Pro
195827,SUNY-System Office,NY,0,1,1,2,9,-2,-2,-2,,,,,,1,1,0,0,0,4,Less Selective (>75% or open),Other
195988,Sullivan County Community College,NY,4,2,1,2,3,5,5,40,,,,,,0,1,0,0,0,5,2-year/Associate,Associate / CC
196006,SUNY College of Technology at Alfred,NY,1,1,1,2,5,23,23,40,0.817350670459163,4922.0,595.0,585.0,25.0,1,1,0,0,0,4,Less Selective (>75% or open),Bacc Diverse Fields
196015,SUNY College of Technology at Canton,NY,1,1,1,2,5,22,22,40,0.9491228070175438,2280.0,,,,1,1,0,0,0,4,Less Selective (>75% or open),Bacc Diverse Fields
196024,SUNY College of Technology at Delhi,NY,1,1,1,2,8,22,23,40,0.8315382491024579,3621.0,,,,1,1,0,0,0,4,Less Selective (>75% or open),Bacc Diverse Fields
196033,SUNY College of Agriculture and Technology at Cobleskill,NY,1,1,1,2,5,22,22,33,0.8403185247275775,2386.0,580.0,570.0,26.0,1,1,0,0,0,4,Less Selective (>75% or open),Bacc Diverse Fields
196042,Farmingdale State College,NY,1,1,1,2,7,22,22,33,0.7317149081854964,6426.0,588.0,590.0,24.0,1,1,0,0,0,3,Moderately Selective (50-75%),Bacc Diverse Fields
196051,SUNY Morrisville,NY,1,1,1,2,7,23,23,40,0.8717105263157895,3648.0,,,,1,1,0,0,0,4,Less Selective (>75% or open),Bacc Diverse Fields
196060,University at Albany,NY,1,1,1,2,9,15,15,15,0.6790498922081922,25976.0,660.0,660.0,31.0,1,1,0,0,0,3,Moderately Selective (50-75%),R1 (very high research)
196079,Binghamton University,NY,1,1,1,2,9,15,15,15,0.4174631381778013,41642.0,730.0,780.0,34.0,1,1,0,0,0,2,Selective (25-50%),R1 (very high research)
196088,University at Buffalo,NY,1,1,1,2,9,15,15,15,0.6770742428649924,30939.0,680.0,700.0,32.0,1,1,0,0,0,3,Moderately Selective (50-75%),R1 (very high research)
196097,Stony Brook University,NY,1,1,1,2,9,15,15,15,0.4913978229210377,40513.0,720.0,780.0,34.0,1,1,0,0,0,2,Selective (25-50%),R1 (very high research)
196103,SUNY College of Environmental Science and Forestry,NY,1,1,1,2,9,16,16,16,0.6950527169505272,2466.0,,,,1,1,0,0,0,3,Moderately Selective (50-75%),R2 (high research)
196112,SUNY Polytechnic Institute,NY,1,1,1,2,9,18,19,21,0.816718054128126,2919.0,,,,1,1,0,0,0,4,Less Selective (>75% or open),Master's University
196121,SUNY Brockport,NY,1,1,1,2,9,18,18,21,0.6794221007418977,7683.0,620.0,620.0,26.0,1,1,0,0,0,3,Moderately Selective (50-75%),Master's University
196130,SUNY Buffalo State University,NY,1,1,1,2,8,18,18,21,0.8598275301008786,12292.0,600.0,578.0,,1,1,0,0,0,4,Less Selective (>75% or open),Master's University
196149,State University of New York at Cortland,NY,1,1,1,2,8,19,18,21,0.5978140210058919,11711.0,,,,1,1,0,0,0,3,Moderately Selective (50-75%),Master's University
196158,SUNY at Fredonia,NY,1,1,1,2,8,20,19,21,0.8457689797694148,4597.0,660.0,640.0,23.0,1,1,0,0,0,4,Less Selective (>75% or open),Master's University
196167,SUNY College at Geneseo,NY,1,1,1,2,7,20,20,21,0.7492557062520675,9069.0,660.0,660.0,31.0,1,1,0,0,0,3,Moderately Selective (50-75%),Master's University
196176,State University of New York at New Paltz,NY,1,1,1,2,8,18,18,21,0.5827033565164802,13228.0,680.0,660.0,29.0,1,1,0,0,0,3,Moderately Selective (50-75%),Master's University
196185,SUNY Oneonta,NY,1,1,1,2,8,19,19,21,0.7253158160687215,9895.0,630.0,620.0,28.0,1,1,0,0,0,3,Moderately Selective (50-75%),Master's University
196194,State University of New York at Oswego,NY,1,1,1,2,8,18,18,21,0.8255675029868578,12555.0,630.0,630.0,29.0,1,1,0,0,0,4,Less Selective (>75% or open),Master's University
196200,SUNY College at Potsdam,NY,1,1,1,2,8,19,19,21,0.826813880126183,3170.0,,,,1,1,0,0,0,4,Less Selective (>75% or open),Master's University
196219,SUNY at Purchase College,NY,1,1,1,2,8,21,21,22,0.746824430137463,5747.0,700.0,650.0,31.0,1,1,0,0,0,3,Moderately Selective (50-75%),Bacc Arts & Sciences
196228,SUNY College of Optometry,NY,1,1,1,2,9,26,26,53,,,,,,1,1,0,0,0,4,Less Selective (>75% or open),Mixed Spec-Focus
196237,SUNY Old Westbury,NY,1,1,1,2,8,19,20,32,0.9210457516339869,3825.0,618.0,588.0,,1,1,0,0,0,4,Less Selective (>75% or open),Master's University
196246,SUNY College at Plattsburgh,NY,1,1,1,2,8,19,19,21,0.7024155995343423,6872.0,630.0,630.0,30.0,1,1,0,0,0,3,Moderately Selective (50-75%),Master's University
196255,SUNY Downstate Health Sciences University,NY,1,1,1,2,9,25,25,52,,,,,,1,1,0,0,0,4,Less Selective (>75% or open),Bacc/Associate
196264,Empire State University,NY,1,1,1,2,9,18,18,21,,,,,,1,1,0,0,0,4,Less Selective (>75% or open),Master's University
196291,SUNY Maritime College,NY,1,1,1,2,7,20,20,59,0.8032909498878086,1337.0,650.0,650.0,28.0,1,1,0,0,0,4,Less Selective (>75% or open),Master's University
196307,Upstate Medical University,NY,1,1,1,2,9,25,25,52,,,,,,1,1,0,0,0,4,Less Selective (>75% or open),Bacc/Associate
196389,Swedish Institute a College of Health Sciences,NY,6,2,3,2,3,10,10,-2,,,,,,0,0,0,1,0,5,2-year/Associate,Associate / CC
196413,Syracuse University,NY,2,1,2,2,9,15,15,15,0.5175106654775965,41489.0,710.0,720.0,32.0,1,0,1,0,0,3,Moderately Selective (50-75%),R1 (very high research)
196431,Talmudical Seminary Oholei Torah,NY,2,1,2,2,5,24,24,51,0.782608695652174,69.0,,,,1,0,1,0,0,4,Less Selective (>75% or open),Bacc/Associate
196440,Talmudical Institute of Upstate New York,NY,2,1,2,2,7,-2,24,51,1.0,7.0,,,,1,0,1,0,0,4,Less Selective (>75% or open),Other
196468,Teachers College at Columbia University,NY,2,1,2,2,9,16,16,15,,,,,,1,0,1,0,0,4,Less Selective (>75% or open),R2 (high research)
196565,Tompkins Cortland Community College,NY,4,2,1,2,3,3,3,40,,,,,,0,1,0,0,0,5,2-year/Associate,Associate / CC
196583,Torah Temimah Talmudical Seminary,NY,2,1,2,2,5,24,24,51,0.6428571428571429,28.0,,,,1,0,1,0,0,4,Less Selective (>75% or open),Bacc/Associate
196592,Touro University,NY,2,1,2,2,9,17,17,21,0.7130718954248366,1530.0,730.0,698.0,32.0,1,0,1,0,0,3,Moderately Selective (50-75%),Doctoral / Pro
196653,Trocaire College,NY,2,1,2,2,5,26,26,40,0.6810631229235881,301.0,,,,1,0,1,0,0,4,Less Selective (>75% or open),Mixed Spec-Focus
196680,Excelsior University,NY,2,1,2,2,8,18,18,31,,,,,,1,0,1,0,0,4,Less Selective (>75% or open),Master's University
196699,Ulster County Community College,NY,4,2,1,2,3,3,3,40,,,,,,0,1,0,0,0,5,2-year/Associate,Associate / CC
196866,Union College,NY,2,1,2,2,5,21,21,31,0.4651217781981556,8458.0,730.0,760.0,33.0,1,0,1,0,0,2,Selective (25-50%),Bacc Arts & Sciences
196884,Union Theological Seminary in the City of New York,NY,2,1,2,2,9,24,24,51,,,,,,1,0,1,0,0,4,Less Selective (>75% or open),Bacc/Associate
197018,United Talmudical Seminary,NY,2,1,2,2,5,24,24,51,,,,,,1,0,1,0,0,4,Less Selective (>75% or open),Bacc/Associate
197027,United States Merchant Marine Academy,NY,1,1,1,2,7,22,22,59,0.2734986945169713,1532.0,660.0,670.0,28.0,1,1,0,0,0,2,Selective (25-50%),Bacc Diverse Fields
197036,United States Military Academy,NY,1,1,1,2,5,21,21,59,0.11951588502269289,12559.0,710.0,740.0,33.0,1,1,0,0,0,1,Highly Selective (10-25%),Bacc Arts & Sciences
197045,Utica University,NY,2,1,2,2,9,18,18,32,0.809028809028809,3367.0,620.0,630.0,32.0,1,0,1,0,0,4,Less Selective (>75% or open),Master's University
197133,Vassar College,NY,2,1,2,2,7,21,21,31,0.18655800911321416,11412.0,760.0,775.0,34.0,1,0,1,0,0,1,Highly Selective (10-25%),Bacc Arts & Sciences
197142,Villa Maria College,NY,2,1,2,2,5,22,23,40,0.782,500.0,520.0,530.0,,1,0,1,0,0,4,Less Selective (>75% or open),Bacc Diverse Fields
197151,School of Visual Arts,NY,3,1,3,2,7,18,30,56,0.8740612362796072,3462.0,700.0,720.0,32.0,1,0,0,1,0,4,Less Selective (>75% or open),Master's University
197197,Wagner College,NY,2,1,2,2,9,19,19,21,0.6854442344045368,2645.0,640.0,650.0,29.0,1,0,1,0,0,3,Moderately Selective (50-75%),Master's University
197221,Webb Institute,NY,2,1,2,2,5,28,27,54,0.20765027322404372,183.0,740.0,770.0,35.0,1,0,1,0,0,4,Less Selective (>75% or open),Other
197230,Wells College,NY,2,1,2,2,5,21,21,31,0.8767926988265972,1534.0,,,,1,0,1,0,0,4,Less Selective (>75% or open),Bacc Arts & Sciences
197285,The College of Westchester,NY,3,1,3,2,5,22,23,40,0.9545454545454546,462.0,,,,1,0,0,1,0,4,Less Selective (>75% or open),Bacc Diverse Fields
197294,SUNY Westchester Community College,NY,4,2,1,2,3,2,2,40,,,,,,0,1,0,0,0,5,2-year/Associate,Associate / CC
197337,Westchester School of Beauty Culture,NY,9,3,3,2,2,-2,-2,-2,,,,,,0,0,0,1,0,5,2-year/Associate,Other
197531,Word of Life Bible Institute,NY,5,2,2,2,4,-2,-2,-2,,,,,,0,0,1,0,0,5,2-year/Associate,Other
197601,Yeshiva Karlin Stolin,NY,2,1,2,2,6,24,24,51,,,,,,1,0,1,0,0,4,Less Selective (>75% or open),Bacc/Associate
197647,Yeshiva Derech Chaim,NY,2,1,2,2,9,24,24,51,0.6440677966101694,59.0,,,,1,0,1,0,0,4,Less Selective (>75% or open),Bacc/Associate
197674,Yeshiva of Nitra Rabbinical College,NY,2,1,2,2,6,24,24,51,,,,,,1,0,1,0,0,4,Less Selective (>75% or open),Bacc/Associate
197692,Yeshivath Shaar Hatorah,NY,2,1,2,2,7,24,24,51,0.7560975609756098,41.0,,,,1,0,1,0,0,4,Less Selective (>75% or open),Bacc/Associate
197708,Yeshiva University,NY,2,1,2,2,9,17,16,15,0.6321981424148607,1615.0,740.0,760.0,33.0,1,0,1,0,0,3,Moderately Selective (50-75%),Doctoral / Pro
197735,Yeshivath Viznitz,NY,2,1,2,2,5,24,24,51,0.8909090909090909,220.0,,,,1,0,1,0,0,4,Less Selective (>75% or open),Bacc/Associate
197744,Yeshivath Zichron Moshe,NY,2,1,2,2,5,24,24,51,0.5882352941176471,17.0,,,,1,0,1,0,0,4,Less Selective (>75% or open),Bacc/Associate
197814,College of the Albemarle,NC,4,2,1,2,3,3,3,40,,,,,,0,1,0,0,0,5,2-year/Associate,Associate / CC
197850,South Piedmont Community College,NC,4,2,1,2,3,3,6,40,,,,,,0,1,0,0,0,5,2-year/Associate,Associate / CC
197869,Appalachian State University,NC,1,1,1,2,9,18,18,21,0.8307796000898674,22255.0,650.0,620.0,27.0,1,1,0,0,0,4,Less Selective (>75% or open),Master's University
197887,Asheville-Buncombe Technical Community College,NC,4,2,1,2,3,6,6,40,,,,,,0,1,0,0,0,5,2-year/Associate,Associate / CC
197911,Barton College,NC,2,1,2,2,7,22,22,32,0.9459840300610616,2129.0,,,,1,0,1,0,0,4,Less Selective (>75% or open),Bacc Diverse Fields
197966,Beaufort County Community College,NC,4,2,1,2,3,2,1,40,,,,,,0,1,0,0,0,5,2-year/Associate,Associate / CC
197984,Belmont Abbey College,NC,2,1,2,2,7,22,22,32,0.9717083786724701,2757.0,580.0,560.0,26.0,1,0,1,0,0,4,Less Selective (>75% or open),Bacc Diverse Fields
197993,Bennett College,NC,2,1,2,1,5,21,21,31,0.44625719769673705,1042.0,,,,1,0,1,0,1,2,Selective (25-50%),Bacc Arts & Sciences
198011,Bladen Community College,NC,4,2,1,2,3,9,5,40,,,,,,0,1,0,0,0,5,2-year/Associate,Associate / CC
198039,Blue Ridge Community College,NC,4,2,1,2,3,3,5,40,,,,,,0,1,0,0,0,5,2-year/Associate,Associate / CC
198066,Brevard College,NC,2,1,2,2,7,22,22,33,0.3989120580235721,2206.0,580.0,575.0,23.0,1,0,1,0,0,2,Selective (25-50%),Bacc Diverse Fields
198084,Brunswick Community College,NC,4,2,1,2,3,2,3,40,,,,,,0,1,0,0,0,5,2-year/Associate,Associate / CC
198109,Cabarrus College of Health Sciences,NC,2,1,2,2,7,26,26,40,0.4489795918367347,49.0,555.0,520.0,24.0,1,0,1,0,0,4,Less Selective (>75% or open),Mixed Spec-Focus
198118,Caldwell Community College and Technical Institute,NC,4,2,1,2,3,2,3,40,,,,,,0,1,0,0,0,5,2-year/Associate,Associate / CC
198136,Campbell University,NC,2,1,2,2,9,17,17,21,0.8857512953367875,3860.0,,,,1,0,1,0,0,4,Less Selective (>75% or open),Doctoral / Pro
198154,Cape Fear Community College,NC,4,2,1,2,3,1,1,40,,,,,,0,1,0,0,0,5,2-year/Associate,Associate / CC
198206,Carteret Community College,NC,4,2,1,2,3,4,4,40,,,,,,0,1,0,0,0,5,2-year/Associate,Associate / CC
198215,Catawba College,NC,2,1,2,2,7,22,22,32,0.670834635823695,3199.0,600.0,610.0,27.0,1,0,1,0,0,3,Moderately Selective (50-75%),Bacc Diverse Fields
198233,Catawba Valley Community College,NC,4,2,1,2,3,2,2,40,,,,,,0,1,0,0,0,5,2-year/Associate,Associate / CC
198251,Central Carolina Community College,NC,4,2,1,2,3,6,5,40,,,,,,0,1,0,0,0,5,2-year/Associate,Associate / CC
198260,Central Piedmont Community College,NC,4,2,1,2,3,2,1,40,,,,,,0,1,0,0,0,5,2-year/Associate,Associate / CC
198303,Chowan University,NC,2,1,2,2,7,22,21,32,0.866755201416556,2259.0,530.0,555.0,25.0,1,0,1,0,0,4,Less Selective (>75% or open),Bacc Diverse Fields
198321,Cleveland Community College,NC,4,2,1,2,3,5,5,40,,,,,,0,1,0,0,0,5,2-year/Associate,Associate / CC
198330,Coastal Carolina Community College,NC,4,2,1,2,3,4,2,40,,,,,,0,1,0,0,0,5,2-year/Associate,Associate / CC
198367,Craven Community College,NC,4,2,1,2,3,2,5,40,,,,,,0,1,0,0,0,5,2-year/Associate,Associate / CC
198376,Davidson-Davie Community College,NC,4,2,1,2,3,5,5,40,,,,,,0,1,0,0,0,5,2-year/Associate,Associate / CC
198385,Davidson College,NC,2,1,2,2,5,21,21,31,0.16947059731440037,6479.0,740.0,760.0,33.0,1,0,1,0,0,1,Highly Selective (10-25%),Bacc Arts & Sciences
198419,Duke University,NC,2,1,2,2,9,15,15,15,0.06345969289827255,50016.0,770.0,800.0,35.0,1,0,1,0,0,0,Elite (<10%),R1 (very high research)
198455,Durham Technical Community College,NC,4,2,1,2,3,6,5,40,,,,,,0,1,0,0,0,5,2-year/Associate,Associate / CC
198464,East Carolina University,NC,1,1,1,2,9,16,16,16,0.9233503250245522,21383.0,,,,1,1,0,0,0,4,Less Selective (>75% or open),R2 (high research)
198491,Edgecombe Community College,NC,4,2,1,2,3,8,4,40,,,,,,0,1,0,0,0,5,2-year/Associate,Associate / CC
198507,Elizabeth City State University,NC,1,1,1,1,7,22,22,32,0.7415329768270945,3927.0,550.0,520.0,22.0,1,1,0,0,1,3,Moderately Selective (50-75%),Bacc Diverse Fields
198516,Elon University,NC,2,1,2,2,9,17,17,21,0.7446299356162042,17551.0,680.0,680.0,30.0,1,0,1,0,0,3,Moderately Selective (50-75%),Doctoral / Pro
198534,Fayetteville Technical Community College,NC,4,2,1,2,3,5,5,40,,,,,,0,1,0,0,0,5,2-year/Associate,Associate / CC
198543,Fayetteville State University,NC,1,1,1,1,9,19,19,21,0.8124392614188533,4116.0,530.0,530.0,19.0,1,1,0,0,1,4,Less Selective (>75% or open),Master's University
198552,Forsyth Technical Community College,NC,4,2,1,2,3,4,4,40,,,,,,0,1,0,0,0,5,2-year/Associate,Associate / CC
198561,Gardner-Webb University,NC,2,1,2,2,9,17,17,21,0.7494762569832403,5728.0,610.0,600.0,25.0,1,0,1,0,0,3,Moderately Selective (50-75%),Doctoral / Pro
198570,Gaston College,NC,4,2,1,2,3,4,4,40,,,,,,0,1,0,0,0,5,2-year/Associate,Associate / CC
198598,Greensboro College,NC,2,1,2,2,7,20,22,31,0.8428465530022239,1349.0,,,,1,0,1,0,0,4,Less Selective (>75% or open),Master's University
198613,Guilford College,NC,2,1,2,2,7,21,21,31,0.8351486605828672,3397.0,600.0,580.0,25.0,1,0,1,0,0,4,Less Selective (>75% or open),Bacc Arts & Sciences
198622,Guilford Technical Community College,NC,4,2,1,2,3,4,4,40,,,,,,0,1,0,0,0,5,2-year/Associate,Associate / CC
198640,Halifax Community College,NC,4,2,1,2,3,6,6,40,,,,,,0,1,0,0,0,5,2-year/Associate,Associate / CC
198668,Haywood Community College,NC,4,2,1,2,3,5,4,40,,,,,,0,1,0,0,0,5,2-year/Associate,Associate / CC
198677,Heritage Bible College,NC,2,1,2,2,7,24,24,51,,,,,,1,0,1,0,0,4,Less Selective (>75% or open),Bacc/Associate
198695,High Point University,NC,2,1,2,2,9,22,22,32,0.7887674754941346,12446.0,640.0,640.0,29.0,1,0,1,0,0,4,Less Selective (>75% or open),Bacc Diverse Fields
198710,Isothermal Community College,NC,4,2,1,2,3,2,6,40,,,,,,0,1,0,0,0,5,2-year/Associate,Associate / CC
198729,James Sprunt Community College,NC,4,2,1,2,3,2,4,40,,,,,,0,1,0,0,0,5,2-year/Associate,Associate / CC
198756,Johnson C Smith University,NC,2,1,2,1,7,21,21,32,0.25281873373807456,2306.0,,,,1,0,1,0,1,2,Selective (25-50%),Bacc Arts & Sciences
198774,Johnston Community College,NC,4,2,1,2,3,5,6,40,,,,,,0,1,0,0,0,5,2-year/Associate,Associate / CC
198808,Lees-McRae College,NC,2,1,2,2,7,22,22,31,0.6133871898442008,1733.0,,,,1,0,1,0,0,3,Moderately Selective (50-75%),Bacc Diverse Fields
198817,Lenoir Community College,NC,4,2,1,2,3,6,6,40,,,,,,0,1,0,0,0,5,2-year/Associate,Associate / CC
198835,Lenoir-Rhyne University,NC,2,1,2,2,9,18,18,32,0.8288701393983859,5452.0,,,,1,0,1,0,0,4,Less Selective (>75% or open),Master's University
198844,Leons Beauty School Inc,NC,9,3,3,2,2,-2,-2,-2,,,,,,0,0,0,1,0,5,2-year/Associate,Other
198862,Livingstone College,NC,2,1,2,1,7,22,22,32,0.6377025036818851,4074.0,500.0,460.0,21.0,1,0,1,0,1,3,Moderately Selective (50-75%),Bacc Diverse Fields
198871,Louisburg College,NC,5,2,2,2,3,1,1,40,0.8635477582846004,1026.0,,,,0,0,1,0,0,5,2-year/Associate,Associate / CC
198899,Mars Hill University,NC,2,1,2,2,7,22,22,32,0.7420162805259862,1597.0,,,,1,0,1,0,0,3,Moderately Selective (50-75%),Bacc Diverse Fields
198905,Martin Community College,NC,4,2,1,2,3,3,6,40,,,,,,0,1,0,0,0,5,2-year/Associate,Associate / CC
198914,Mayland Community College,NC,4,2,1,2,3,6,5,40,,,,,,0,1,0,0,0,5,2-year/Associate,Associate / CC
198923,McDowell Technical Community College,NC,4,2,1,2,3,6,6,40,,,,,,0,1,0,0,0,5,2-year/Associate,Associate / CC
198950,Meredith College,NC,2,1,2,2,7,21,21,21,0.731830985915493,1775.0,680.0,640.0,28.0,1,0,1,0,0,3,Moderately Selective (50-75%),Bacc Arts & Sciences
198969,Methodist University,NC,2,1,2,2,9,20,20,32,0.756779307467668,2397.0,600.0,600.0,26.0,1,0,1,0,0,4,Less Selective (>75% or open),Master's University
198978,Miller-Motte College-Wilmington,NC,3,1,3,2,5,23,23,40,,,,,,1,0,0,1,0,4,Less Selective (>75% or open),Bacc Diverse Fields
198987,Mitchell Community College,NC,4,2,1,2,3,3,3,40,,,,,,0,1,0,0,0,5,2-year/Associate,Associate / CC
199005,Mitchells Academy,NC,9,3,3,2,2,-2,-2,-2,,,,,,0,0,0,1,0,5,2-year/Associate,Other
199023,Montgomery Community College,NC,4,2,1,2,3,6,9,40,,,,,,0,1,0,0,0,5,2-year/Associate,Associate / CC
199032,Montreat College,NC,2,1,2,2,7,22,20,55,0.6805555555555556,1440.0,,,,1,0,1,0,0,3,Moderately Selective (50-75%),Bacc Diverse Fields
199069,University of Mount Olive,NC,2,1,2,2,7,20,20,32,0.7459194776931447,1838.0,,,,1,0,1,0,0,3,Moderately Selective (50-75%),Master's University
199078,College of Wilmington,NC,9,3,3,2,2,-2,-2,-2,,,,,,0,0,0,1,0,5,2-year/Associate,Other
199087,Nash Community College,NC,4,2,1,2,3,6,5,40,,,,,,0,1,0,0,0,5,2-year/Associate,Associate / CC
199102,North Carolina A & T State University,NC,1,1,1,1,9,16,16,21,0.5638537380638149,25762.0,580.0,560.0,23.0,1,1,0,0,1,3,Moderately Selective (50-75%),R2 (high research)
199111,University of North Carolina Asheville,NC,1,1,1,2,7,21,21,31,0.7431042543244507,4278.0,685.0,655.0,28.0,1,1,0,0,0,3,Moderately Selective (50-75%),Bacc Arts & Sciences
199120,University of North Carolina at Chapel Hill,NC,1,1,1,2,9,15,15,15,0.17108322535986226,56341.0,750.0,780.0,34.0,1,1,0,0,0,1,Highly Selective (10-25%),R1 (very high research)
199139,University of North Carolina at Charlotte,NC,1,1,1,2,9,16,16,21,0.7963942870522126,21355.0,640.0,650.0,27.0,1,1,0,0,0,4,Less Selective (>75% or open),R2 (high research)
199148,University of North Carolina at Greensboro,NC,1,1,1,2,9,16,16,16,0.9194094659140252,11515.0,660.0,620.0,27.0,1,1,0,0,0,4,Less Selective (>75% or open),R2 (high research)
199157,North Carolina Central University,NC,1,1,1,1,9,18,18,21,0.8437611302386323,8423.0,590.0,540.0,23.0,1,1,0,0,1,4,Less Selective (>75% or open),Master's University
199175,University of North Carolina System,NC,0,1,1,2,9,-2,-2,-2,,,,,,1,1,0,0,0,4,Less Selective (>75% or open),Other
199184,University of North Carolina School of the Arts,NC,1,1,1,2,8,30,30,56,0.31782265144863914,1139.0,690.0,660.0,30.0,1,1,0,0,0,2,Selective (25-50%),Special Focus
199193,North Carolina State University at Raleigh,NC,1,1,1,2,9,15,15,15,0.4717442645074224,35568.0,710.0,750.0,33.0,1,1,0,0,0,2,Selective (25-50%),R1 (very high research)
199209,North Carolina Wesleyan University,NC,2,1,2,2,7,22,22,32,0.6843211433375368,2379.0,,,,1,0,1,0,0,3,Moderately Selective (50-75%),Bacc Diverse Fields
199218,University of North Carolina Wilmington,NC,1,1,1,2,9,16,16,21,0.6883155397390273,16860.0,690.0,680.0,29.0,1,1,0,0,0,3,Moderately Selective (50-75%),R2 (high research)
199263,Pamlico Community College,NC,4,2,1,2,3,6,5,40,,,,,,0,1,0,0,0,5,2-year/Associate,Associate / CC
199272,William Peace University,NC,2,1,2,2,5,22,22,33,0.6317991631799164,1434.0,583.0,568.0,27.0,1,0,1,0,0,3,Moderately Selective (50-75%),Bacc Diverse Fields
199281,University of North Carolina at Pembroke,NC,1,1,1,2,8,18,18,21,0.8973684210526316,3420.0,,,,1,1,0,0,0,4,Less Selective (>75% or open),Master's University
199306,Pfeiffer University,NC,2,1,2,2,8,19,18,22,0.6905311778290993,1299.0,,,21.0,1,0,1,0,0,3,Moderately Selective (50-75%),Master's University
199324,Piedmont Community College,NC,4,2,1,2,4,6,5,40,,,,,,0,1,0,0,0,5,2-year/Associate,Associate / CC
199333,Pitt Community College,NC,4,2,1,2,3,6,5,40,,,,,,0,1,0,0,0,5,2-year/Associate,Associate / CC
199412,Queens University of Charlotte,NC,2,1,2,2,8,18,18,22,0.7127457197209892,3154.0,630.0,625.0,29.0,1,0,1,0,0,3,Moderately Selective (50-75%),Master's University
199421,Randolph Community College,NC,4,2,1,2,3,2,2,40,,,,,,0,1,0,0,0,5,2-year/Associate,Associate / CC
199449,Richmond Community College,NC,4,2,1,2,3,5,5,40,,,,,,0,1,0,0,0,5,2-year/Associate,Associate / CC
199458,Mid-Atlantic Christian University,NC,2,1,2,2,5,22,24,51,0.6333333333333333,210.0,,,,1,0,1,0,0,4,Less Selective (>75% or open),Bacc Diverse Fields
199467,Roanoke-Chowan Community College,NC,4,2,1,2,3,1,3,40,,,,,,0,1,0,0,0,5,2-year/Associate,Associate / CC
199476,Robeson Community College,NC,4,2,1,2,3,7,5,40,,,,,,0,1,0,0,0,5,2-year/Associate,Associate / CC
199485,Rockingham Community College,NC,4,2,1,2,3,5,1,40,,,,,,0,1,0,0,0,5,2-year/Associate,Associate / CC
199494,Rowan-Cabarrus Community College,NC,4,2,1,2,3,6,2,40,,,,,,0,1,0,0,0,5,2-year/Associate,Associate / CC
199582,Saint Augustine's University,NC,2,1,2,1,7,22,22,31,0.5884505896705978,4918.0,,,,1,0,1,0,1,3,Moderately Selective (50-75%),Bacc Diverse Fields
199607,Salem College,NC,2,1,2,2,7,21,21,31,0.8748921484037964,1159.0,,,,1,0,1,0,0,4,Less Selective (>75% or open),Bacc Arts & Sciences
199625,Sampson Community College,NC,4,2,1,2,3,6,4,40,,,,,,0,1,0,0,0,5,2-year/Associate,Associate / CC
199634,Sandhills Community College,NC,4,2,1,2,3,4,5,40,,,,,,0,1,0,0,0,5,2-year/Associate,Associate / CC
199643,Shaw University,NC,2,1,2,1,7,22,22,32,0.6102669404517453,2435.0,,,,1,0,1,0,1,3,Moderately Selective (50-75%),Bacc Diverse Fields
199689,Paul Mitchell the School-Fayetteville,NC,9,3,3,2,2,-2,-2,-2,,,,,,0,0,0,1,0,5,2-year/Associate,Other
199698,St. Andrews University,NC,2,1,2,2,7,22,22,31,0.6479909451046972,1767.0,,,,1,0,1,0,0,3,Moderately Selective (50-75%),Bacc Diverse Fields
199722,Southeastern Community College,NC,4,2,1,2,3,5,5,40,,,,,,0,1,0,0,0,5,2-year/Associate,Associate / CC
199731,Southwestern Community College,NC,4,2,1,2,3,5,5,40,,,,,,0,1,0,0,0,5,2-year/Associate,Associate / CC
199740,Stanly Community College,NC,4,2,1,2,3,6,5,40,,,,,,0,1,0,0,0,5,2-year/Associate,Associate / CC
199759,Southeastern Baptist Theological Seminary,NC,2,1,2,2,9,17,18,-2,0.8,60.0,670.0,590.0,23.0,1,0,1,0,0,4,Less Selective (>75% or open),Doctoral / Pro
199768,Surry Community College,NC,4,2,1,2,3,6,5,40,,,,,,0,1,0,0,0,5,2-year/Associate,Associate / CC
199786,Alamance Community College,NC,4,2,1,2,3,6,5,40,,,,,,0,1,0,0,0,5,2-year/Associate,Associate / CC
199795,Tri-County Community College,NC,4,2,1,2,3,3,3,40,,,,,,0,1,0,0,0,5,2-year/Associate,Associate / CC
199838,Vance-Granville Community College,NC,4,2,1,2,3,6,5,40,,,,,,0,1,0,0,0,5,2-year/Associate,Associate / CC
199847,Wake Forest University,NC,2,1,2,2,9,16,16,16,0.21367977694726226,16857.0,,,,1,0,1,0,0,1,Highly Selective (10-25%),R2 (high research)
199856,Wake Technical Community College,NC,4,2,1,2,3,1,1,40,,,,,,0,1,0,0,0,5,2-year/Associate,Associate / CC
199865,Warren Wilson College,NC,2,1,2,2,7,21,21,22,0.8397790055248618,905.0,,,31.0,1,0,1,0,0,4,Less Selective (>75% or open),Bacc Arts & Sciences
199883,Watts College of Nursing,NC,2,1,2,2,5,-2,-2,-2,,,,,,1,0,1,0,0,4,Less Selective (>75% or open),Other
199892,Wayne Community College,NC,4,2,1,2,3,4,4,40,,,,,,0,1,0,0,0,5,2-year/Associate,Associate / CC
199908,Western Piedmont Community College,NC,4,2,1,2,3,6,2,40,,,,,,0,1,0,0,0,5,2-year/Associate,Associate / CC
199926,Wilkes Community College,NC,4,2,1,2,3,5,5,40,,,,,,0,1,0,0,0,5,2-year/Associate,Associate / CC
199953,Wilson Community College,NC,4,2,1,2,3,6,6,40,,,,,,0,1,0,0,0,5,2-year/Associate,Associate / CC
199962,Wingate University,NC,2,1,2,2,9,17,17,32,0.8615217819830475,20292.0,590.0,590.0,24.0,1,0,1,0,0,4,Less Selective (>75% or open),Doctoral / Pro
199971,Carolina Christian College,NC,2,1,2,2,9,24,24,-2,,,,,,1,0,1,0,0,4,Less Selective (>75% or open),Bacc/Associate
199980,Winston Salem Barber School,NC,9,3,3,2,2,-2,-2,-2,,,,,,0,0,0,1,0,5,2-year/Associate,Other
199999,Winston-Salem State University,NC,1,1,1,1,9,17,19,32,0.7338751966439434,7628.0,530.0,520.0,19.0,1,1,0,0,1,3,Moderately Selective (50-75%),Doctoral / Pro
200004,Western Carolina University,NC,1,1,1,2,9,17,18,21,0.8484121225651616,17917.0,640.0,600.0,26.0,1,1,0,0,0,4,Less Selective (>75% or open),Doctoral / Pro
200013,Rasmussen University-North Dakota,ND,3,1,3,2,5,23,23,40,,,,,,1,0,0,1,0,4,Less Selective (>75% or open),Bacc Diverse Fields
200022,Bismarck State College,ND,1,1,1,2,5,14,14,40,,,,,,1,1,0,0,0,4,Less Selective (>75% or open),Associate / CC
200059,Dickinson State University,ND,1,1,1,2,7,22,22,32,0.720164609053498,729.0,550.0,580.0,21.0,1,1,0,0,0,3,Moderately Selective (50-75%),Bacc Diverse Fields
200086,Nueta Hidatsa Sahnish College,ND,1,1,1,2,5,33,33,60,,,,,,1,1,0,0,0,4,Less Selective (>75% or open),Tribal
200110,"Josef's School of Hair, Skin & Body-Grand Forks",ND,9,3,3,2,2,-2,-2,-2,,,,,,0,0,0,1,0,5,2-year/Associate,Other
200156,University of Jamestown,ND,2,1,2,2,9,20,22,32,0.9203539823008849,1017.0,,,,1,0,1,0,0,4,Less Selective (>75% or open),Master's University
200192,Lake Region State College,ND,4,2,1,2,4,6,6,40,,,,,,0,1,0,0,0,5,2-year/Associate,Associate / CC
200208,Cankdeska Cikana Community College,ND,4,2,1,2,3,33,33,60,,,,,,0,1,0,0,0,5,2-year/Associate,Tribal
200217,University of Mary,ND,2,1,2,2,9,17,17,21,0.8138759172781854,1499.0,670.0,650.0,27.0,1,0,1,0,0,4,Less Selective (>75% or open),Doctoral / Pro
200226,Mayville State University,ND,1,1,1,2,7,22,22,32,0.7123287671232876,292.0,,,,1,1,0,0,0,4,Less Selective (>75% or open),Bacc Diverse Fields
200253,Minot State University,ND,1,1,1,2,8,19,19,21,0.9317269076305221,498.0,598.0,580.0,22.0,1,1,0,0,0,4,Less Selective (>75% or open),Master's University
200280,University of North Dakota,ND,1,1,1,2,9,16,16,16,0.8328027891465818,6597.0,,,,1,1,0,0,0,4,Less Selective (>75% or open),R2 (high research)
200305,North Dakota State College of Science,ND,4,2,1,2,4,7,8,40,,,,,,0,1,0,0,0,5,2-year/Associate,Associate / CC
200314,Dakota College at Bottineau,ND,4,2,1,2,3,9,3,40,,,,,,0,1,0,0,0,5,2-year/Associate,Associate / CC
200332,North Dakota State University-Main Campus,ND,1,1,1,2,9,15,16,16,0.9567662565905096,8535.0,623.0,593.0,25.0,1,1,0,0,0,4,Less Selective (>75% or open),R1 (very high research)
200341,Williston State College,ND,4,2,1,2,3,4,2,40,,,,,,0,1,0,0,0,5,2-year/Associate,Associate / CC
200466,Sitting Bull College,ND,1,1,1,2,7,33,33,60,,,,,,1,1,0,0,0,4,Less Selective (>75% or open),Tribal
200484,Trinity Bible College and Graduate School,ND,2,1,2,2,9,24,24,51,0.4444444444444444,144.0,,,23.0,1,0,1,0,0,4,Less Selective (>75% or open),Bacc/Associate
200527,Turtle Mountain Community College,ND,2,1,2,2,7,33,33,60,,,,,,1,0,1,0,0,4,Less Selective (>75% or open),Tribal
200554,United Tribes Technical College,ND,2,1,2,2,5,33,33,60,,,,,,1,0,1,0,0,4,Less Selective (>75% or open),Tribal
200572,Valley City State University,ND,1,1,1,2,7,22,22,32,0.8344988344988346,429.0,550.0,560.0,23.0,1,1,0,0,0,4,Less Selective (>75% or open),Bacc Diverse Fields
200590,ETI Technical College,OH,6,2,3,2,3,7,8,40,,,,,,0,0,0,1,0,5,2-year/Associate,Associate / CC
200697,Air Force Institute of Technology-Graduate School of Engineering & Management,OH,1,1,1,2,9,16,16,59,,,,,,1,1,0,0,0,4,Less Selective (>75% or open),R2 (high research)
200785,Herzing University-Akron,OH,2,1,2,2,5,23,23,-2,0.9385964912280702,114.0,,,,1,0,1,0,0,4,Less Selective (>75% or open),Bacc Diverse Fields
200800,University of Akron Main Campus,OH,1,1,1,2,9,16,16,16,0.828692395375346,12282.0,610.0,620.0,25.0,1,1,0,0,0,4,Less Selective (>75% or open),R2 (high research)
200846,University of Akron Wayne College,OH,4,2,1,2,3,3,3,40,0.8291925465838509,322.0,460.0,490.0,22.0,0,1,0,0,0,5,2-year/Associate,Associate / CC
200873,Allegheny Wesleyan College,OH,2,1,2,2,5,24,24,-2,,,,,,1,0,1,0,0,4,Less Selective (>75% or open),Bacc/Associate
201034,Apollo Career Center,OH,7,3,1,2,2,-2,-2,-2,,,,,,0,1,0,0,0,5,2-year/Associate,Other
201061,Art Academy of Cincinnati,OH,2,1,2,2,7,30,30,56,1.0,426.0,,,,1,0,1,0,0,4,Less Selective (>75% or open),Special Focus
201098,Ashland County-West Holmes Career Center,OH,7,3,1,2,2,-2,-2,-2,,,,,,0,1,0,0,0,5,2-year/Associate,Other
201104,Ashland University,OH,2,1,2,2,9,18,18,21,0.7176341730558597,4565.0,630.0,620.0,26.0,1,0,1,0,0,3,Moderately Selective (50-75%),Master's University
201131,Ashtabula County Technical and Career Campus,OH,7,3,1,2,2,-2,-2,-2,,,,,,0,1,0,0,0,5,2-year/Associate,Other
201140,Athenaeum of Ohio,OH,2,1,2,2,7,24,24,51,,,,,,1,0,1,0,0,4,Less Selective (>75% or open),Bacc/Associate
201159,Auburn Career Center,OH,7,3,1,2,2,-2,-2,-2,,,,,,0,1,0,0,0,5,2-year/Associate,Other
201177,Aultman College of Nursing and Health Sciences,OH,2,1,2,2,5,26,26,-2,0.5510204081632653,147.0,,,22.0,1,0,1,0,0,4,Less Selective (>75% or open),Mixed Spec-Focus
201195,Baldwin Wallace University,OH,2,1,2,2,8,18,18,21,0.7703948924095531,4229.0,650.0,648.0,27.0,1,0,1,0,0,4,Less Selective (>75% or open),Master's University
201283,Belmont College,OH,4,2,1,2,3,8,8,40,,,,,,0,1,0,0,0,5,2-year/Associate,Associate / CC
201371,Bluffton University,OH,2,1,2,2,7,22,22,32,0.96289592760181,1105.0,,,19.0,1,0,1,0,0,4,Less Selective (>75% or open),Bacc Diverse Fields
201432,Bowling Green State University-Firelands,OH,1,1,1,2,5,5,2,40,,,,,,1,1,0,0,0,4,Less Selective (>75% or open),Associate / CC
201441,Bowling Green State University-Main Campus,OH,1,1,1,2,9,16,16,16,0.786553562217,17447.0,600.0,600.0,25.0,1,1,0,0,0,4,Less Selective (>75% or open),R2 (high research)
201469,Bryant & Stratton College-Parma,OH,2,1,2,2,5,14,23,40,,,,,,1,0,1,0,0,4,Less Selective (>75% or open),Associate / CC
201478,Buckeye Hills Career Center,OH,7,3,1,2,2,-2,-2,-2,,,,,,0,1,0,0,0,5,2-year/Associate,Other
201496,Butler Technology and Career Development Schools,OH,7,3,1,2,2,-2,-2,-2,,,,,,0,1,0,0,0,5,2-year/Associate,Other
201539,Canton City Schools Adult Career and Technical Education,OH,7,3,1,2,2,-2,-2,-2,,,,,,0,1,0,0,0,5,2-year/Associate,Other
201548,Capital University,OH,2,1,2,2,9,18,19,22,0.7215102974828376,4370.0,593.0,593.0,24.0,1,0,1,0,0,3,Moderately Selective (50-75%),Master's University
201645,Case Western Reserve University,OH,2,1,2,2,9,15,15,15,0.27407560528151725,38701.0,750.0,790.0,35.0,1,0,1,0,0,2,Selective (25-50%),R1 (very high research)
201654,Cedarville University,OH,2,1,2,2,9,19,20,32,0.6487580496780129,5435.0,690.0,690.0,29.0,1,0,1,0,0,3,Moderately Selective (50-75%),Master's University
201672,Central Ohio Technical College,OH,1,1,1,2,5,9,9,40,,,,,,1,1,0,0,0,4,Less Selective (>75% or open),Associate / CC
201681,Central School of Practical Nursing,OH,8,3,2,2,2,-2,-2,-2,,,,,,0,0,1,0,0,5,2-year/Associate,Other
201690,Central State University,OH,1,1,1,1,7,22,22,32,0.8883062401678028,3814.0,,,,1,1,0,0,1,4,Less Selective (>75% or open),Bacc Diverse Fields
201751,Chatfield College,OH,5,2,2,2,3,3,3,40,,,,,,0,0,1,0,0,5,2-year/Associate,Associate / CC
201803,Choffin Career  and Technical Center,OH,7,3,1,2,2,-2,-2,-2,,,,,,0,1,0,0,0,5,2-year/Associate,Other
201821,The Christ College of Nursing and Health Sciences,OH,2,1,2,2,5,26,26,-2,0.7105263157894737,380.0,510.0,510.0,22.0,1,0,1,0,0,4,Less Selective (>75% or open),Mixed Spec-Focus
201867,Cincinnati College of Mortuary Science,OH,2,1,2,2,5,30,32,59,,,,,,1,0,1,0,0,4,Less Selective (>75% or open),Special Focus
201885,University of Cincinnati-Main Campus,OH,1,1,1,2,9,15,15,15,0.8621533161068045,29025.0,670.0,690.0,29.0,1,1,0,0,0,4,Less Selective (>75% or open),R1 (very high research)
201928,Cincinnati State Technical and Community College,OH,1,1,1,2,5,8,8,40,,,,,,1,1,0,0,0,4,Less Selective (>75% or open),Associate / CC
201946,University of Cincinnati-Clermont College,OH,1,1,1,2,5,14,23,40,,,,,,1,1,0,0,0,4,Less Selective (>75% or open),Associate / CC
201955,University of Cincinnati-Blue Ash College,OH,1,1,1,2,5,14,14,40,,,,,,1,1,0,0,0,4,Less Selective (>75% or open),Associate / CC
201964,Ohio Christian University,OH,2,1,2,2,7,19,19,51,,,,,,1,0,1,0,0,4,Less Selective (>75% or open),Master's University
201973,Clark State College,OH,1,1,1,2,5,9,5,40,,,,,,1,1,0,0,0,4,Less Selective (>75% or open),Associate / CC
202046,Cleveland Institute of Art,OH,2,1,2,2,5,30,30,56,0.6984126984126984,693.0,660.0,620.0,28.0,1,0,1,0,0,3,Moderately Selective (50-75%),Special Focus
202073,Cleveland Institute of Music,OH,2,1,2,2,9,30,30,56,0.36243386243386244,378.0,,,,1,0,1,0,0,4,Less Selective (>75% or open),Special Focus
202134,Cleveland State University,OH,1,1,1,2,9,16,16,16,0.8532411408815903,11570.0,570.0,560.0,25.0,1,1,0,0,0,4,Less Selective (>75% or open),R2 (high research)
202152,Columbiana County Career and Technical Center,OH,7,3,1,2,2,-2,-2,-2,,,,,,0,1,0,0,0,5,2-year/Associate,Other
202170,Columbus College of Art & Design,OH,2,1,2,2,7,30,30,56,0.9097938144329897,776.0,,,,1,0,1,0,0,4,Less Selective (>75% or open),Special Focus
202222,Columbus State Community College,OH,4,2,1,2,3,6,6,40,,,,,,0,1,0,0,0,5,2-year/Associate,Associate / CC
202356,Cuyahoga Community College District,OH,4,2,1,2,3,6,5,40,,,,,,0,1,0,0,0,5,2-year/Associate,Associate / CC
202435,Davis College,OH,3,1,3,2,5,9,7,40,,,,,,1,0,0,1,0,4,Less Selective (>75% or open),Associate / CC
202453,Dayton Barber College,OH,6,2,3,2,4,-2,-2,-2,,,,,,0,0,0,1,0,5,2-year/Associate,Other
202480,University of Dayton,OH,2,1,2,2,9,16,16,16,0.740511026293469,18864.0,673.0,690.0,30.0,1,0,1,0,0,3,Moderately Selective (50-75%),R2 (high research)
202514,Defiance College,OH,2,1,2,2,7,22,22,32,0.6285819250551066,2722.0,,,21.0,1,0,1,0,0,3,Moderately Selective (50-75%),Bacc Diverse Fields
202523,Denison University,OH,2,1,2,2,5,21,21,31,0.21963993453355155,12220.0,710.0,750.0,32.0,1,0,1,0,0,1,Highly Selective (10-25%),Bacc Arts & Sciences
202648,Edison State Community College,OH,4,2,1,2,3,6,6,40,,,,,,0,1,0,0,0,5,2-year/Associate,Associate / CC
202657,EHOVE Career Center,OH,7,3,1,2,2,-2,-2,-2,,,,,,0,1,0,0,0,5,2-year/Associate,Other
202763,The University of Findlay,OH,2,1,2,2,9,17,17,21,0.8597949570518149,3609.0,,,,1,0,1,0,0,4,Less Selective (>75% or open),Doctoral / Pro
202806,Franklin University,OH,2,1,2,2,9,18,29,55,,,,,,1,0,1,0,0,4,Less Selective (>75% or open),Master's University
202888,Gerbers Akron Beauty School,OH,9,3,3,2,2,-2,-2,-2,,,,,,0,0,0,1,0,5,2-year/Associate,Other
202903,Gods Bible School and College,OH,2,1,2,2,7,22,24,51,0.6379310344827587,174.0,,,,1,0,1,0,0,4,Less Selective (>75% or open),Bacc Diverse Fields
202912,Good Samaritan College of Nursing and Health Science,OH,2,1,2,2,5,26,26,-2,0.75,32.0,,,,1,0,1,0,0,4,Less Selective (>75% or open),Mixed Spec-Focus
202949,Great Oaks Career Campuses,OH,7,3,1,2,2,-2,-2,-2,,,,,,0,1,0,0,0,5,2-year/Associate,Other
202985,Hannah E Mullins School of Practical Nursing,OH,7,3,1,2,2,-2,-2,-2,0.2857142857142857,14.0,,,,0,1,0,0,0,5,2-year/Associate,Other
203030,Adult and Community Education-Hudson,OH,7,3,1,2,2,-2,-2,-2,1.0,6.0,,,,0,1,0,0,0,5,2-year/Associate,Other
203067,Hebrew Union College-Jewish Institute of Religion,NY,2,1,2,2,9,24,24,51,,,,,,1,0,1,0,0,4,Less Selective (>75% or open),Bacc/Associate
203085,Heidelberg University,OH,2,1,2,2,7,20,22,21,0.7134925041643532,1801.0,,,,1,0,1,0,0,3,Moderately Selective (50-75%),Master's University
203128,Hiram College,OH,2,1,2,2,7,22,22,31,0.9314345991561181,1896.0,,,,1,0,1,0,0,4,Less Selective (>75% or open),Bacc Diverse Fields
203146,Hobart Institute of Welding Technology,OH,8,3,2,2,2,-2,-2,-2,,,,,,0,0,1,0,0,5,2-year/Associate,Other
203155,Hocking College,OH,4,2,1,2,3,7,5,40,,,,,,0,1,0,0,0,5,2-year/Associate,Associate / CC
203234,Ross Medical Education Center-Cincinnati,OH,9,3,3,2,2,-2,-2,-2,,,,,,0,0,0,1,0,5,2-year/Associate,Other
203289,International College of Broadcasting,OH,6,2,3,2,3,1,12,40,,,,,,0,0,0,1,0,5,2-year/Associate,Associate / CC
203331,Eastern Gateway Community College,OH,4,2,1,2,3,2,6,40,,,,,,0,1,0,0,0,5,2-year/Associate,Associate / CC
203368,John Carroll University,OH,2,1,2,2,8,18,19,21,0.8236658932714617,4310.0,660.0,660.0,30.0,1,0,1,0,0,4,Less Selective (>75% or open),Master's University
203386,Hondros College of Nursing,OH,6,2,3,2,3,26,26,40,0.8974358974358975,312.0,,,,0,0,0,1,0,5,2-year/Associate,Mixed Spec-Focus
203438,Casal Aveda Institute,OH,6,2,3,2,4,-2,-2,-2,,,,,,0,0,0,1,0,5,2-year/Associate,Other
203447,Kent State University at Ashtabula,OH,1,1,1,2,5,14,14,40,,,,,,1,1,0,0,0,4,Less Selective (>75% or open),Associate / CC
203456,Kent State University at East Liverpool,OH,1,1,1,2,5,14,26,40,,,,,,1,1,0,0,0,4,Less Selective (>75% or open),Associate / CC
203465,Kent State University at Stark,OH,1,1,1,2,7,14,14,40,,,,,,1,1,0,0,0,4,Less Selective (>75% or open),Associate / CC
203474,Kent State University at Trumbull,OH,1,1,1,2,5,23,23,40,,,,,,1,1,0,0,0,4,Less Selective (>75% or open),Bacc Diverse Fields
203483,Kent State University at Tuscarawas,OH,1,1,1,2,5,23,23,40,,,,,,1,1,0,0,0,4,Less Selective (>75% or open),Bacc Diverse Fields
203492,Kent State University at Salem,OH,1,1,1,2,5,23,23,40,,,,,,1,1,0,0,0,4,Less Selective (>75% or open),Bacc Diverse Fields
203517,Kent State University at Kent,OH,1,1,1,2,9,15,16,15,0.8802101232264716,20369.0,620.0,600.0,25.0,1,1,0,0,0,4,Less Selective (>75% or open),R1 (very high research)
203526,Kent State University at Geauga,OH,1,1,1,2,7,14,14,40,,,,,,1,1,0,0,0,4,Less Selective (>75% or open),Associate / CC
203535,Kenyon College,OH,2,1,2,2,5,21,21,31,0.3430261212419911,8116.0,760.0,755.0,34.0,1,0,1,0,0,2,Selective (25-50%),Bacc Arts & Sciences
203544,Kettering College,OH,2,1,2,2,9,26,26,53,0.3441226575809199,587.0,,,23.0,1,0,1,0,0,2,Selective (25-50%),Mixed Spec-Focus
203580,Lake Erie College,OH,2,1,2,2,7,20,19,22,0.5410138248847927,1085.0,590.0,580.0,26.0,1,0,1,0,0,3,Moderately Selective (50-75%),Master's University
203599,Lakeland Community College,OH,4,2,1,2,3,2,3,40,,,,,,0,1,0,0,0,5,2-year/Associate,Associate / CC
203614,Collins Career Technical Center,OH,4,2,1,2,4,-2,-2,-2,,,,,,0,1,0,0,0,5,2-year/Associate,Other
203678,James A. Rhodes State College,OH,1,1,1,2,5,9,9,40,,,,,,1,1,0,0,0,4,Less Selective (>75% or open),Associate / CC
203720,Ohio Business College-Sheffield,OH,6,2,3,2,3,13,7,40,,,,,,0,0,0,1,0,5,2-year/Associate,Associate / CC
203739,Ohio Business College-Sandusky,OH,6,2,3,2,3,13,8,40,,,,,,0,0,0,1,0,5,2-year/Associate,Associate / CC
203748,Lorain County Community College,OH,1,1,1,2,5,2,2,40,,,,,,1,1,0,0,0,4,Less Selective (>75% or open),Associate / CC
203757,Lourdes University,OH,2,1,2,2,9,20,20,32,0.6044362292051756,1082.0,,,,1,0,1,0,0,3,Moderately Selective (50-75%),Master's University
203775,Malone University,OH,2,1,2,2,8,19,19,21,0.7756272401433691,1395.0,590.0,600.0,23.0,1,0,1,0,0,4,Less Selective (>75% or open),Master's University
203845,Marietta College,OH,2,1,2,2,7,22,22,32,0.8285366842318606,2467.0,580.0,550.0,24.0,1,0,1,0,0,4,Less Selective (>75% or open),Bacc Diverse Fields
203881,Marion Technical College,OH,1,1,1,2,5,9,9,40,,,,,,1,1,0,0,0,4,Less Selective (>75% or open),Associate / CC
203942,Medina County Career Center,OH,7,3,1,2,2,-2,-2,-2,,,,,,0,1,0,0,0,5,2-year/Associate,Other
203960,Mercy College of Ohio,OH,2,1,2,2,8,26,26,40,0.461864406779661,236.0,510.0,520.0,21.0,1,0,1,0,0,4,Less Selective (>75% or open),Mixed Spec-Focus
203997,Methodist Theological School in Ohio,OH,2,1,2,2,9,24,24,51,,,,,,1,0,1,0,0,4,Less Selective (>75% or open),Bacc/Associate
204006,Miami University-Hamilton,OH,1,1,1,2,7,22,22,40,,,,,,1,1,0,0,0,4,Less Selective (>75% or open),Bacc Diverse Fields
204015,Miami University-Middletown,OH,1,1,1,2,7,22,22,40,,,,,,1,1,0,0,0,4,Less Selective (>75% or open),Bacc Diverse Fields
204024,Miami University-Oxford,OH,1,1,1,2,9,16,16,16,0.8792109856093786,30367.0,690.0,700.0,30.0,1,1,0,0,0,4,Less Selective (>75% or open),R2 (high research)
204121,Moler Hollywood Beauty Academy,OH,6,2,3,2,4,-2,-2,-2,,,,,,0,0,0,1,0,5,2-year/Associate,Other
204158,Miami Valley Career Technology Center,OH,7,3,1,2,2,-2,-2,-2,,,,,,0,1,0,0,0,5,2-year/Associate,Other
204176,Mount Carmel College of Nursing,OH,2,1,2,2,9,26,26,53,0.6341463414634146,82.0,,,21.0,1,0,1,0,0,4,Less Selective (>75% or open),Mixed Spec-Focus
204185,University of Mount Union,OH,2,1,2,2,9,20,22,32,0.757455268389662,3521.0,590.0,590.0,26.0,1,0,1,0,0,4,Less Selective (>75% or open),Master's University
204194,Mount Vernon Nazarene University,OH,2,1,2,2,7,19,19,32,0.8532710280373832,1070.0,610.0,618.0,25.0,1,0,1,0,0,4,Less Selective (>75% or open),Master's University
204200,Mount St. Joseph University,OH,2,1,2,2,9,17,18,22,0.5434884814292431,2127.0,640.0,593.0,27.0,1,0,1,0,0,3,Moderately Selective (50-75%),Doctoral / Pro
204255,Zane State College,OH,1,1,1,2,5,6,6,40,,,,,,1,1,0,0,0,4,Less Selective (>75% or open),Associate / CC
204264,Muskingum University,OH,2,1,2,2,9,20,20,31,0.8639405204460967,2690.0,560.0,560.0,22.0,1,0,1,0,0,4,Less Selective (>75% or open),Master's University
204334,National Beauty College,OH,9,3,3,2,2,-2,-2,-2,,,,,,0,0,0,1,0,5,2-year/Associate,Other
204422,North Central State College,OH,1,1,1,2,5,9,9,40,,,,,,1,1,0,0,0,4,Less Selective (>75% or open),Associate / CC
204431,Northern Institute of Cosmetology,OH,9,3,3,2,2,-2,-2,-2,,,,,,0,0,0,1,0,5,2-year/Associate,Other
204440,Northwest State Community College,OH,4,2,1,2,3,9,9,40,,,,,,0,1,0,0,0,5,2-year/Associate,Associate / CC
204459,Toledo Public Schools Adult and Continuing Education,OH,4,2,1,2,4,-2,-2,-2,,,,,,0,1,0,0,0,5,2-year/Associate,Other
204468,Notre Dame College,OH,2,1,2,2,7,22,20,32,0.7853016688061617,3116.0,,,,1,0,1,0,0,4,Less Selective (>75% or open),Bacc Diverse Fields
204477,Northeast Ohio Medical University,OH,1,1,1,2,9,25,25,52,,,,,,1,1,0,0,0,4,Less Selective (>75% or open),Bacc/Associate
204486,University of Northwestern Ohio,OH,2,1,2,2,7,23,23,40,,,,,,1,0,1,0,0,4,Less Selective (>75% or open),Bacc Diverse Fields
204501,Oberlin College,OH,2,1,2,2,7,21,21,31,0.34872582685703957,11066.0,760.0,770.0,33.0,1,0,1,0,0,2,Selective (25-50%),Bacc Arts & Sciences
204608,Ohio Technical College,OH,6,2,3,2,4,11,11,40,,,,,,0,0,0,1,0,5,2-year/Associate,Associate / CC
204617,Ohio Dominican University,OH,2,1,2,2,7,19,18,32,0.5242451967063129,2186.0,,,27.0,1,0,1,0,0,3,Moderately Selective (50-75%),Master's University
204635,Ohio Northern University,OH,2,1,2,2,9,22,22,32,0.5436981132075471,6625.0,660.0,680.0,30.0,1,0,1,0,0,3,Moderately Selective (50-75%),Bacc Diverse Fields
204662,Ohio State University Agricultural Technical Institute,OH,4,2,1,2,3,4,13,40,,,,,,0,1,0,0,0,5,2-year/Associate,Associate / CC
204671,Ohio State University-Lima Campus,OH,1,1,1,2,5,22,23,33,,,,,,1,1,0,0,0,4,Less Selective (>75% or open),Bacc Diverse Fields
204680,Ohio State University-Mansfield Campus,OH,1,1,1,2,5,23,23,33,,,,,,1,1,0,0,0,4,Less Selective (>75% or open),Bacc Diverse Fields
204699,Ohio State University-Marion Campus,OH,1,1,1,2,5,23,23,33,,,,,,1,1,0,0,0,4,Less Selective (>75% or open),Bacc Diverse Fields
204705,Ohio State University-Newark Campus,OH,1,1,1,2,5,23,23,33,,,,,,1,1,0,0,0,4,Less Selective (>75% or open),Bacc Diverse Fields
204714,Ohio State Beauty Academy,OH,6,2,3,2,4,-2,-2,-2,,,,,,0,0,0,1,0,5,2-year/Associate,Other
204723,Ohio State College of Barber Styling,OH,6,2,3,2,4,-2,-2,-2,,,,,,0,0,0,1,0,5,2-year/Associate,Other
204769,The Spa School,OH,6,2,3,2,4,-2,-2,-2,,,,,,0,0,0,1,0,5,2-year/Associate,Other
204778,Ohio State School of Cosmetology-Canal Winchester,OH,6,2,3,2,4,-2,-2,-2,,,,,,0,0,0,1,0,5,2-year/Associate,Other
204796,Ohio State University-Main Campus,OH,1,1,1,2,9,15,15,15,0.5272361901547807,65189.0,720.0,760.0,32.0,1,1,0,0,0,3,Moderately Selective (50-75%),R1 (very high research)
204802,Ohio University-Eastern Campus,OH,1,1,1,2,5,3,14,40,,,,,,1,1,0,0,0,4,Less Selective (>75% or open),Associate / CC
204820,Ohio University-Chillicothe Campus,OH,1,1,1,2,5,6,14,40,,,,,,1,1,0,0,0,4,Less Selective (>75% or open),Associate / CC
204839,Ohio University-Southern Campus,OH,1,1,1,2,5,9,14,-2,,,,,,1,1,0,0,0,4,Less Selective (>75% or open),Associate / CC
204848,Ohio University-Lancaster Campus,OH,1,1,1,2,5,6,14,40,,,,,,1,1,0,0,0,4,Less Selective (>75% or open),Associate / CC
204857,Ohio University-Main Campus,OH,1,1,1,2,9,15,16,15,0.8651613419809432,24978.0,640.0,630.0,27.0,1,1,0,0,0,4,Less Selective (>75% or open),R1 (very high research)
204866,Ohio University-Zanesville Campus,OH,1,1,1,2,5,6,32,40,,,,,,1,1,0,0,0,4,Less Selective (>75% or open),Associate / CC
204884,East Ohio College,OH,6,2,3,2,3,10,10,40,,,,,,0,0,0,1,0,5,2-year/Associate,Associate / CC
204893,Trinity Health System School of Nursing,OH,5,2,2,2,4,-2,-2,-2,1.0,6.0,,,,0,0,1,0,0,5,2-year/Associate,Other
204909,Ohio Wesleyan University,OH,2,1,2,2,5,21,21,31,0.5217881292261457,5324.0,678.0,680.0,30.0,1,0,1,0,0,3,Moderately Selective (50-75%),Bacc Arts & Sciences
204936,Otterbein University,OH,2,1,2,2,9,19,19,32,0.8367889420521,3762.0,620.0,640.0,27.0,1,0,1,0,0,4,Less Selective (>75% or open),Master's University
204945,Owens Community College,OH,4,2,1,2,3,6,9,40,,,,,,0,1,0,0,0,5,2-year/Associate,Associate / CC
204963,Paramount Beauty Academy,OH,9,3,3,2,2,-2,-2,-2,,,,,,0,0,0,1,0,5,2-year/Associate,Other
204981,Cuyahoga Valley Career Center,OH,7,3,1,2,2,-2,-2,-2,,,,,,0,1,0,0,0,5,2-year/Associate,Other
204990,Payne Theological Seminary,OH,2,1,2,2,9,24,24,51,,,,,,1,0,1,0,0,4,Less Selective (>75% or open),Bacc/Associate
205027,Pontifical College Josephinum,OH,2,1,2,2,7,21,24,51,0.875,8.0,,,,1,0,1,0,0,4,Less Selective (>75% or open),Bacc Arts & Sciences
205054,Professional Skills Institute,OH,3,1,3,2,5,10,10,-2,0.5621621621621622,185.0,,,,1,0,0,1,0,4,Less Selective (>75% or open),Associate / CC
205090,Firelands Regional Medical Center School of Nursing,OH,5,2,2,2,4,-2,-2,-2,,,,,,0,0,1,0,0,5,2-year/Associate,Other
205124,Rabbinical College Telshe,OH,2,1,2,2,9,24,24,51,0.9,30.0,,,,1,0,1,0,0,4,Less Selective (>75% or open),Bacc/Associate
205142,Raphael's School of Beauty Culture Inc-Niles,OH,6,2,3,2,4,-2,-2,-2,,,,,,0,0,0,1,0,5,2-year/Associate,Other
205179,Fortis College-Centerville,OH,6,2,3,2,3,10,7,40,,,,,,0,0,0,1,0,5,2-year/Associate,Associate / CC
205203,University of Rio Grande,OH,2,1,2,2,7,23,23,22,,,,,,1,0,1,0,0,4,Less Selective (>75% or open),Bacc Diverse Fields
205391,The Modern College of Design,OH,3,1,3,2,5,12,12,-2,0.991304347826087,230.0,,,,1,0,0,1,0,4,Less Selective (>75% or open),Associate / CC
205443,Shawnee State University,OH,1,1,1,2,9,20,20,31,,,,,,1,1,0,0,0,4,Less Selective (>75% or open),Master's University
205470,Sinclair Community College,OH,1,1,1,2,5,6,5,40,,,,,,1,1,0,0,0,4,Less Selective (>75% or open),Associate / CC
205559,Hussian College-Daymar College Columbus,OH,6,2,3,2,3,10,10,40,,,,,,0,0,0,1,0,5,2-year/Associate,Associate / CC
205841,Stark State College,OH,4,2,1,2,3,8,8,40,,,,,,0,1,0,0,0,5,2-year/Associate,Associate / CC
205887,Stautzenberger College-Maumee,OH,6,2,3,2,3,9,8,40,,,,,,0,0,0,1,0,5,2-year/Associate,Associate / CC
205957,Franciscan University of Steubenville,OH,2,1,2,2,8,19,19,21,0.6665309446254072,2456.0,680.0,640.0,28.0,1,0,1,0,0,3,Moderately Selective (50-75%),Master's University
205966,Southern State Community College,OH,4,2,1,2,3,6,6,40,,,,,,0,1,0,0,0,5,2-year/Associate,Associate / CC
206011,Terra State Community College,OH,4,2,1,2,3,8,9,40,,,,,,0,1,0,0,0,5,2-year/Associate,Associate / CC
206039,Tiffin Academy of Hair Design,OH,9,3,3,2,2,-2,-2,-2,,,,,,0,0,0,1,0,5,2-year/Associate,Other
206048,Tiffin University,OH,2,1,2,2,9,18,18,55,0.8283671036948749,4195.0,,,,1,0,1,0,0,4,Less Selective (>75% or open),Master's University
206084,University of Toledo,OH,1,1,1,2,9,16,16,15,0.9223061630218687,12575.0,630.0,650.0,28.0,1,1,0,0,0,4,Less Selective (>75% or open),R2 (high research)
206154,Tri-State Bible College,OH,2,1,2,2,7,24,24,-2,,,,,,1,0,1,0,0,4,Less Selective (>75% or open),Bacc/Associate
206172,Tri-County Adult Career Center,OH,7,3,1,2,2,-2,-2,-2,,,,,,0,1,0,0,0,5,2-year/Associate,Other
206181,Tri-Rivers Career Center,OH,7,3,1,2,2,-2,-2,-2,,,,,,0,1,0,0,0,5,2-year/Associate,Other
206279,Union Institute & University,OH,2,1,2,2,9,20,17,16,,,,,,1,0,1,0,0,4,Less Selective (>75% or open),Master's University
206288,United Theological Seminary,OH,2,1,2,2,9,24,24,51,,,,,,1,0,1,0,0,4,Less Selective (>75% or open),Bacc/Associate
206321,Upper Valley Career Center,OH,7,3,1,2,2,-2,-2,-2,,,,,,0,1,0,0,0,5,2-year/Associate,Other
206349,Ursuline College,OH,2,1,2,2,9,19,19,21,0.8508196721311475,610.0,615.0,585.0,22.0,1,0,1,0,0,4,Less Selective (>75% or open),Master's University
206394,The North Coast College,OH,3,1,3,2,5,22,14,40,0.875,8.0,,,,1,0,0,1,0,4,Less Selective (>75% or open),Bacc Diverse Fields
206437,Walsh University,OH,2,1,2,2,9,17,19,21,0.725084618277548,2659.0,640.0,680.0,26.0,1,0,1,0,0,3,Moderately Selective (50-75%),Doctoral / Pro
206446,Washington State Community College,OH,1,1,1,2,5,9,9,40,,,,,,1,1,0,0,0,4,Less Selective (>75% or open),Associate / CC
206491,Wilberforce University,OH,2,1,2,1,7,22,22,32,0.45121951219512196,4100.0,470.0,470.0,18.0,1,0,1,0,1,2,Selective (25-50%),Bacc Diverse Fields
206507,Wilmington College,OH,2,1,2,2,7,22,22,32,0.8813041263372389,1963.0,510.0,500.0,21.0,1,0,1,0,0,4,Less Selective (>75% or open),Bacc Diverse Fields
206516,Winebrenner Theological Seminary,OH,2,1,2,2,9,24,24,51,,,,,,1,0,1,0,0,4,Less Selective (>75% or open),Bacc/Associate
206525,Wittenberg University,OH,2,1,2,2,8,21,21,31,0.9392928619079386,2998.0,680.0,690.0,28.0,1,0,1,0,0,4,Less Selective (>75% or open),Bacc Arts & Sciences
206589,The College of Wooster,OH,2,1,2,2,5,21,21,31,0.5626810095159288,7251.0,720.0,730.0,32.0,1,0,1,0,0,3,Moderately Selective (50-75%),Bacc Arts & Sciences
206604,Wright State University-Main Campus,OH,1,1,1,2,9,16,16,16,0.9522479754258587,7162.0,588.0,580.0,24.0,1,1,0,0,0,4,Less Selective (>75% or open),R2 (high research)
206613,Wright State University-Lake Campus,OH,1,1,1,2,5,22,22,40,0.9984848484848485,660.0,,,24.0,1,1,0,0,0,4,Less Selective (>75% or open),Bacc Diverse Fields
206622,Xavier University,OH,2,1,2,2,9,17,18,21,0.8453761121596117,14836.0,660.0,650.0,30.0,1,0,1,0,0,4,Less Selective (>75% or open),Doctoral / Pro
206695,Youngstown State University,OH,1,1,1,2,9,18,18,21,0.8060419729982623,7481.0,590.0,570.0,24.0,1,1,0,0,0,4,Less Selective (>75% or open),Master's University
206817,Bacone College,OK,2,1,2,2,5,22,22,40,,,,,,1,0,1,0,0,4,Less Selective (>75% or open),Bacc Diverse Fields
206835,Oklahoma Wesleyan University,OK,2,1,2,2,9,20,19,32,0.52125,800.0,550.0,550.0,22.0,1,0,1,0,0,3,Moderately Selective (50-75%),Master's University
206862,Southern Nazarene University,OK,2,1,2,2,9,18,18,21,,,,,,1,0,1,0,0,4,Less Selective (>75% or open),Master's University
206905,Pontotoc Technology Center,OK,7,3,1,2,2,-2,-2,-2,,,,,,0,1,0,0,0,5,2-year/Associate,Other
206914,Cameron University,OK,1,1,1,2,7,20,19,21,,,,,,1,1,0,0,0,4,Less Selective (>75% or open),Master's University
206923,Carl Albert State College,OK,4,2,1,2,3,1,1,40,,,,,,0,1,0,0,0,5,2-year/Associate,Associate / CC
206932,Central Oklahoma College,OK,6,2,3,2,3,-2,-2,-2,,,,,,0,0,0,1,0,5,2-year/Associate,Other
206941,University of Central Oklahoma,OK,1,1,1,2,7,18,18,21,0.6993924665856622,4115.0,,,24.0,1,1,0,0,0,3,Moderately Selective (50-75%),Master's University
206996,Connors State College,OK,4,2,1,2,3,4,1,40,,,,,,0,1,0,0,0,5,2-year/Associate,Associate / CC
207041,East Central University,OK,1,1,1,2,7,18,18,21,0.7008333333333333,1200.0,538.0,540.0,22.0,1,1,0,0,0,3,Moderately Selective (50-75%),Master's University
207050,Eastern Oklahoma State College,OK,4,2,1,2,3,1,1,40,,,,,,0,1,0,0,0,5,2-year/Associate,Associate / CC
207069,Redlands Community College,OK,4,2,1,2,3,3,3,40,,,,,,0,1,0,0,0,5,2-year/Associate,Associate / CC
207087,Formations Institute,OK,9,3,3,2,2,-2,-2,-2,,,,,,0,0,0,1,0,5,2-year/Associate,Other
207102,Eves College of Hairstyling,OK,9,3,3,2,2,-2,-2,-2,,,,,,0,0,0,1,0,5,2-year/Associate,Other
207157,Randall University,OK,2,1,2,2,7,21,21,33,0.42857142857142855,154.0,510.0,523.0,24.0,1,0,1,0,0,4,Less Selective (>75% or open),Bacc Arts & Sciences
207209,Langston University,OK,1,1,1,1,9,20,20,32,,,,,,1,1,0,0,1,4,Less Selective (>75% or open),Master's University
207236,Murray State College,OK,4,2,1,2,3,1,1,40,,,,,,0,1,0,0,0,5,2-year/Associate,Associate / CC
207254,Spartan College of Aeronautics and Technology,OK,3,1,3,2,5,23,28,40,,,,,,1,0,0,1,0,4,Less Selective (>75% or open),Bacc Diverse Fields
207263,Northeastern State University,OK,1,1,1,2,9,18,18,21,0.9946236559139785,1674.0,560.0,570.0,23.0,1,1,0,0,0,4,Less Selective (>75% or open),Master's University
207281,Northern Oklahoma College,OK,4,2,1,2,3,5,6,40,,,,,,0,1,0,0,0,5,2-year/Associate,Associate / CC
207290,Northeastern Oklahoma A&M College,OK,4,2,1,2,3,4,4,40,,,,,,0,1,0,0,0,5,2-year/Associate,Associate / CC
207306,Northwestern Oklahoma State University,OK,1,1,1,2,9,20,20,21,0.5642049234863606,1503.0,540.0,530.0,22.0,1,1,0,0,0,3,Moderately Selective (50-75%),Master's University
207315,Oklahoma State University Center for Health Sciences,OK,1,1,1,2,9,25,25,52,,,,,,1,1,0,0,0,4,Less Selective (>75% or open),Bacc/Associate
207324,Oklahoma Christian University,OK,2,1,2,2,7,19,18,32,0.9602203182374541,1634.0,630.0,610.0,27.0,1,0,1,0,0,4,Less Selective (>75% or open),Master's University
207342,University of Oklahoma-Health Sciences Center,OK,1,1,1,2,9,27,25,52,,,,,,1,1,0,0,0,4,Less Selective (>75% or open),Mixed Spec-Focus
207351,Oklahoma Panhandle State University,OK,1,1,1,2,5,22,22,32,,,,,,1,1,0,0,0,4,Less Selective (>75% or open),Bacc Diverse Fields
207388,Oklahoma State University-Main Campus,OK,1,1,1,2,9,15,15,15,0.706334675942878,19117.0,630.0,620.0,27.0,1,1,0,0,0,3,Moderately Selective (50-75%),R1 (very high research)
207397,Oklahoma State University-Oklahoma City,OK,1,1,1,2,5,14,14,40,,,,,,1,1,0,0,0,4,Less Selective (>75% or open),Associate / CC
207403,Oklahoma Baptist University,OK,2,1,2,2,7,20,22,32,0.47340581839553336,3403.0,570.0,590.0,24.0,1,0,1,0,0,2,Selective (25-50%),Master's University
207449,Oklahoma City Community College,OK,4,2,1,2,3,1,1,40,,,,,,0,1,0,0,0,5,2-year/Associate,Associate / CC
207458,Oklahoma City University,OK,2,1,2,2,9,17,17,21,0.7039106145251397,1432.0,,,25.0,1,0,1,0,0,3,Moderately Selective (50-75%),Doctoral / Pro
207500,University of Oklahoma-Norman Campus,OK,1,1,1,2,9,15,15,15,0.7291627993317246,21548.0,670.0,660.0,29.0,1,1,0,0,0,3,Moderately Selective (50-75%),R1 (very high research)
207564,Oklahoma State University Institute of Technology,OK,1,1,1,2,5,23,23,40,,,,,,1,1,0,0,0,4,Less Selective (>75% or open),Bacc Diverse Fields
207582,Oral Roberts University,OK,2,1,2,2,9,19,22,21,0.7836835599505563,4045.0,630.0,610.0,25.0,1,0,1,0,0,4,Less Selective (>75% or open),Master's University
207661,Rogers State University,OK,1,1,1,2,7,22,22,40,,,,,,1,1,0,0,0,4,Less Selective (>75% or open),Bacc Diverse Fields
207670,Rose State College,OK,4,2,1,2,3,4,2,40,,,,,,0,1,0,0,0,5,2-year/Associate,Associate / CC
207704,Jenks Beauty College,OK,9,3,3,2,2,-2,-2,-2,,,,,,0,0,0,1,0,5,2-year/Associate,Other
207722,University of Science and Arts of Oklahoma,OK,1,1,1,2,5,21,21,32,0.5630252100840336,1071.0,578.0,560.0,24.0,1,1,0,0,0,3,Moderately Selective (50-75%),Bacc Arts & Sciences
207740,Seminole State College,OK,4,2,1,2,3,1,1,40,,,,,,0,1,0,0,0,5,2-year/Associate,Associate / CC
207786,Southern School of Beauty Inc,OK,9,3,3,2,2,-2,-2,-2,,,,,,0,0,0,1,0,5,2-year/Associate,Other
207847,Southeastern Oklahoma State University,OK,1,1,1,2,8,18,18,21,0.7420765027322405,915.0,560.0,560.0,23.0,1,1,0,0,0,3,Moderately Selective (50-75%),Master's University
207856,Southwestern Christian University,OK,2,1,2,2,7,22,22,51,,,,,,1,0,1,0,0,4,Less Selective (>75% or open),Bacc Diverse Fields
207865,Southwestern Oklahoma State University,OK,1,1,1,2,9,18,18,21,0.7677946324387398,2571.0,,,23.0,1,1,0,0,0,4,Less Selective (>75% or open),Master's University
207935,Tulsa Community College,OK,4,2,1,2,3,4,4,40,,,,,,0,1,0,0,0,5,2-year/Associate,Associate / CC
207962,Tulsa Welding School-Tulsa,OK,6,2,3,2,3,11,11,40,,,,,,0,0,0,1,0,5,2-year/Associate,Associate / CC
207971,University of Tulsa,OK,2,1,2,2,9,16,16,16,0.6918285999003487,12042.0,680.0,670.0,30.0,1,0,1,0,0,3,Moderately Selective (50-75%),R2 (high research)
208035,Western Oklahoma State College,OK,4,2,1,2,3,4,4,40,,,,,,0,1,0,0,0,5,2-year/Associate,Associate / CC
208044,Formations Institute of Cosmetology & Barbering,OK,9,3,3,2,2,-2,-2,-2,,,,,,0,0,0,1,0,5,2-year/Associate,Other
208053,High Plains Technology Center,OK,7,3,1,2,2,-2,-2,-2,,,,,,0,1,0,0,0,5,2-year/Associate,Other
208275,Blue Mountain Community College,OR,4,2,1,2,3,3,3,40,,,,,,0,1,0,0,0,5,2-year/Associate,Associate / CC
208318,Central Oregon Community College,OR,4,2,1,2,3,2,1,40,,,,,,0,1,0,0,0,5,2-year/Associate,Associate / CC
208390,Chemeketa Community College,OR,1,1,1,2,5,2,2,40,,,,,,1,1,0,0,0,4,Less Selective (>75% or open),Associate / CC
208406,Clackamas Community College,OR,4,2,1,2,3,3,3,40,,,,,,0,1,0,0,0,5,2-year/Associate,Associate / CC
208415,Clatsop Community College,OR,4,2,1,2,3,3,9,40,,,,,,0,1,0,0,0,5,2-year/Associate,Associate / CC
208433,College of Hair Design Careers,OR,6,2,3,2,4,-2,-2,-2,,,,,,0,0,0,1,0,5,2-year/Associate,Other
208479,Concorde Career College-Portland,OR,6,2,3,2,4,10,10,-2,0.9177489177489178,231.0,,,,0,0,0,1,0,5,2-year/Associate,Associate / CC
208512,Sumner College,OR,3,1,3,2,5,10,10,-2,1.0,25.0,,,,1,0,0,1,0,4,Less Selective (>75% or open),Associate / CC
208637,East West College of the Healing Arts,OR,9,3,3,2,1,-2,-2,-2,,,,,,0,0,0,1,0,5,2-year/Associate,Other
208646,Eastern Oregon University,OR,1,1,1,2,7,20,19,22,0.9852216748768473,1015.0,,,,1,1,0,0,0,4,Less Selective (>75% or open),Master's University
208725,New Hope Christian College-Eugene,OR,2,1,2,2,5,24,24,51,0.3411764705882353,85.0,,,,1,0,1,0,0,4,Less Selective (>75% or open),Bacc/Associate
208822,George Fox University,OR,2,1,2,2,9,17,17,21,0.9172783738001129,3542.0,660.0,630.0,28.0,1,0,1,0,0,4,Less Selective (>75% or open),Doctoral / Pro
208859,Phagans Grants Pass College of Beauty,OR,6,2,3,2,4,-2,-2,-2,,,,,,0,0,0,1,0,5,2-year/Associate,Other
209038,Lane Community College,OR,4,2,1,2,4,3,1,40,,,,,,0,1,0,0,0,5,2-year/Associate,Associate / CC
209056,Lewis & Clark College,OR,2,1,2,2,9,21,21,31,0.6858772324778628,6663.0,720.0,680.0,32.0,1,0,1,0,0,3,Moderately Selective (50-75%),Bacc Arts & Sciences
209065,Linfield University,OR,2,1,2,2,7,21,21,32,0.8868991517436381,2122.0,,,,1,0,1,0,0,4,Less Selective (>75% or open),Bacc Arts & Sciences
209074,Linn-Benton Community College,OR,4,2,1,2,3,5,5,40,,,,,,0,1,0,0,0,5,2-year/Associate,Associate / CC
209083,Northwest College-Beaverton,OR,6,2,3,2,4,-2,-2,-2,,,,,,0,0,0,1,0,5,2-year/Associate,Other
209153,Phagans Medford Beauty School,OR,6,2,3,2,4,-2,-2,-2,,,,,,0,0,0,1,0,5,2-year/Associate,Other
209205,Northwest College-Clackamas,OR,6,2,3,2,4,-2,-2,-2,,,,,,0,0,0,1,0,5,2-year/Associate,Other
209241,Mount Angel Seminary,OR,2,1,2,2,9,24,24,51,1.0,2.0,,,,1,0,1,0,0,4,Less Selective (>75% or open),Bacc/Associate
209250,Mt Hood Community College,OR,1,1,1,2,5,3,2,40,,,,,,1,1,0,0,0,4,Less Selective (>75% or open),Associate / CC
209287,Multnomah University,OR,2,1,2,2,9,20,24,51,0.5337552742616034,474.0,610.0,610.0,28.0,1,0,1,0,0,4,Less Selective (>75% or open),Master's University
209296,National University of Natural Medicine,OR,2,1,2,2,9,26,26,53,,,,,,1,0,1,0,0,4,Less Selective (>75% or open),Mixed Spec-Focus
209409,Bushnell University,OR,2,1,2,2,8,20,19,32,0.6684782608695652,552.0,,,,1,0,1,0,0,3,Moderately Selective (50-75%),Master's University
209490,Oregon Health & Science University,OR,1,1,1,2,9,27,25,52,,,,,,1,1,0,0,0,4,Less Selective (>75% or open),Mixed Spec-Focus
209506,Oregon Institute of Technology,OR,1,1,1,2,9,22,22,54,0.92582056892779,4570.0,640.0,615.0,30.0,1,1,0,0,0,4,Less Selective (>75% or open),Bacc Diverse Fields
209542,Oregon State University,OR,1,1,1,2,9,15,15,15,0.8252699699816771,25651.0,,,,1,1,0,0,0,4,Less Selective (>75% or open),R1 (very high research)
209551,University of Oregon,OR,1,1,1,2,9,15,15,15,0.8629218926629704,37154.0,690.0,680.0,30.0,1,1,0,0,0,4,Less Selective (>75% or open),R1 (very high research)
209603,Pacific Northwest College of Art,OR,2,1,2,2,7,-2,30,56,0.9447983014861996,471.0,,,,1,0,1,0,0,4,Less Selective (>75% or open),Other
209612,Pacific University,OR,2,1,2,2,9,17,17,21,0.9227981152591519,2759.0,690.0,660.0,26.0,1,0,1,0,0,4,Less Selective (>75% or open),Doctoral / Pro
209667,Phagans Beauty College,OR,6,2,3,2,4,-2,-2,-2,,,,,,0,0,0,1,0,5,2-year/Associate,Other
209676,Phagans Central Oregon Beauty College,OR,6,2,3,2,4,-2,-2,-2,,,,,,0,0,0,1,0,5,2-year/Associate,Other
209694,Phagans School of Beauty,OR,6,2,3,2,4,-2,-2,-2,,,,,,0,0,0,1,0,5,2-year/Associate,Other
209700,Phagans School of Hair Design,OR,6,2,3,2,4,-2,-2,-2,,,,,,0,0,0,1,0,5,2-year/Associate,Other
209719,Summit Salon Academy-Portland,OR,6,2,3,2,4,-2,-2,-2,,,,,,0,0,0,1,0,5,2-year/Associate,Other
209746,Portland Community College,OR,4,2,1,2,4,2,2,40,,,,,,0,1,0,0,0,5,2-year/Associate,Associate / CC
209807,Portland State University,OR,1,1,1,2,9,16,16,16,0.9308604592480444,7926.0,,,,1,1,0,0,0,4,Less Selective (>75% or open),R2 (high research)
209825,University of Portland,OR,2,1,2,2,9,19,19,21,0.9251136139102945,10122.0,720.0,690.0,31.0,1,0,1,0,0,4,Less Selective (>75% or open),Master's University
209922,Reed College,OR,2,1,2,2,7,21,21,31,0.30799069045771915,9023.0,750.0,750.0,33.0,1,0,1,0,0,2,Selective (25-50%),Bacc Arts & Sciences
209940,Rogue Community College,OR,4,2,1,2,3,5,2,40,,,,,,0,1,0,0,0,5,2-year/Associate,Associate / CC
210146,Southern Oregon University,OR,1,1,1,2,7,18,18,21,0.8795860771401693,2126.0,,,,1,1,0,0,0,4,Less Selective (>75% or open),Master's University
210155,Southwestern Oregon Community College,OR,4,2,1,2,3,2,4,40,,,,,,0,1,0,0,0,5,2-year/Associate,Associate / CC
210234,Treasure Valley Community College,OR,4,2,1,2,3,6,2,40,,,,,,0,1,0,0,0,5,2-year/Associate,Associate / CC
210270,Umpqua Community College,OR,4,2,1,2,3,2,6,40,,,,,,0,1,0,0,0,5,2-year/Associate,Associate / CC
210304,Warner Pacific University,OR,2,1,2,2,5,22,22,31,0.7224770642201835,436.0,,,,1,0,1,0,0,4,Less Selective (>75% or open),Bacc Diverse Fields
210331,Corban University,OR,2,1,2,2,9,20,22,32,0.34774774774774775,1665.0,,,,1,0,1,0,0,2,Selective (25-50%),Master's University
210368,Western Seminary,OR,2,1,2,2,9,24,24,51,,,,,,1,0,1,0,0,4,Less Selective (>75% or open),Bacc/Associate
210401,Willamette University,OR,2,1,2,2,9,21,21,31,0.8059589384076115,3994.0,,,,1,0,1,0,0,4,Less Selective (>75% or open),Bacc Arts & Sciences
210429,Western Oregon University,OR,1,1,1,2,7,18,18,21,0.8335377069282649,3262.0,620.0,600.0,,1,1,0,0,0,4,Less Selective (>75% or open),Master's University
210438,University of Western States,OR,2,1,2,2,9,17,26,53,,,,,,1,0,1,0,0,4,Less Selective (>75% or open),Doctoral / Pro
210492,Bryn Athyn College of the New Church,PA,2,1,2,2,7,21,21,-2,0.7996545768566494,579.0,640.0,613.0,,1,0,1,0,0,4,Less Selective (>75% or open),Bacc Arts & Sciences
210508,Academy of Vocal Arts,PA,2,1,2,2,6,-2,-2,-2,,,,,,1,0,1,0,0,4,Less Selective (>75% or open),Other
210571,Albright College,PA,2,1,2,2,7,21,21,31,0.8486912871997132,5578.0,,,,1,0,1,0,0,4,Less Selective (>75% or open),Bacc Arts & Sciences
210599,All-State Career School,PA,6,2,3,2,4,-2,-2,-2,,,,,,0,0,0,1,0,5,2-year/Associate,Other
210605,Community College of Allegheny County,PA,4,2,1,2,4,8,5,40,,,,,,0,1,0,0,0,5,2-year/Associate,Associate / CC
210669,Allegheny College,PA,2,1,2,2,5,21,21,31,0.696480231436837,4148.0,692.0,680.0,30.0,1,0,1,0,0,3,Moderately Selective (50-75%),Bacc Arts & Sciences
210711,The  Beauty Institute,PA,9,3,3,2,2,-2,-2,-2,,,,,,0,0,0,1,0,5,2-year/Associate,Other
210739,DeSales University,PA,2,1,2,2,9,17,18,21,0.7717094483888586,3662.0,640.0,640.0,29.0,1,0,1,0,0,4,Less Selective (>75% or open),Doctoral / Pro
210748,Altoona Beauty School Inc,PA,9,3,3,2,2,-2,-2,-2,,,,,,0,0,0,1,0,5,2-year/Associate,Other
210775,Alvernia University,PA,2,1,2,2,9,17,19,32,0.5900403296510608,5703.0,580.0,590.0,,1,0,1,0,0,3,Moderately Selective (50-75%),Doctoral / Pro
210784,The Beauty Institute-Ambler,PA,9,3,3,2,2,-2,-2,-2,,,,,,0,0,0,1,0,5,2-year/Associate,Other
210809,American College of Financial Services,PA,2,1,2,2,9,29,29,55,,,,,,1,0,1,0,0,4,Less Selective (>75% or open),Other
211006,Automotive Training Center-Exton,PA,6,2,3,2,4,-2,-2,-2,,,,,,0,0,0,1,0,5,2-year/Associate,Other
211024,Clarks Summit University,PA,2,1,2,2,9,20,24,51,0.652046783625731,342.0,,,,1,0,1,0,0,4,Less Selective (>75% or open),Master's University
211079,Community College of Beaver County,PA,4,2,1,2,3,7,8,40,,,,,,0,1,0,0,0,5,2-year/Associate,Associate / CC
211088,Arcadia University,PA,2,1,2,2,9,18,18,21,0.7756684068976428,6321.0,680.0,640.0,29.0,1,0,1,0,0,4,Less Selective (>75% or open),Master's University
211130,Missio Theological Seminary,PA,2,1,2,2,9,24,24,51,,,,,,1,0,1,0,0,4,Less Selective (>75% or open),Bacc/Associate
211273,Bryn Mawr College,PA,2,1,2,2,9,21,21,31,0.30745687256538673,3594.0,750.0,745.0,33.0,1,0,1,0,0,2,Selective (25-50%),Bacc Arts & Sciences
211291,Bucknell University,PA,2,1,2,2,7,21,21,31,0.3255317331511062,11707.0,720.0,750.0,33.0,1,0,1,0,0,2,Selective (25-50%),Bacc Arts & Sciences
211307,Bucks County Community College,PA,4,2,1,2,3,2,2,40,,,,,,0,1,0,0,0,5,2-year/Associate,Associate / CC
211316,Bucks County School of Beauty Culture Inc,PA,9,3,3,2,2,-2,-2,-2,,,,,,0,0,0,1,0,5,2-year/Associate,Other
211334,Butler Beauty Academy,PA,9,3,3,2,2,-2,-2,-2,,,,,,0,0,0,1,0,5,2-year/Associate,Other
211343,Butler County Community College,PA,4,2,1,2,3,4,4,40,,,,,,0,1,0,0,0,5,2-year/Associate,Associate / CC
211352,Cabrini University,PA,2,1,2,2,9,19,18,22,0.7851895386423744,3403.0,610.0,600.0,,1,0,1,0,0,4,Less Selective (>75% or open),Master's University
211431,Carlow University,PA,2,1,2,2,9,18,18,21,0.9270462633451957,1124.0,520.0,580.0,,1,0,1,0,0,4,Less Selective (>75% or open),Master's University
211440,Carnegie Mellon University,PA,2,1,2,2,9,15,15,15,0.11304398587315023,34261.0,770.0,800.0,35.0,1,0,1,0,0,1,Highly Selective (10-25%),R1 (very high research)
211468,Cedar Crest College,PA,2,1,2,2,9,20,20,32,0.8424947145877378,946.0,635.0,595.0,,1,0,1,0,0,4,Less Selective (>75% or open),Master's University
211477,Central Penn College,PA,3,1,3,2,7,22,22,40,0.33991537376586745,709.0,,,,1,0,0,1,0,2,Selective (25-50%),Bacc Diverse Fields
211556,Chatham University,PA,2,1,2,2,9,17,17,31,0.6633466135458167,3514.0,650.0,620.0,29.0,1,0,1,0,0,3,Moderately Selective (50-75%),Doctoral / Pro
211583,Chestnut Hill College,PA,2,1,2,2,9,19,19,21,0.981853532080363,1543.0,,,,1,0,1,0,0,4,Less Selective (>75% or open),Master's University
211608,Cheyney University of Pennsylvania,PA,1,1,1,1,5,21,21,21,,,,,,1,1,0,0,1,4,Less Selective (>75% or open),Bacc Arts & Sciences
211635,Citizens School of Nursing,PA,5,2,2,2,4,-2,-2,-2,0.11904761904761904,42.0,,,,0,0,1,0,0,5,2-year/Associate,Other
211802,DLP Conemaugh Memorial Medical Center,PA,6,2,3,2,4,-2,-2,-2,0.42105263157894735,57.0,,,,0,0,0,1,0,5,2-year/Associate,Other
211893,Curtis Institute of Music,PA,2,1,2,2,7,30,30,56,0.0966183574879227,414.0,,,,1,0,1,0,0,4,Less Selective (>75% or open),Special Focus
211927,Delaware County Community College,PA,4,2,1,2,4,4,4,40,,,,,,0,1,0,0,0,5,2-year/Associate,Associate / CC
211981,Delaware Valley University,PA,2,1,2,2,9,20,20,32,0.9543279686820356,2299.0,620.0,578.0,28.0,1,0,1,0,0,4,Less Selective (>75% or open),Master's University
212009,Dickinson College,PA,2,1,2,2,7,21,21,31,0.34923132792640116,8261.0,,,,1,0,1,0,0,2,Selective (25-50%),Bacc Arts & Sciences
212045,Douglas Education Center,PA,6,2,3,2,3,12,12,40,,,,,,0,0,0,1,0,5,2-year/Associate,Associate / CC
212054,Drexel University,PA,2,1,2,2,9,15,15,16,0.796085313174946,37040.0,700.0,730.0,32.0,1,0,1,0,0,4,Less Selective (>75% or open),R1 (very high research)
212106,Duquesne University,PA,2,1,2,2,9,16,16,16,0.8749191984486102,12376.0,670.0,660.0,31.0,1,0,1,0,0,4,Less Selective (>75% or open),R2 (high research)
212115,East Stroudsburg University of Pennsylvania,PA,1,1,1,2,9,18,18,21,0.9362563831660503,5679.0,590.0,570.0,24.0,1,1,0,0,0,4,Less Selective (>75% or open),Master's University
212133,Eastern University,PA,2,1,2,2,9,18,18,21,0.6322645290581163,2994.0,,,,1,0,1,0,0,3,Moderately Selective (50-75%),Master's University
212197,Elizabethtown College,PA,2,1,2,2,9,20,21,32,0.8112193483372523,2977.0,640.0,640.0,30.0,1,0,1,0,0,4,Less Selective (>75% or open),Master's University
212230,Empire Beauty School-Lebanon,PA,9,3,3,2,2,-2,-2,-2,,,,,,0,0,0,1,0,5,2-year/Associate,Other
212267,Empire Beauty School-York,PA,9,3,3,2,2,-2,-2,-2,,,,,,0,0,0,1,0,5,2-year/Associate,Other
212276,Empire Beauty School-Lancaster,PA,9,3,3,2,2,-2,-2,-2,,,,,,0,0,0,1,0,5,2-year/Associate,Other
212294,Empire Beauty School-Shamokin Dam,PA,9,3,3,2,2,-2,-2,-2,,,,,,0,0,0,1,0,5,2-year/Associate,Other
212300,Empire Beauty School-Pottsville,PA,9,3,3,2,2,-2,-2,-2,,,,,,0,0,0,1,0,5,2-year/Associate,Other
212328,Empire Beauty  School-Lehigh Valley,PA,9,3,3,2,2,-2,-2,-2,,,,,,0,0,0,1,0,5,2-year/Associate,Other
212337,Empire Beauty School-Gwinnett,GA,9,3,3,2,2,-2,-2,-2,,,,,,0,0,0,1,0,5,2-year/Associate,Other
212355,Empire Beauty School-Wyoming Valley,PA,9,3,3,2,2,-2,-2,-2,,,,,,0,0,0,1,0,5,2-year/Associate,Other
212382,Empire Beauty School-Harrisburg,PA,9,3,3,2,2,-2,-2,-2,,,,,,0,0,0,1,0,5,2-year/Associate,Other
212391,Empire Beauty School-Reading,PA,9,3,3,2,2,-2,-2,-2,,,,,,0,0,0,1,0,5,2-year/Associate,Other
212434,Erie Institute of Technology Inc,PA,6,2,3,2,3,11,11,40,,,,,,0,0,0,1,0,5,2-year/Associate,Associate / CC
212577,Franklin and Marshall College,PA,2,1,2,2,5,21,21,31,0.36232208898352575,8923.0,710.0,730.0,33.0,1,0,1,0,0,2,Selective (25-50%),Bacc Arts & Sciences
212601,Gannon University,PA,2,1,2,2,9,17,17,21,0.8084755914944595,6678.0,,,,1,0,1,0,0,4,Less Selective (>75% or open),Doctoral / Pro
212656,Geneva College,PA,2,1,2,2,7,20,19,22,0.7904761904761904,1575.0,,,,1,0,1,0,0,4,Less Selective (>75% or open),Master's University
212674,Gettysburg College,PA,2,1,2,2,7,21,21,31,0.5631469979296067,5796.0,720.0,720.0,32.0,1,0,1,0,0,3,Moderately Selective (50-75%),Bacc Arts & Sciences
212753,Empire Beauty School-NE Philadelphia,PA,9,3,3,2,2,-2,-2,-2,,,,,,0,0,0,1,0,5,2-year/Associate,Other
212771,Gratz College,PA,2,1,2,2,9,20,24,22,,,,,,1,0,1,0,0,4,Less Selective (>75% or open),Master's University
212805,Grove City College,PA,2,1,2,2,7,22,21,32,0.7097516099356026,2174.0,690.0,670.0,32.0,1,0,1,0,0,3,Moderately Selective (50-75%),Bacc Diverse Fields
212832,Gwynedd Mercy University,PA,2,1,2,2,9,17,19,22,0.5841956726246472,1063.0,620.0,615.0,,1,0,1,0,0,3,Moderately Selective (50-75%),Doctoral / Pro
212869,Harcum College,PA,5,2,2,2,3,7,7,40,,,,,,0,0,1,0,0,5,2-year/Associate,Associate / CC
212878,Harrisburg Area Community College,PA,4,2,1,2,3,8,4,40,,,,,,0,1,0,0,0,5,2-year/Associate,Associate / CC
212911,Haverford College,PA,2,1,2,2,5,21,21,31,0.1421248011313417,5657.0,760.0,780.0,35.0,1,0,1,0,0,1,Highly Selective (10-25%),Bacc Arts & Sciences
212975,Commonwealth Technical Institute,PA,5,2,2,2,3,8,9,40,,,,,,0,0,1,0,0,5,2-year/Associate,Associate / CC
212984,Holy Family University,PA,2,1,2,2,9,18,18,21,0.7744209466263847,1986.0,557.0,535.0,,1,0,1,0,0,4,Less Selective (>75% or open),Master's University
212993,Hussian College-Philadelphia,PA,3,1,3,2,5,30,30,40,0.7096774193548387,62.0,,,,1,0,0,1,0,4,Less Selective (>75% or open),Special Focus
213011,Immaculata University,PA,2,1,2,2,9,17,17,21,0.6974405850091407,2188.0,640.0,620.0,,1,0,1,0,0,3,Moderately Selective (50-75%),Doctoral / Pro
213020,Indiana University of Pennsylvania-Main Campus,PA,1,1,1,2,9,16,17,16,0.919446704637917,8603.0,580.0,570.0,24.0,1,1,0,0,0,4,Less Selective (>75% or open),R2 (high research)
213163,UPMC Jameson School of Nursing,PA,5,2,2,2,4,-2,-2,-2,0.9230769230769231,13.0,,,,0,0,1,0,0,5,2-year/Associate,Other
213181,Great Lakes Institute of Technology,PA,6,2,3,2,3,10,10,-2,,,,,,0,0,0,1,0,5,2-year/Associate,Associate / CC
213233,Johnson College,PA,5,2,2,2,3,7,7,40,0.9608433734939759,332.0,,,,0,0,1,0,0,5,2-year/Associate,Associate / CC
213251,Juniata College,PA,2,1,2,2,7,21,21,31,0.7616074912212252,2563.0,680.0,660.0,30.0,1,0,1,0,0,4,Less Selective (>75% or open),Bacc Arts & Sciences
213303,Keystone College,PA,2,1,2,2,7,22,22,40,0.806615776081425,1572.0,620.0,540.0,,1,0,1,0,0,4,Less Selective (>75% or open),Bacc Diverse Fields
213321,King's College,PA,2,1,2,2,9,19,19,22,0.9598880597014925,3216.0,640.0,620.0,26.0,1,0,1,0,0,4,Less Selective (>75% or open),Master's University
213330,Butler Beauty Academy-Kittanning Beauty Academy,PA,9,3,3,2,2,-2,-2,-2,,,,,,0,0,0,1,0,5,2-year/Associate,Other
213349,Kutztown University of Pennsylvania,PA,1,1,1,2,9,18,18,21,0.9613686534216336,7248.0,640.0,620.0,,1,1,0,0,0,4,Less Selective (>75% or open),Master's University
213358,La Roche University,PA,2,1,2,2,9,20,20,21,0.973618870266915,3222.0,560.0,610.0,26.0,1,0,1,0,0,4,Less Selective (>75% or open),Master's University
213367,La Salle University,PA,2,1,2,2,9,17,18,21,0.9424626006904487,5214.0,640.0,628.0,,1,0,1,0,0,4,Less Selective (>75% or open),Doctoral / Pro
213376,Lackawanna College,PA,2,1,2,2,5,23,14,40,,,,,,1,0,1,0,0,4,Less Selective (>75% or open),Bacc Diverse Fields
213385,Lafayette College,PA,2,1,2,2,5,21,21,31,0.3362857142857143,10500.0,730.0,750.0,33.0,1,0,1,0,0,2,Selective (25-50%),Bacc Arts & Sciences
213400,Lancaster Bible College,PA,2,1,2,2,9,20,20,51,0.9715099715099715,351.0,630.0,590.0,25.0,1,0,1,0,0,4,Less Selective (>75% or open),Master's University
213446,Lancaster Theological Seminary,PA,2,1,2,2,9,24,24,51,,,,,,1,0,1,0,0,4,Less Selective (>75% or open),Bacc/Associate
213455,Lancaster School of Cosmetology & Therapeutic Bodywork,PA,9,3,3,2,2,-2,-2,-2,,,,,,0,0,0,1,0,5,2-year/Associate,Other
213473,Lansdale School of Business,PA,6,2,3,2,3,7,7,40,,,,,,0,0,0,1,0,5,2-year/Associate,Associate / CC
213491,Lansdale School of Cosmetology Inc,PA,9,3,3,2,2,-2,-2,-2,,,,,,0,0,0,1,0,5,2-year/Associate,Other
213507,Lebanon Valley College,PA,2,1,2,2,9,20,20,22,0.7674121405750799,3130.0,640.0,640.0,31.0,1,0,1,0,0,4,Less Selective (>75% or open),Master's University
213525,Lehigh Carbon Community College,PA,4,2,1,2,3,5,5,40,,,,,,0,1,0,0,0,5,2-year/Associate,Associate / CC
213534,Miller-Motte College-Berks Technical Institute,PA,6,2,3,2,3,7,8,40,,,,,,0,0,0,1,0,5,2-year/Associate,Associate / CC
213543,Lehigh University,PA,2,1,2,2,9,16,16,15,0.3697817054672558,15163.0,720.0,770.0,33.0,1,0,1,0,0,2,Selective (25-50%),R2 (high research)
213570,Lincoln Technical Institute-Allentown,PA,6,2,3,2,3,7,7,40,,,,,,0,0,0,1,0,5,2-year/Associate,Associate / CC
213589,Lincoln Technical Institute-Philadelphia,PA,6,2,3,2,3,11,11,40,,,,,,0,0,0,1,0,5,2-year/Associate,Associate / CC
213598,Lincoln University,PA,1,1,1,1,7,19,19,21,0.8060904612628751,6699.0,530.0,510.0,20.0,1,1,0,0,1,4,Less Selective (>75% or open),Master's University
213622,UPMC St. Margaret School of Nursing,PA,5,2,2,2,4,-2,-2,-2,0.9,10.0,,,,0,0,1,0,0,5,2-year/Associate,Other
213631,United Lutheran Seminary,PA,2,1,2,2,9,24,24,51,,,,,,1,0,1,0,0,4,Less Selective (>75% or open),Bacc/Associate
213659,Luzerne County Community College,PA,4,2,1,2,3,8,7,40,,,,,,0,1,0,0,0,5,2-year/Associate,Associate / CC
213668,Lycoming College,PA,2,1,2,2,5,21,21,31,0.7522211253701876,3039.0,628.0,610.0,25.0,1,0,1,0,0,4,Less Selective (>75% or open),Bacc Arts & Sciences
213774,Manor College,PA,2,1,2,2,6,14,4,40,0.9320754716981132,795.0,,,,1,0,1,0,0,4,Less Selective (>75% or open),Associate / CC
213826,Marywood University,PA,2,1,2,2,9,18,18,21,0.8075614366729679,2645.0,610.0,590.0,26.0,1,0,1,0,0,4,Less Selective (>75% or open),Master's University
213914,Vet Tech Institute,PA,6,2,3,2,3,10,10,40,,,,,,0,0,0,1,0,5,2-year/Associate,Associate / CC
213932,Roxborough Memorial Hospital School of Nursing,PA,6,2,3,2,4,-2,-2,-2,,,,,,0,0,0,1,0,5,2-year/Associate,Other
213987,Mercyhurst University,PA,2,1,2,2,7,19,19,32,0.8055172413793104,3625.0,,,,1,0,1,0,0,4,Less Selective (>75% or open),Master's University
213996,Messiah University,PA,2,1,2,2,9,18,19,32,0.7940935192780968,2438.0,670.0,670.0,30.0,1,0,1,0,0,4,Less Selective (>75% or open),Master's University
214023,ASPIRA City College,PA,5,2,2,2,3,-2,11,-2,1.0,3.0,,,,0,0,1,0,0,5,2-year/Associate,Other
214041,Millersville University of Pennsylvania,PA,1,1,1,2,9,18,18,21,0.9242237934214571,6506.0,620.0,590.0,,1,1,0,0,0,4,Less Selective (>75% or open),Master's University
214069,Misericordia University,PA,2,1,2,2,9,17,17,21,0.8870673952641166,2196.0,,,,1,0,1,0,0,4,Less Selective (>75% or open),Doctoral / Pro
214111,Montgomery County Community College,PA,4,2,1,2,3,5,5,40,,,,,,0,1,0,0,0,5,2-year/Associate,Associate / CC
214148,Moore College of Art and Design,PA,2,1,2,2,7,30,30,56,0.5317880794701987,1510.0,670.0,600.0,,1,0,1,0,0,3,Moderately Selective (50-75%),Special Focus
214157,Moravian University,PA,2,1,2,2,9,20,21,31,0.6702192448233861,3284.0,633.0,620.0,26.0,1,0,1,0,0,3,Moderately Selective (50-75%),Master's University
214166,Mount Aloysius College,PA,2,1,2,2,7,22,22,33,0.8595174262734584,1865.0,570.0,540.0,,1,0,1,0,0,4,Less Selective (>75% or open),Bacc Diverse Fields
214175,Muhlenberg College,PA,2,1,2,2,7,21,21,31,0.6551166551166551,4329.0,700.0,700.0,33.0,1,0,1,0,0,3,Moderately Selective (50-75%),Bacc Arts & Sciences
214272,Neumann University,PA,2,1,2,2,9,19,18,32,0.8546129677235076,3501.0,,,,1,0,1,0,0,4,Less Selective (>75% or open),Master's University
214290,New Castle School of Trades,PA,6,2,3,2,3,7,7,40,,,,,,0,0,0,1,0,5,2-year/Associate,Associate / CC
214379,Northampton County Area Community College,PA,4,2,1,2,3,4,4,40,,,,,,0,1,0,0,0,5,2-year/Associate,Associate / CC
214476,Heritage Valley Health System School of Nursing,PA,8,3,2,2,2,-2,-2,-2,0.4117647058823529,17.0,,,,0,0,1,0,0,5,2-year/Associate,Other
214528,Orleans Technical College,PA,8,3,2,2,2,-2,13,-2,0.6565656565656566,99.0,,,,0,0,1,0,0,5,2-year/Associate,Other
214564,Salus University,PA,2,1,2,2,9,26,26,53,,,,,,1,0,1,0,0,4,Less Selective (>75% or open),Mixed Spec-Focus
214582,Pennsylvania Institute of Technology,PA,2,1,2,2,5,10,10,40,,,,,,1,0,1,0,0,4,Less Selective (>75% or open),Associate / CC
214591,Pennsylvania State University-Penn State Erie-Behrend College,PA,1,1,1,2,7,-2,20,22,0.9543891817556727,4363.0,660.0,670.0,30.0,1,1,0,0,0,4,Less Selective (>75% or open),Other
214607,Pennsylvania State University-Penn State Great Valley,PA,1,1,1,2,7,-2,18,21,,,,,,1,1,0,0,0,4,Less Selective (>75% or open),Other
214625,Pennsylvania State University-Penn State New Kensington,PA,1,1,1,2,5,-2,22,-2,0.9144542772861357,678.0,600.0,610.0,30.0,1,1,0,0,0,4,Less Selective (>75% or open),Other
214634,Pennsylvania State University-Penn State Shenango,PA,1,1,1,2,5,-2,22,-2,0.8697916666666666,192.0,,,,1,1,0,0,0,4,Less Selective (>75% or open),Other
214643,Pennsylvania State University-Penn State Wilkes-Barre,PA,1,1,1,2,5,-2,22,-2,0.9525267993874426,653.0,640.0,620.0,,1,1,0,0,0,4,Less Selective (>75% or open),Other
214652,Pennsylvania State University-Penn State Scranton,PA,1,1,1,2,7,-2,22,-2,0.9399216369177188,2297.0,620.0,610.0,,1,1,0,0,0,4,Less Selective (>75% or open),Other
214661,Pennsylvania State System of Higher Education-Central Office,PA,0,1,1,2,9,-2,-2,-2,,,,,,1,1,0,0,0,4,Less Selective (>75% or open),Other
214670,Pennsylvania State University-Penn State Lehigh Valley,PA,1,1,1,2,5,-2,22,-2,0.9407530454042082,1806.0,640.0,650.0,26.0,1,1,0,0,0,4,Less Selective (>75% or open),Other
214689,Pennsylvania State University-Penn State Altoona,PA,1,1,1,2,5,-2,22,-2,0.9575967034427755,7523.0,630.0,620.0,28.0,1,1,0,0,0,4,Less Selective (>75% or open),Other
214698,Pennsylvania State University-Penn State Beaver,PA,1,1,1,2,5,-2,22,-2,0.9320445225541887,1707.0,640.0,620.0,28.0,1,1,0,0,0,4,Less Selective (>75% or open),Other
214704,Pennsylvania State University-Penn State Berks,PA,1,1,1,2,6,-2,22,-2,0.9728813559322034,5605.0,640.0,650.0,28.0,1,1,0,0,0,4,Less Selective (>75% or open),Other
214713,Pennsylvania State University-Penn State Harrisburg,PA,1,1,1,2,9,-2,18,21,0.9554659949622166,9925.0,650.0,660.0,28.0,1,1,0,0,0,4,Less Selective (>75% or open),Other
214731,Pennsylvania State University-Penn State Brandywine,PA,1,1,1,2,5,-2,21,-2,0.9618852459016394,2440.0,640.0,645.0,31.0,1,1,0,0,0,4,Less Selective (>75% or open),Other
214740,Pennsylvania State University-Penn State DuBois,PA,1,1,1,2,5,-2,23,-2,0.923679060665362,511.0,610.0,590.0,,1,1,0,0,0,4,Less Selective (>75% or open),Other
214759,Pennsylvania State University-Penn State Fayette- Eberly,PA,1,1,1,2,5,-2,22,-2,0.8073394495412844,872.0,610.0,600.0,25.0,1,1,0,0,0,4,Less Selective (>75% or open),Other
214768,Pennsylvania State University-Penn State Hazleton,PA,1,1,1,2,5,-2,22,-2,0.8991452991452992,585.0,635.0,645.0,,1,1,0,0,0,4,Less Selective (>75% or open),Other
214777,Pennsylvania State University-Main Campus,PA,1,1,1,2,9,15,15,15,0.5520843047654574,85784.0,680.0,710.0,31.0,1,1,0,0,0,3,Moderately Selective (50-75%),R1 (very high research)
214786,Pennsylvania State University-Penn State Greater Allegheny,PA,1,1,1,2,5,-2,22,-2,0.8764880952380952,672.0,640.0,660.0,,1,1,0,0,0,4,Less Selective (>75% or open),Other
214795,Pennsylvania State University-Penn State Mont Alto,PA,1,1,1,2,5,-2,23,-2,0.9129793510324484,678.0,620.0,610.0,,1,1,0,0,0,4,Less Selective (>75% or open),Other
214801,Pennsylvania State University-Penn State Abington,PA,1,1,1,2,7,-2,22,-2,0.9340863376141111,6463.0,650.0,660.0,31.0,1,1,0,0,0,4,Less Selective (>75% or open),Other
214810,Pennsylvania State University-Penn State Schuylkill,PA,1,1,1,2,5,-2,22,-2,0.8577586206896551,928.0,610.0,570.0,,1,1,0,0,0,4,Less Selective (>75% or open),Other
214829,Pennsylvania State University-Penn State York,PA,1,1,1,2,7,-2,22,-2,0.9286783042394015,2005.0,650.0,650.0,26.0,1,1,0,0,0,4,Less Selective (>75% or open),Other
214883,Peirce College,PA,2,1,2,2,7,22,22,40,,,,,,1,0,1,0,0,4,Less Selective (>75% or open),Bacc Diverse Fields
214892,Penn Commercial Business/Technical School,PA,6,2,3,2,3,9,7,40,0.6458333333333334,96.0,,,,0,0,0,1,0,5,2-year/Associate,Associate / CC
214944,Pennco Tech-Bristol,PA,6,2,3,2,3,11,11,40,,,,,,0,0,0,1,0,5,2-year/Associate,Associate / CC
214971,Pennsylvania Academy of the Fine Arts,PA,2,1,2,2,7,30,30,56,0.912568306010929,183.0,,,,1,0,1,0,0,4,Less Selective (>75% or open),Special Focus
215008,Pennsylvania Gunsmith School,PA,6,2,3,2,4,-2,-2,-2,,,,,,0,0,0,1,0,5,2-year/Associate,Other
215044,Cortiva Institute,PA,9,3,3,2,2,-2,-2,-2,,,,,,0,0,0,1,0,5,2-year/Associate,Other
215053,Pennsylvania College of Art and Design,PA,2,1,2,2,5,30,30,40,0.4430604982206406,562.0,,,,1,0,1,0,0,2,Selective (25-50%),Special Focus
215062,University of Pennsylvania,PA,2,1,2,2,9,15,15,15,0.06501428885469333,54588.0,770.0,800.0,35.0,1,0,1,0,0,0,Elite (<10%),R1 (very high research)
215105,University of the Arts,PA,2,1,2,2,9,30,30,56,0.8001841620626151,1086.0,,,,1,0,1,0,0,4,Less Selective (>75% or open),Special Focus
215114,Cairn University-Langhorne,PA,2,1,2,2,7,19,20,51,0.8098290598290598,468.0,,,,1,0,1,0,0,4,Less Selective (>75% or open),Master's University
215123,Philadelphia College of Osteopathic Medicine,PA,2,1,2,2,9,25,25,52,,,,,,1,0,1,0,0,4,Less Selective (>75% or open),Bacc/Associate
215239,Community College of Philadelphia,PA,4,2,1,2,3,1,1,40,,,,,,0,1,0,0,0,5,2-year/Associate,Associate / CC
215266,University of Pittsburgh-Bradford,PA,1,1,1,2,5,22,22,31,0.9355156773811871,5071.0,598.0,598.0,29.0,1,1,0,0,0,4,Less Selective (>75% or open),Bacc Diverse Fields
215275,University of Pittsburgh-Greensburg,PA,1,1,1,2,5,21,21,31,0.9760239760239761,3003.0,650.0,625.0,27.0,1,1,0,0,0,4,Less Selective (>75% or open),Bacc Arts & Sciences
215284,University of Pittsburgh-Johnstown,PA,1,1,1,2,5,22,22,32,0.9740634005763689,3470.0,570.0,630.0,28.0,1,1,0,0,0,4,Less Selective (>75% or open),Bacc Diverse Fields
215293,University of Pittsburgh-Pittsburgh Campus,PA,1,1,1,2,9,15,15,15,0.4913890563762436,53072.0,720.0,750.0,33.0,1,1,0,0,0,2,Selective (25-50%),R1 (very high research)
215309,University of Pittsburgh-Titusville,PA,4,2,1,2,3,7,4,40,0.45714285714285713,35.0,,,,0,1,0,0,0,5,2-year/Associate,Associate / CC
215336,Beaver Falls Beauty Academy,PA,9,3,3,2,2,-2,-2,-2,,,,,,0,0,0,1,0,5,2-year/Associate,Other
215381,Pittsburgh Institute of Aeronautics,PA,5,2,2,2,4,11,11,40,,,,,,0,0,1,0,0,5,2-year/Associate,Associate / CC
215390,Pittsburgh Institute of Mortuary Science Inc,PA,5,2,2,2,3,12,12,40,0.75,40.0,,,,0,0,1,0,0,5,2-year/Associate,Associate / CC
215415,Pittsburgh Technical College,PA,2,1,2,2,5,14,14,40,,,,,,1,0,1,0,0,4,Less Selective (>75% or open),Associate / CC
215424,Pittsburgh Theological Seminary,PA,2,1,2,2,9,24,24,51,,,,,,1,0,1,0,0,4,Less Selective (>75% or open),Bacc/Associate
215442,Point Park University,PA,2,1,2,2,9,17,18,22,0.8204873197414222,6033.0,650.0,595.0,26.0,1,0,1,0,0,4,Less Selective (>75% or open),Doctoral / Pro
215479,Joseph F McCloskey School of Nursing,PA,5,2,2,2,4,-2,-2,-2,,,,,,0,0,1,0,0,5,2-year/Associate,Other
215530,The Salon Professional Academy-Altoona,PA,9,3,3,2,2,-2,-2,-2,,,,,,0,0,0,1,0,5,2-year/Associate,Other
215585,Reading Area Community College,PA,4,2,1,2,3,5,5,40,,,,,,0,1,0,0,0,5,2-year/Associate,Associate / CC
215594,Reading Hospital School of Health Sciences,PA,5,2,2,2,4,-2,-2,-2,0.12903225806451613,93.0,530.0,490.0,,0,0,1,0,0,5,2-year/Associate,Other
215619,Reconstructionist Rabbinical College,PA,2,1,2,2,7,24,24,51,,,,,,1,0,1,0,0,4,Less Selective (>75% or open),Bacc/Associate
215637,Walnut Hill College,PA,3,1,3,2,5,30,32,40,1.0,133.0,,,,1,0,0,1,0,4,Less Selective (>75% or open),Special Focus
215655,Robert Morris University,PA,2,1,2,2,9,17,17,21,0.9376601195559351,4684.0,,,,1,0,1,0,0,4,Less Selective (>75% or open),Doctoral / Pro
215682,Rosedale Technical College,PA,5,2,2,2,3,11,11,40,0.746268656716418,268.0,,,,0,0,1,0,0,5,2-year/Associate,Associate / CC
215691,Rosemont College,PA,2,1,2,2,7,19,19,31,0.7557894736842106,950.0,,,,1,0,1,0,0,4,Less Selective (>75% or open),Master's University
215743,Saint Francis University,PA,2,1,2,2,9,18,18,21,0.7305029995385325,2167.0,630.0,610.0,26.0,1,0,1,0,0,3,Moderately Selective (50-75%),Master's University
215770,Saint Joseph's University,PA,2,1,2,2,9,18,18,21,0.8867943963741244,9708.0,670.0,660.0,31.0,1,0,1,0,0,4,Less Selective (>75% or open),Master's University
215798,Saint Vincent College,PA,2,1,2,2,9,21,21,31,0.7337031900138696,2163.0,640.0,610.0,29.0,1,0,1,0,0,3,Moderately Selective (50-75%),Bacc Arts & Sciences
215813,Saint Vincent Seminary,PA,2,1,2,2,7,24,24,-2,,,,,,1,0,1,0,0,4,Less Selective (>75% or open),Bacc/Associate
215886,Schuylkill Technology Center,PA,7,3,1,2,2,-2,-2,-2,,,,,,0,1,0,0,0,5,2-year/Associate,Other
215929,University of Scranton,PA,2,1,2,2,9,18,18,21,0.8435466946484785,9530.0,660.0,660.0,31.0,1,0,1,0,0,4,Less Selective (>75% or open),Master's University
215947,Seton Hill University,PA,2,1,2,2,9,19,19,31,0.7833583208395802,2668.0,620.0,620.0,28.0,1,0,1,0,0,4,Less Selective (>75% or open),Master's University
215974,UPMC Shadyside School of Nursing,PA,5,2,2,2,4,-2,-2,-2,0.8421052631578947,19.0,,,,0,0,1,0,0,5,2-year/Associate,Other
215983,Sharon Regional School of Nursing,PA,9,3,3,2,2,-2,-2,-2,,,,,,0,0,0,1,0,5,2-year/Associate,Other
215992,Laurel Technical Institute,PA,6,2,3,2,3,7,8,40,0.952,125.0,,,,0,0,0,1,0,5,2-year/Associate,Associate / CC
216010,Shippensburg University of Pennsylvania,PA,1,1,1,2,9,18,18,21,0.8779645044762054,6367.0,610.0,600.0,,1,1,0,0,0,4,Less Selective (>75% or open),Master's University
216038,Slippery Rock University of Pennsylvania,PA,1,1,1,2,9,18,18,21,0.743337506707208,5591.0,590.0,570.0,26.0,1,1,0,0,0,3,Moderately Selective (50-75%),Master's University
216047,Saint Charles Borromeo Seminary-Overbrook,PA,2,1,2,2,7,24,24,51,0.75,4.0,,,,1,0,1,0,0,4,Less Selective (>75% or open),Bacc/Associate
216074,South Hills Beauty Academy,PA,9,3,3,2,2,-2,-2,-2,,,,,,0,0,0,1,0,5,2-year/Associate,Other
216083,South Hills School of Business & Technology,PA,6,2,3,2,4,1,1,40,0.9787234042553191,141.0,,,,0,0,0,1,0,5,2-year/Associate,Associate / CC
216162,St Lukes Hospital School of Nursing,PA,8,3,2,2,2,-2,-2,-2,,,,,,0,0,1,0,0,5,2-year/Associate,Other
216223,The Beauty Institute,PA,9,3,3,2,2,-2,-2,-2,,,,,,0,0,0,1,0,5,2-year/Associate,Other
216278,Susquehanna University,PA,2,1,2,2,7,21,21,31,0.7669019607843137,6375.0,650.0,630.0,30.0,1,0,1,0,0,4,Less Selective (>75% or open),Bacc Arts & Sciences
216287,Swarthmore College,PA,2,1,2,2,5,21,21,31,0.06928673420820018,14707.0,770.0,790.0,35.0,1,0,1,0,0,0,Elite (<10%),Bacc Arts & Sciences
216296,Thaddeus Stevens College of Technology,PA,4,2,1,2,3,7,7,40,0.9108826049700086,1167.0,590.0,595.0,,0,1,0,0,0,5,2-year/Associate,Associate / CC
216311,Talmudical Yeshiva of Philadelphia,PA,2,1,2,2,5,24,24,51,0.875,40.0,,,,1,0,1,0,0,4,Less Selective (>75% or open),Bacc/Associate
216339,Temple University,PA,1,1,1,2,9,15,15,15,0.7970051207779445,38666.0,,,,1,1,0,0,0,4,Less Selective (>75% or open),R1 (very high research)
216348,Theological Seminary of the Reformed Episcopal Church,PA,2,1,2,2,7,24,24,-2,,,,,,1,0,1,0,0,4,Less Selective (>75% or open),Bacc/Associate
216357,Thiel College,PA,2,1,2,2,7,22,22,32,0.8232161874334398,1878.0,,,,1,0,1,0,0,4,Less Selective (>75% or open),Bacc Diverse Fields
216366,Thomas Jefferson University,PA,2,1,2,2,9,16,16,52,0.8885200069893413,5723.0,670.0,680.0,31.0,1,0,1,0,0,4,Less Selective (>75% or open),R2 (high research)
216436,Triangle Tech Inc-Pittsburgh,PA,6,2,3,2,3,7,8,40,,,,,,0,0,0,1,0,5,2-year/Associate,Associate / CC
216445,Triangle Tech Inc-Greensburg,PA,6,2,3,2,3,7,11,40,,,,,,0,0,0,1,0,5,2-year/Associate,Associate / CC
216454,Triangle Tech Inc-Dubois,PA,6,2,3,2,3,7,7,40,,,,,,0,0,0,1,0,5,2-year/Associate,Associate / CC
216463,Trinity Episcopal School for Ministry,PA,2,1,2,2,9,24,24,51,,,,,,1,0,1,0,0,4,Less Selective (>75% or open),Bacc/Associate
216524,Ursinus College,PA,2,1,2,2,5,21,21,31,0.8220574606116775,3237.0,690.0,690.0,32.0,1,0,1,0,0,4,Less Selective (>75% or open),Bacc Arts & Sciences
216542,University of Valley Forge,PA,2,1,2,2,7,22,22,51,0.8243243243243243,370.0,,,,1,0,1,0,0,4,Less Selective (>75% or open),Bacc Diverse Fields
216551,Valley Forge Military College,PA,5,2,2,2,3,1,1,40,,,,,,0,0,1,0,0,5,2-year/Associate,Associate / CC
216579,Venus Beauty Academy,PA,9,3,3,2,2,-2,-2,-2,,,,,,0,0,0,1,0,5,2-year/Associate,Other
216597,Villanova University,PA,2,1,2,2,9,16,16,21,0.23394168239983218,23835.0,730.0,770.0,34.0,1,0,1,0,0,1,Highly Selective (10-25%),R2 (high research)
216630,Washington Health System School of Nursing,PA,5,2,2,2,4,-2,-2,-2,,,,,,0,0,1,0,0,5,2-year/Associate,Other
216667,Washington & Jefferson College,PA,2,1,2,2,7,21,21,31,0.8807850029291154,3414.0,630.0,620.0,28.0,1,0,1,0,0,4,Less Selective (>75% or open),Bacc Arts & Sciences
216694,Waynesburg University,PA,2,1,2,2,9,19,19,22,0.7556791840519239,2157.0,600.0,600.0,25.0,1,0,1,0,0,4,Less Selective (>75% or open),Master's University
216746,Welder Training and Testing Institute,PA,9,3,3,2,2,-2,-2,-2,,,,,,0,0,0,1,0,5,2-year/Associate,Other
216764,West Chester University of Pennsylvania,PA,1,1,1,2,9,16,18,21,0.8784679929625119,14778.0,640.0,620.0,30.0,1,1,0,0,0,4,Less Selective (>75% or open),R2 (high research)
216773,Western Pennsylvania Hospital School of Nursing,PA,5,2,2,2,4,-2,-2,-2,0.7333333333333333,15.0,,,,0,0,1,0,0,5,2-year/Associate,Other
216807,Westminster College,PA,2,1,2,2,7,21,21,31,0.7528089887640449,2225.0,,,,1,0,1,0,0,4,Less Selective (>75% or open),Bacc Arts & Sciences
216816,Westminster Theological Seminary,PA,2,1,2,2,9,24,24,51,,,,,,1,0,1,0,0,4,Less Selective (>75% or open),Bacc/Associate
216825,Westmoreland County Community College,PA,4,2,1,2,3,9,8,40,,,,,,0,1,0,0,0,5,2-year/Associate,Associate / CC
216852,Widener University,PA,2,1,2,2,9,17,17,16,0.8768662976010736,5961.0,650.0,640.0,29.0,1,0,1,0,0,4,Less Selective (>75% or open),Doctoral / Pro
216931,Wilkes University,PA,2,1,2,2,9,17,17,21,0.9414339308045019,4798.0,630.0,630.0,26.0,1,0,1,0,0,4,Less Selective (>75% or open),Doctoral / Pro
216940,Williamson College of the Trades,PA,5,2,2,2,3,7,-2,-2,0.3888888888888889,396.0,,,,0,0,1,0,0,5,2-year/Associate,Associate / CC
217013,Wilson College,PA,2,1,2,2,7,19,20,32,0.9404600811907984,739.0,580.0,540.0,,1,0,1,0,0,4,Less Selective (>75% or open),Master's University
217040,Yeshivath Beth Moshe,PA,2,1,2,2,9,24,24,51,1.0,11.0,,,,1,0,1,0,0,4,Less Selective (>75% or open),Bacc/Associate
217059,York College of Pennsylvania,PA,2,1,2,2,9,20,20,22,0.95606094060499,4529.0,610.0,620.0,27.0,1,0,1,0,0,4,Less Selective (>75% or open),Master's University
217077,YTI Career Institute-York,PA,6,2,3,2,3,7,7,40,,,,,,0,0,0,1,0,5,2-year/Associate,Associate / CC
217156,Brown University,RI,2,1,2,2,9,15,15,15,0.05058342711603388,50649.0,780.0,800.0,36.0,1,0,1,0,0,0,Elite (<10%),R1 (very high research)
217165,Bryant University,RI,2,1,2,2,7,18,19,21,0.6880898876404494,8900.0,650.0,670.0,32.0,1,0,1,0,0,3,Moderately Selective (50-75%),Master's University
217235,Johnson & Wales University-Providence,RI,2,1,2,2,9,18,18,21,0.834319526627219,8281.0,610.0,580.0,29.0,1,0,1,0,0,4,Less Selective (>75% or open),Master's University
217305,New England Institute of Technology,RI,2,1,2,2,9,20,23,40,0.7448421052631579,2375.0,580.0,560.0,,1,0,1,0,0,3,Moderately Selective (50-75%),Master's University
217323,New England Tractor Trailer Training School of Rhode Island,RI,9,3,3,2,2,-2,-2,-2,,,,,,0,0,0,1,0,5,2-year/Associate,Other
217402,Providence College,RI,2,1,2,2,7,18,18,21,0.5278102255368856,11129.0,710.0,710.0,32.0,1,0,1,0,0,3,Moderately Selective (50-75%),Master's University
217420,Rhode Island College,RI,1,1,1,2,9,18,18,21,0.8752869166029075,3921.0,570.0,540.0,,1,1,0,0,0,4,Less Selective (>75% or open),Master's University
217475,Community College of Rhode Island,RI,4,2,1,2,4,1,4,40,,,,,,0,1,0,0,0,5,2-year/Associate,Associate / CC
217484,University of Rhode Island,RI,1,1,1,2,9,16,16,15,0.7639025155998587,25481.0,640.0,630.0,30.0,1,1,0,0,0,4,Less Selective (>75% or open),R2 (high research)
217493,Rhode Island School of Design,RI,2,1,2,2,7,18,30,56,0.17415179446950382,5099.0,740.0,785.0,33.0,1,0,1,0,0,1,Highly Selective (10-25%),Master's University
217518,Roger Williams University,RI,2,1,2,2,7,19,19,32,0.9098633173254526,8121.0,640.0,630.0,31.0,1,0,1,0,0,4,Less Selective (>75% or open),Master's University
217536,Salve Regina University,RI,2,1,2,2,9,18,18,21,0.6952535059331176,5562.0,660.0,620.0,29.0,1,0,1,0,0,3,Moderately Selective (50-75%),Master's University
217581,Empire Beauty School-Warwick,RI,9,3,3,2,2,-2,-2,-2,,,,,,0,0,0,1,0,5,2-year/Associate,Other
217606,Northpoint Bible College,MA,2,1,2,2,7,24,24,-2,,,,,,1,0,1,0,0,4,Less Selective (>75% or open),Bacc/Associate
217615,Aiken Technical College,SC,4,2,1,2,3,4,4,40,,,,,,0,1,0,0,0,5,2-year/Associate,Associate / CC
217624,Allen University,SC,2,1,2,1,9,21,21,32,0.4335574767851425,3123.0,,,,1,0,1,0,1,2,Selective (25-50%),Bacc Arts & Sciences
217633,Anderson University,SC,2,1,2,2,9,18,19,32,0.453896490184414,5043.0,,,,1,0,1,0,0,2,Selective (25-50%),Master's University
217688,Charleston Southern University,SC,2,1,2,2,9,19,19,21,0.8675256694181599,4967.0,600.0,570.0,23.0,1,0,1,0,0,4,Less Selective (>75% or open),Master's University
217712,Technical College of the Lowcountry,SC,4,2,1,2,3,7,7,40,,,,,,0,1,0,0,0,5,2-year/Associate,Associate / CC
217721,Benedict College,SC,2,1,2,1,7,22,22,32,0.6777846726652187,6446.0,520.0,500.0,,1,0,1,0,1,3,Moderately Selective (50-75%),Bacc Diverse Fields
217749,Bob Jones University,SC,2,1,2,2,9,20,20,-2,,,,,,1,0,1,0,0,4,Less Selective (>75% or open),Master's University
217776,Southern Wesleyan University,SC,2,1,2,2,9,20,18,22,0.5118203309692672,846.0,590.0,570.0,23.0,1,0,1,0,0,3,Moderately Selective (50-75%),Master's University
217794,Charleston Cosmetology Institute,SC,9,3,3,2,2,-2,-2,-2,,,,,,0,0,0,1,0,5,2-year/Associate,Other
217819,College of Charleston,SC,1,1,1,2,9,19,18,21,0.7568574023614896,22020.0,660.0,640.0,30.0,1,1,0,0,0,4,Less Selective (>75% or open),Master's University
217828,Charzanne Beauty College,SC,9,3,3,2,2,-2,-2,-2,,,,,,0,0,0,1,0,5,2-year/Associate,Other
217837,Northeastern Technical College,SC,4,2,1,2,3,9,8,40,,,,,,0,1,0,0,0,5,2-year/Associate,Associate / CC
217864,Citadel Military College of South Carolina,SC,1,1,1,2,8,18,18,21,0.9857967154904572,2253.0,650.0,620.0,27.0,1,1,0,0,0,4,Less Selective (>75% or open),Master's University
217873,Claflin University,SC,2,1,2,1,7,21,22,32,0.7799947145877378,7568.0,,,,1,0,1,0,1,4,Less Selective (>75% or open),Bacc Arts & Sciences
217882,Clemson University,SC,1,1,1,2,9,15,15,15,0.42984532081258636,52819.0,700.0,710.0,32.0,1,1,0,0,0,2,Selective (25-50%),R1 (very high research)
217891,Clinton College,SC,2,1,2,1,5,23,23,-2,,,,,,1,0,1,0,1,4,Less Selective (>75% or open),Bacc Diverse Fields
217907,Coker University,SC,2,1,2,2,9,20,20,32,0.9407630522088354,996.0,,,,1,0,1,0,0,4,Less Selective (>75% or open),Master's University
217925,Columbia International University,SC,2,1,2,2,9,19,20,51,0.48221343873517786,506.0,620.0,575.0,25.0,1,0,1,0,0,2,Selective (25-50%),Master's University
217934,Columbia College,SC,2,1,2,2,7,20,20,32,0.9811580882352942,2176.0,590.0,550.0,18.0,1,0,1,0,0,4,Less Selective (>75% or open),Master's University
217961,Converse University,SC,2,1,2,2,9,20,20,21,0.5557079190949605,2917.0,640.0,595.0,26.0,1,0,1,0,0,3,Moderately Selective (50-75%),Master's University
217989,Denmark Technical College,SC,4,2,1,1,3,9,8,40,,,,,,0,1,0,0,1,5,2-year/Associate,Associate / CC
217998,Erskine College,SC,2,1,2,2,9,17,22,31,0.5324921135646687,1585.0,570.0,580.0,23.0,1,0,1,0,0,3,Moderately Selective (50-75%),Doctoral / Pro
218025,Florence-Darlington Technical College,SC,4,2,1,2,3,7,7,40,,,,,,0,1,0,0,0,5,2-year/Associate,Associate / CC
218061,Francis Marion University,SC,1,1,1,2,9,19,20,21,0.8291229066136815,3523.0,590.0,533.0,22.0,1,1,0,0,0,4,Less Selective (>75% or open),Master's University
218070,Furman University,SC,2,1,2,2,8,21,21,31,0.6702155975512377,7514.0,730.0,725.0,32.0,1,0,1,0,0,3,Moderately Selective (50-75%),Bacc Arts & Sciences
218113,Greenville Technical College,SC,1,1,1,2,5,7,4,40,,,,,,1,1,0,0,0,4,Less Selective (>75% or open),Associate / CC
218140,Horry-Georgetown Technical College,SC,4,2,1,2,3,4,4,40,,,,,,0,1,0,0,0,5,2-year/Associate,Associate / CC
218159,Kenneth Shuler School of Cosmetology-North Augusta,SC,9,3,3,2,2,-2,-2,-2,,,,,,0,0,0,1,0,5,2-year/Associate,Other
218195,Kenneth Shuler School of Cosmetology and Nails-Columbia,SC,9,3,3,2,2,-2,-2,-2,,,,,,0,0,0,1,0,5,2-year/Associate,Other
218229,Lander University,SC,1,1,1,2,7,22,22,22,0.6740295946815354,4663.0,600.0,590.0,24.0,1,1,0,0,0,3,Moderately Selective (50-75%),Bacc Diverse Fields
218238,Limestone University,SC,2,1,2,2,7,22,22,32,0.8946902654867257,2260.0,,,,1,0,1,0,0,4,Less Selective (>75% or open),Bacc Diverse Fields
218335,Medical University of South Carolina,SC,1,1,1,2,9,27,25,52,,,,,,1,1,0,0,0,4,Less Selective (>75% or open),Mixed Spec-Focus
218353,Midlands Technical College,SC,4,2,1,2,3,4,4,40,,,,,,0,1,0,0,0,5,2-year/Associate,Associate / CC
218399,Morris College,SC,2,1,2,1,5,22,22,32,,,,,,1,0,1,0,1,4,Less Selective (>75% or open),Bacc Diverse Fields
218414,Newberry College,SC,2,1,2,2,7,22,22,32,0.7531289111389237,3196.0,563.0,540.0,22.0,1,0,1,0,0,4,Less Selective (>75% or open),Bacc Diverse Fields
218441,North Greenville University,SC,2,1,2,2,9,20,20,32,0.7605826126536186,2197.0,,,,1,0,1,0,0,4,Less Selective (>75% or open),Master's University
218487,Orangeburg Calhoun Technical College,SC,4,2,1,2,3,8,8,40,,,,,,0,1,0,0,0,5,2-year/Associate,Associate / CC
218520,Piedmont Technical College,SC,4,2,1,2,3,7,7,40,,,,,,0,1,0,0,0,5,2-year/Associate,Associate / CC
218539,Presbyterian College,SC,2,1,2,2,9,21,21,31,0.5938720336437369,3329.0,640.0,630.0,27.0,1,0,1,0,0,3,Moderately Selective (50-75%),Bacc Arts & Sciences
218645,University of South Carolina Aiken,SC,1,1,1,2,7,20,22,32,0.7562168772931105,2453.0,600.0,580.0,24.0,1,1,0,0,0,4,Less Selective (>75% or open),Master's University
218654,University of South Carolina Beaufort,SC,1,1,1,2,7,22,21,40,0.800322710770472,2479.0,,,,1,1,0,0,0,4,Less Selective (>75% or open),Bacc Diverse Fields
218663,University of South Carolina-Columbia,SC,1,1,1,2,9,15,15,15,0.6405138902057457,42188.0,690.0,690.0,32.0,1,1,0,0,0,3,Moderately Selective (50-75%),R1 (very high research)
218672,University of South Carolina-Lancaster,SC,4,2,1,2,3,3,3,40,0.761969904240766,731.0,,,,0,1,0,0,0,5,2-year/Associate,Associate / CC
218681,University of South Carolina-Salkehatchie,SC,4,2,1,2,3,2,2,40,0.7090909090909091,495.0,,,,0,1,0,0,0,5,2-year/Associate,Associate / CC
218690,University of South Carolina-Sumter,SC,4,2,1,2,3,3,3,40,0.7186379928315412,558.0,,,,0,1,0,0,0,5,2-year/Associate,Associate / CC
218706,University of South Carolina-Union,SC,4,2,1,2,3,3,3,40,0.8008474576271186,236.0,,,,0,1,0,0,0,5,2-year/Associate,Associate / CC
218724,Coastal Carolina University,SC,1,1,1,2,9,18,18,31,0.7862595419847328,17161.0,600.0,590.0,25.0,1,1,0,0,0,4,Less Selective (>75% or open),Master's University
218733,South Carolina State University,SC,1,1,1,1,9,20,20,16,0.8390165373920679,6833.0,,,,1,1,0,0,1,4,Less Selective (>75% or open),Master's University
218742,University of South Carolina-Upstate,SC,1,1,1,2,7,22,22,32,0.7857605177993527,3090.0,590.0,560.0,25.0,1,1,0,0,0,4,Less Selective (>75% or open),Bacc Diverse Fields
218751,Sherman College of Chiropractic,SC,2,1,2,2,9,26,26,53,,,,,,1,0,1,0,0,4,Less Selective (>75% or open),Mixed Spec-Focus
218821,Spartanburg Methodist College,SC,2,1,2,2,5,1,1,40,0.821337417049515,1959.0,,,,1,0,1,0,0,4,Less Selective (>75% or open),Associate / CC
218830,Spartanburg Community College,SC,4,2,1,2,3,4,5,40,,,,,,0,1,0,0,0,5,2-year/Associate,Associate / CC
218858,Central Carolina Technical College,SC,4,2,1,2,3,5,4,40,,,,,,0,1,0,0,0,5,2-year/Associate,Associate / CC
218885,Tri-County Technical College,SC,4,2,1,2,3,7,4,40,,,,,,0,1,0,0,0,5,2-year/Associate,Associate / CC
218894,Trident Technical College,SC,4,2,1,2,3,5,4,40,,,,,,0,1,0,0,0,5,2-year/Associate,Associate / CC
218919,Voorhees University,SC,2,1,2,1,7,22,22,32,,,,,,1,0,1,0,1,4,Less Selective (>75% or open),Bacc Diverse Fields
218955,Williamsburg Technical College,SC,4,2,1,2,3,9,6,40,,,,,,0,1,0,0,0,5,2-year/Associate,Associate / CC
218964,Winthrop University,SC,1,1,1,2,8,18,18,21,0.6975877623063346,5099.0,625.0,570.0,26.0,1,1,0,0,0,3,Moderately Selective (50-75%),Master's University
218973,Wofford College,SC,2,1,2,2,5,21,21,31,0.6018079096045198,4425.0,680.0,673.0,31.0,1,0,1,0,0,3,Moderately Selective (50-75%),Bacc Arts & Sciences
218991,York Technical College,SC,4,2,1,2,3,4,4,40,,,,,,0,1,0,0,0,5,2-year/Associate,Associate / CC
219000,Augustana University,SD,2,1,2,2,9,19,20,32,0.6578696343402226,3145.0,625.0,700.0,28.0,1,0,1,0,0,3,Moderately Selective (50-75%),Master's University
219037,The Salon Professional Academy,SD,9,3,3,2,2,-2,-2,-2,,,,,,0,0,0,1,0,5,2-year/Associate,Other
219046,Black Hills State University,SD,1,1,1,2,7,20,20,32,0.9664344521849272,1579.0,495.0,590.0,24.0,1,1,0,0,0,4,Less Selective (>75% or open),Master's University
219082,Dakota State University,SD,1,1,1,2,9,19,20,32,0.7891156462585034,882.0,640.0,600.0,27.0,1,1,0,0,0,4,Less Selective (>75% or open),Master's University
219091,Dakota Wesleyan University,SD,2,1,2,2,8,22,22,32,0.7477253928866832,1209.0,700.0,720.0,24.0,1,0,1,0,0,3,Moderately Selective (50-75%),Bacc Diverse Fields
219125,Paul Mitchell the School-Rapid City,SD,9,3,3,2,2,-2,-2,-2,,,,,,0,0,0,1,0,5,2-year/Associate,Other
219143,Lake Area Technical College,SD,4,2,1,2,4,7,7,40,,,,,,0,1,0,0,0,5,2-year/Associate,Associate / CC
219170,Avera McKennan Hospital School of Radiologic Technology,SD,5,2,2,2,4,-2,-2,-2,,,,,,0,0,1,0,0,5,2-year/Associate,Other
219189,Mitchell Technical College,SD,4,2,1,2,3,7,7,40,,,,,,0,1,0,0,0,5,2-year/Associate,Associate / CC
219198,Mount Marty University,SD,2,1,2,2,9,20,20,22,0.6838777660695469,949.0,,,23.0,1,0,1,0,0,3,Moderately Selective (50-75%),Master's University
219204,National American University-Rapid City,SD,3,1,3,2,9,17,22,33,,,,,,1,0,0,1,0,4,Less Selective (>75% or open),Doctoral / Pro
219240,Kairos University,SD,2,1,2,2,9,24,24,51,1.0,5.0,,,,1,0,1,0,0,4,Less Selective (>75% or open),Bacc/Associate
219259,Northern State University,SD,1,1,1,2,7,20,20,21,0.7813918305597579,1322.0,580.0,570.0,24.0,1,1,0,0,0,4,Less Selective (>75% or open),Master's University
219277,Oglala Lakota College,SD,1,1,1,2,7,33,33,60,,,,,,1,1,0,0,0,4,Less Selective (>75% or open),Tribal
219295,Presentation College,SD,2,1,2,2,7,22,26,53,0.755834829443447,557.0,580.0,550.0,22.0,1,0,1,0,0,4,Less Selective (>75% or open),Bacc Diverse Fields
219338,Avera Sacred Heart Hospital,SD,5,2,2,2,4,-2,-2,-2,,,,,,0,0,1,0,0,5,2-year/Associate,Other
219347,South Dakota School of Mines and Technology,SD,1,1,1,2,9,19,27,54,0.8269484808454426,1514.0,680.0,698.0,29.0,1,1,0,0,0,4,Less Selective (>75% or open),Master's University
219356,South Dakota State University,SD,1,1,1,2,9,16,16,16,0.8607793840351979,6364.0,615.0,630.0,25.0,1,1,0,0,0,4,Less Selective (>75% or open),R2 (high research)
219374,Sinte Gleska University,SD,1,1,1,2,7,33,33,60,,,,,,1,1,0,0,0,4,Less Selective (>75% or open),Tribal
219383,University of Sioux Falls,SD,2,1,2,2,9,19,19,22,0.7595419847328244,2358.0,,,,1,0,1,0,0,4,Less Selective (>75% or open),Master's University
219392,Sanford Medical Center,SD,5,2,2,2,4,-2,-2,-2,,,,,,0,0,1,0,0,5,2-year/Associate,Other
219408,Sisseton Wahpeton College,SD,1,1,1,2,5,33,33,60,,,,,,1,1,0,0,0,4,Less Selective (>75% or open),Tribal
219426,Southeast Technical College,SD,4,2,1,2,4,7,7,40,,,,,,0,1,0,0,0,5,2-year/Associate,Associate / CC
219453,Stewart School,SD,9,3,3,2,2,-2,-2,-2,,,,,,0,0,0,1,0,5,2-year/Associate,Other
219471,University of South Dakota,SD,1,1,1,2,9,16,16,16,0.9946428571428572,4480.0,640.0,660.0,25.0,1,1,0,0,0,4,Less Selective (>75% or open),R2 (high research)
219480,Western Dakota Technical College,SD,4,2,1,2,3,8,8,40,,,,,,0,1,0,0,0,5,2-year/Associate,Associate / CC
219505,American Baptist College,TN,2,1,2,1,5,22,24,51,,,,,,1,0,1,0,1,4,Less Selective (>75% or open),Bacc Diverse Fields
219587,Arnolds Beauty School,TN,9,3,3,2,2,-2,-2,-2,,,,,,0,0,0,1,0,5,2-year/Associate,Other
219596,Tennessee College of Applied Technology-Athens,TN,4,2,1,2,4,-2,-2,-2,,,,,,0,1,0,0,0,5,2-year/Associate,Other
219602,Austin Peay State University,TN,1,1,1,2,9,18,18,21,0.93822697265011,6362.0,610.0,560.0,24.0,1,1,0,0,0,4,Less Selective (>75% or open),Master's University
219639,Baptist Health Sciences University,TN,2,1,2,2,9,26,26,40,0.4092526690391459,281.0,,,24.0,1,0,1,0,0,4,Less Selective (>75% or open),Mixed Spec-Focus
219709,Belmont University,TN,2,1,2,2,9,17,17,21,0.9626759794827022,9163.0,690.0,650.0,30.0,1,0,1,0,0,4,Less Selective (>75% or open),Doctoral / Pro
219718,Bethel University,TN,2,1,2,2,7,18,18,31,0.887906789875452,2489.0,550.0,580.0,22.0,1,0,1,0,0,4,Less Selective (>75% or open),Master's University
219790,Bryan College-Dayton,TN,2,1,2,2,9,20,20,32,,,,,,1,0,1,0,0,4,Less Selective (>75% or open),Master's University
219806,Carson-Newman University,TN,2,1,2,2,9,17,17,21,0.7978142076502732,2928.0,563.0,580.0,26.0,1,0,1,0,0,4,Less Selective (>75% or open),Doctoral / Pro
219824,Chattanooga State Community College,TN,4,2,1,2,3,4,4,40,,,,,,0,1,0,0,0,5,2-year/Associate,Associate / CC
219833,Christian Brothers University,TN,2,1,2,2,7,19,18,22,0.8745724059293044,877.0,,,27.0,1,0,1,0,0,4,Less Selective (>75% or open),Master's University
219842,Pentecostal Theological Seminary,TN,2,1,2,2,9,24,24,51,,,,,,1,0,1,0,0,4,Less Selective (>75% or open),Bacc/Associate
219851,Austin's Beauty College Inc,TN,9,3,3,2,2,-2,-2,-2,,,,,,0,0,0,1,0,5,2-year/Associate,Other
219879,Cleveland State Community College,TN,4,2,1,2,3,1,2,40,,,,,,0,1,0,0,0,5,2-year/Associate,Associate / CC
219888,Columbia State Community College,TN,4,2,1,2,3,1,1,40,,,,,,0,1,0,0,0,5,2-year/Associate,Associate / CC
219903,Concorde Career College-Memphis,TN,6,2,3,2,3,10,10,-2,0.952,625.0,,,,0,0,0,1,0,5,2-year/Associate,Associate / CC
219921,Tennessee College of Applied Technology-Covington,TN,4,2,1,2,4,-2,-2,-2,,,,,,0,1,0,0,0,5,2-year/Associate,Other
219949,Cumberland University,TN,2,1,2,2,7,19,19,22,0.6621431913897988,2137.0,,,,1,0,1,0,0,3,Moderately Selective (50-75%),Master's University
219976,Lipscomb University,TN,2,1,2,2,9,17,17,22,0.7112010796221323,3705.0,670.0,650.0,30.0,1,0,1,0,0,3,Moderately Selective (50-75%),Doctoral / Pro
219994,Tennessee College of Applied Technology-Dickson,TN,4,2,1,2,4,-2,-2,-2,,,,,,0,1,0,0,0,5,2-year/Associate,Other
220002,Hussian College-Daymar College Nashville,TN,3,1,3,2,5,7,23,40,,,,,,1,0,0,1,0,4,Less Selective (>75% or open),Associate / CC
220057,Dyersburg State Community College,TN,4,2,1,2,3,1,2,40,,,,,,0,1,0,0,0,5,2-year/Associate,Associate / CC
220075,East Tennessee State University,TN,1,1,1,2,9,16,16,16,0.8526381517327506,9609.0,610.0,580.0,26.0,1,1,0,0,0,4,Less Selective (>75% or open),R2 (high research)
220118,Chattanooga College Medical Dental and & Technical Careers,TN,6,2,3,2,3,10,10,40,,,,,,0,0,0,1,0,5,2-year/Associate,Associate / CC
220127,Tennessee College of Applied Technology-Elizabethton,TN,4,2,1,2,4,-2,-2,-2,,,,,,0,1,0,0,0,5,2-year/Associate,Other
220163,The Hair Academy LLC,TN,9,3,3,2,2,-2,-2,-2,,,,,,0,0,0,1,0,5,2-year/Associate,Other
220181,Fisk University,TN,2,1,2,1,7,21,21,31,0.7096862960924601,7268.0,670.0,780.0,25.0,1,0,1,0,1,3,Moderately Selective (50-75%),Bacc Arts & Sciences
220206,Welch College,TN,2,1,2,2,7,22,22,51,,,,,,1,0,1,0,0,4,Less Selective (>75% or open),Bacc Diverse Fields
220215,Freed-Hardeman University,TN,2,1,2,2,9,19,20,21,0.9119025304592315,1067.0,610.0,630.0,26.0,1,0,1,0,0,4,Less Selective (>75% or open),Master's University
220251,Tennessee College of Applied Technology-Harriman,TN,4,2,1,2,4,-2,-2,-2,,,,,,0,1,0,0,0,5,2-year/Associate,Other
220279,Tennessee College of Applied Technology-Hartsville,TN,4,2,1,2,4,-2,-2,-2,,,,,,0,1,0,0,0,5,2-year/Associate,Other
220321,Tennessee College of Applied Technology-Hohenwald,TN,4,2,1,2,4,-2,-2,-2,,,,,,0,1,0,0,0,5,2-year/Associate,Other
220394,Tennessee College of Applied Technology-Jacksboro,TN,4,2,1,2,4,-2,-2,-2,,,,,,0,1,0,0,0,5,2-year/Associate,Other
220400,Jackson State Community College,TN,4,2,1,2,3,2,2,40,,,,,,0,1,0,0,0,5,2-year/Associate,Associate / CC
220464,John A Gupton College,TN,5,2,2,2,3,12,12,40,0.6086956521739131,23.0,,,23.0,0,0,1,0,0,5,2-year/Associate,Associate / CC
220473,Johnson University,TN,2,1,2,2,9,19,24,51,0.6320541760722348,443.0,595.0,580.0,24.0,1,0,1,0,0,4,Less Selective (>75% or open),Master's University
220491,Paul Mitchell the School-Murfreesboro,TN,9,3,3,2,2,-2,-2,-2,,,,,,0,0,0,1,0,5,2-year/Associate,Other
220516,King University,TN,2,1,2,2,9,18,18,31,0.608,875.0,,,,1,0,1,0,0,3,Moderately Selective (50-75%),Master's University
220552,South College,TN,3,1,3,2,9,17,26,40,,,,,,1,0,0,1,0,4,Less Selective (>75% or open),Doctoral / Pro
220598,Lane College,TN,2,1,2,1,5,21,21,31,,,,,,1,0,1,0,1,4,Less Selective (>75% or open),Bacc Arts & Sciences
220604,Le Moyne-Owen College,TN,2,1,2,1,5,22,22,32,0.9955654101995566,451.0,,,,1,0,1,0,1,4,Less Selective (>75% or open),Bacc Diverse Fields
220613,Lee University,TN,2,1,2,2,9,19,19,32,0.7259185700099305,2014.0,630.0,610.0,27.0,1,0,1,0,0,3,Moderately Selective (50-75%),Master's University
220631,Lincoln Memorial University,TN,2,1,2,2,9,17,17,21,0.7848317000426076,2347.0,580.0,610.0,24.0,1,0,1,0,0,4,Less Selective (>75% or open),Doctoral / Pro
220640,Tennessee College of Applied Technology-Livingston,TN,4,2,1,2,4,-2,-2,-2,,,,,,0,1,0,0,0,5,2-year/Associate,Other
220701,The University of Tennessee Southern,TN,1,1,1,2,7,22,22,32,0.8026315789473685,608.0,575.0,585.0,23.0,1,1,0,0,0,4,Less Selective (>75% or open),Bacc Diverse Fields
220710,Maryville College,TN,2,1,2,2,7,21,22,32,0.6950444726810674,2361.0,550.0,570.0,27.0,1,0,1,0,0,3,Moderately Selective (50-75%),Bacc Arts & Sciences
220756,Tennessee College of Applied Technology-McKenzie,TN,4,2,1,2,4,-2,-2,-2,,,,,,0,1,0,0,0,5,2-year/Associate,Other
220765,Genesis Career College-Cookeville,TN,9,3,3,2,2,-2,-2,-2,,,,,,0,0,0,1,0,5,2-year/Associate,Other
220792,Meharry Medical College,TN,2,1,2,1,9,25,25,52,,,,,,1,0,1,0,1,4,Less Selective (>75% or open),Bacc/Associate
220853,Tennessee College of Applied Technology-Memphis,TN,4,2,1,2,4,-2,-2,-2,,,,,,0,1,0,0,0,5,2-year/Associate,Other
220862,University of Memphis,TN,1,1,1,2,9,15,16,15,0.9460265110674193,15767.0,630.0,600.0,24.0,1,1,0,0,0,4,Less Selective (>75% or open),R1 (very high research)
220871,Memphis Theological Seminary,TN,2,1,2,2,9,24,24,51,,,,,,1,0,1,0,0,4,Less Selective (>75% or open),Bacc/Associate
220978,Middle Tennessee State University,TN,1,1,1,2,9,16,17,16,0.7254429592788312,12868.0,630.0,600.0,26.0,1,1,0,0,0,3,Moderately Selective (50-75%),R2 (high research)
220996,Middle Tennessee School of Anesthesia Inc,TN,2,1,2,2,9,26,26,53,,,,,,1,0,1,0,0,4,Less Selective (>75% or open),Mixed Spec-Focus
221050,Tennessee College of Applied Technology-Morristown,TN,4,2,1,2,4,-2,-2,-2,,,,,,0,1,0,0,0,5,2-year/Associate,Other
221096,Motlow State Community College,TN,4,2,1,2,3,1,1,40,,,,,,0,1,0,0,0,5,2-year/Associate,Associate / CC
221102,Tennessee College of Applied Technology-Murfreesboro,TN,4,2,1,2,4,-2,-2,-2,,,,,,0,1,0,0,0,5,2-year/Associate,Other
221148,Lincoln College of Technology-Nashville,TN,6,2,3,2,4,11,11,40,,,,,,0,0,0,1,0,5,2-year/Associate,Associate / CC
221184,Nashville State Community College,TN,4,2,1,2,3,1,1,40,,,,,,0,1,0,0,0,5,2-year/Associate,Associate / CC
221236,Tennessee College of Applied Technology Northwest,TN,4,2,1,2,4,-2,-2,-2,,,,,,0,1,0,0,0,5,2-year/Associate,Other
221281,Tennessee College of Applied Technology-Henry/Carroll,TN,4,2,1,2,4,-2,-2,-2,,,,,,0,1,0,0,0,5,2-year/Associate,Other
221333,Tennessee College of Applied Technology-Pulaski,TN,4,2,1,2,4,-2,-2,-2,,,,,,0,1,0,0,0,5,2-year/Associate,Other
221351,Rhodes College,TN,2,1,2,2,7,21,21,31,0.53912050256996,5253.0,730.0,740.0,32.0,1,0,1,0,0,3,Moderately Selective (50-75%),Bacc Arts & Sciences
221388,Tennessee College of Applied Technology-Ripley,TN,4,2,1,2,4,-2,-2,-2,,,,,,0,1,0,0,0,5,2-year/Associate,Other
221397,Roane State Community College,TN,4,2,1,2,3,1,1,40,,,,,,0,1,0,0,0,5,2-year/Associate,Associate / CC
221430,Tennessee College of Applied Technology-Crump,TN,4,2,1,2,4,-2,-2,-2,,,,,,0,1,0,0,0,5,2-year/Associate,Other
221485,Southwest Tennessee Community College,TN,4,2,1,2,3,1,1,40,,,,,,0,1,0,0,0,5,2-year/Associate,Associate / CC
221494,Tennessee College of Applied Technology-Shelbyville,TN,4,2,1,2,4,-2,-2,-2,,,,,,0,1,0,0,0,5,2-year/Associate,Other
221519,The University of the South,TN,2,1,2,2,9,21,21,31,0.5231542158147663,4578.0,710.0,670.0,32.0,1,0,1,0,0,3,Moderately Selective (50-75%),Bacc Arts & Sciences
221582,Tennessee College of Applied Technology-Oneida-Huntsville,TN,4,2,1,2,4,-2,-2,-2,,,,,,0,1,0,0,0,5,2-year/Associate,Other
221591,Tennessee College of Applied Technology-Crossville,TN,4,2,1,2,4,-2,-2,-2,,,,,,0,1,0,0,0,5,2-year/Associate,Other
221607,Tennessee College of Applied Technology-McMinnville,TN,4,2,1,2,4,-2,-2,-2,,,,,,0,1,0,0,0,5,2-year/Associate,Other
221616,Tennessee College of Applied Technology-Jackson,TN,4,2,1,2,4,-2,-2,-2,,,,,,0,1,0,0,0,5,2-year/Associate,Other
221625,Tennessee College of Applied Technology-Knoxville,TN,4,2,1,2,4,-2,-2,-2,,,,,,0,1,0,0,0,5,2-year/Associate,Other
221643,Pellissippi State Community College,TN,4,2,1,2,3,1,2,40,,,,,,0,1,0,0,0,5,2-year/Associate,Associate / CC
221661,Southern Adventist University,TN,2,1,2,2,9,19,19,32,0.6578313253012048,2490.0,650.0,630.0,26.0,1,0,1,0,0,3,Moderately Selective (50-75%),Master's University
221670,Southern College of Optometry,TN,2,1,2,2,9,26,26,53,,,,,,1,0,1,0,0,4,Less Selective (>75% or open),Mixed Spec-Focus
221731,Tennessee Wesleyan University,TN,2,1,2,2,7,22,22,32,0.6074380165289256,968.0,560.0,590.0,24.0,1,0,1,0,0,3,Moderately Selective (50-75%),Bacc Diverse Fields
221740,The University of Tennessee-Chattanooga,TN,1,1,1,2,9,17,17,21,0.8264829239065309,8345.0,620.0,590.0,26.0,1,1,0,0,0,4,Less Selective (>75% or open),Doctoral / Pro
221759,The University of Tennessee-Knoxville,TN,1,1,1,2,9,15,15,15,0.6841003031138054,36290.0,660.0,670.0,31.0,1,1,0,0,0,3,Moderately Selective (50-75%),R1 (very high research)
221768,The University of Tennessee-Martin,TN,1,1,1,2,7,19,20,21,0.8844056706652127,5502.0,630.0,610.0,25.0,1,1,0,0,0,4,Less Selective (>75% or open),Master's University
221829,Tennessee School of Beauty of Knoxville Inc,TN,9,3,3,2,2,-2,-2,-2,,,,,,0,0,0,1,0,5,2-year/Associate,Other
221838,Tennessee State University,TN,1,1,1,1,9,16,16,16,,,,,,1,1,0,0,1,4,Less Selective (>75% or open),R2 (high research)
221847,Tennessee Technological University,TN,1,1,1,2,9,16,16,21,0.781020888089639,7229.0,,,30.0,1,1,0,0,0,4,Less Selective (>75% or open),R2 (high research)
221892,Trevecca Nazarene University,TN,2,1,2,2,9,17,17,21,0.7086851628468034,1658.0,630.0,620.0,25.0,1,0,1,0,0,3,Moderately Selective (50-75%),Doctoral / Pro
221908,Northeast State Community College,TN,4,2,1,2,3,4,4,40,,,,,,0,1,0,0,0,5,2-year/Associate,Associate / CC
221953,Tusculum University,TN,2,1,2,2,8,19,19,22,0.8108108108108109,1369.0,550.0,560.0,22.0,1,0,1,0,0,4,Less Selective (>75% or open),Master's University
221971,Union University,TN,2,1,2,2,9,17,17,22,0.5255371609721733,2839.0,700.0,670.0,30.0,1,0,1,0,0,3,Moderately Selective (50-75%),Doctoral / Pro
221999,Vanderbilt University,TN,2,1,2,2,9,15,15,15,0.06669254156154991,46377.0,770.0,800.0,35.0,1,0,1,0,0,0,Elite (<10%),R1 (very high research)
222053,Volunteer State Community College,TN,4,2,1,2,3,1,1,40,,,,,,0,1,0,0,0,5,2-year/Associate,Associate / CC
222062,Walters State Community College,TN,4,2,1,2,3,1,1,40,,,,,,0,1,0,0,0,5,2-year/Associate,Associate / CC
222105,William R Moore College of Technology,TN,5,2,2,2,4,9,11,-2,,,,,,0,0,1,0,0,5,2-year/Associate,Associate / CC
222178,Abilene Christian University,TX,2,1,2,2,9,17,18,21,0.65793693212186,11226.0,650.0,630.0,28.0,1,0,1,0,0,3,Moderately Selective (50-75%),Doctoral / Pro
222497,Alamo Community College District Central Office,TX,0,1,1,2,5,-2,-2,-2,,,,,,1,1,0,0,0,4,Less Selective (>75% or open),Other
222567,Alvin Community College,TX,4,2,1,2,4,9,6,40,,,,,,0,1,0,0,0,5,2-year/Associate,Associate / CC
222576,Amarillo College,TX,4,2,1,2,3,4,4,40,,,,,,0,1,0,0,0,5,2-year/Associate,Associate / CC
222628,Amberton University,TX,2,1,2,2,7,18,18,55,,,,,,1,0,1,0,0,4,Less Selective (>75% or open),Master's University
222822,Angelina College,TX,4,2,1,2,3,5,8,40,,,,,,0,1,0,0,0,5,2-year/Associate,Associate / CC
222831,Angelo State University,TX,1,1,1,2,9,18,18,21,0.7913993822760751,4209.0,580.0,560.0,24.0,1,1,0,0,0,4,Less Selective (>75% or open),Master's University
222877,Arlington Baptist University,TX,2,1,2,2,7,22,24,51,,,,,,1,0,1,0,0,4,Less Selective (>75% or open),Bacc Diverse Fields
222886,Arlington Career Institute,TX,6,2,3,2,4,-2,-2,-2,,,,,,0,0,0,1,0,5,2-year/Associate,Other
222938,The Art Institute of Houston,TX,3,1,3,2,5,22,30,40,,,,,,1,0,0,1,0,4,Less Selective (>75% or open),Bacc Diverse Fields
222983,Austin College,TX,2,1,2,2,7,21,21,31,0.5437211093990755,5192.0,690.0,680.0,30.0,1,0,1,0,0,3,Moderately Selective (50-75%),Bacc Arts & Sciences
222992,Austin Community College District,TX,1,1,1,2,5,14,5,40,,,,,,1,1,0,0,0,4,Less Selective (>75% or open),Associate / CC
223001,Austin Presbyterian Theological Seminary,TX,2,1,2,2,9,24,24,51,,,,,,1,0,1,0,0,4,Less Selective (>75% or open),Bacc/Associate
223056,Baldwin Beauty School-South Austin,TX,9,3,3,2,2,-2,-2,-2,,,,,,0,0,0,1,0,5,2-year/Associate,Other
223083,Baptist Health System School of Health Professions,TX,3,1,3,2,5,26,26,-2,,,,,,1,0,0,1,0,4,Less Selective (>75% or open),Mixed Spec-Focus
223117,Baptist Missionary Association Theological Seminary,TX,2,1,2,2,7,24,24,51,0.7,20.0,,,,1,0,1,0,0,4,Less Selective (>75% or open),Bacc/Associate
223223,Baylor College of Medicine,TX,2,1,2,2,9,27,25,52,,,,,,1,0,1,0,0,4,Less Selective (>75% or open),Mixed Spec-Focus
223232,Baylor University,TX,2,1,2,2,9,15,16,16,0.4588373862046966,40753.0,700.0,710.0,33.0,1,0,1,0,0,2,Selective (25-50%),R1 (very high research)
223320,Coastal Bend College,TX,4,2,1,2,4,9,9,40,,,,,,0,1,0,0,0,5,2-year/Associate,Associate / CC
223427,Blinn College District,TX,4,2,1,2,3,1,1,40,,,,,,0,1,0,0,0,5,2-year/Associate,Associate / CC
223463,Remington College-Dallas Campus,TX,2,1,2,2,5,14,23,-2,,,,,,1,0,1,0,0,4,Less Selective (>75% or open),Associate / CC
223472,Vet Tech Institute of Houston,TX,6,2,3,2,3,10,10,-2,0.6857142857142857,70.0,,,,0,0,0,1,0,5,2-year/Associate,Associate / CC
223506,Brazosport College,TX,1,1,1,2,5,14,23,40,,,,,,1,1,0,0,0,4,Less Selective (>75% or open),Associate / CC
223816,Central Texas College,TX,4,2,1,2,3,6,3,40,,,,,,0,1,0,0,0,5,2-year/Associate,Associate / CC
223852,Charles and Sues School of Hair Design,TX,9,3,3,2,2,-2,-2,-2,,,,,,0,0,0,1,0,5,2-year/Associate,Other
223898,Cisco College,TX,4,2,1,2,3,4,4,40,,,,,,0,1,0,0,0,5,2-year/Associate,Associate / CC
223922,Clarendon College,TX,4,2,1,2,3,9,8,40,,,,,,0,1,0,0,0,5,2-year/Associate,Associate / CC
224004,Concordia University Texas,TX,2,1,2,2,9,18,18,32,0.8573700954400848,1886.0,620.0,570.0,,1,0,1,0,0,4,Less Selective (>75% or open),Master's University
224013,BK Cosmo College of Cosmetology,TX,9,3,3,2,2,-2,-2,-2,,,,,,0,0,0,1,0,5,2-year/Associate,Other
224110,North Central Texas College,TX,4,2,1,2,3,6,4,40,,,,,,0,1,0,0,0,5,2-year/Associate,Associate / CC
224147,Texas A & M University-Corpus Christi,TX,1,1,1,2,9,16,16,21,0.8797054981593635,8421.0,610.0,590.0,24.0,1,1,0,0,0,4,Less Selective (>75% or open),R2 (high research)
224156,Paul Mitchell the School-Dallas,TX,9,3,3,2,2,-2,-2,-2,,,,,,0,0,0,1,0,5,2-year/Associate,Other
224226,Dallas Baptist University,TX,2,1,2,2,9,17,17,21,0.913722267871816,8519.0,610.0,590.0,25.0,1,0,1,0,0,4,Less Selective (>75% or open),Doctoral / Pro
224244,Dallas Christian College,TX,2,1,2,2,7,22,24,51,0.5,354.0,520.0,557.0,,1,0,1,0,0,4,Less Selective (>75% or open),Bacc Diverse Fields
224271,Dallas Institute of Funeral Service,TX,5,2,2,2,3,12,12,40,,,,,,0,0,1,0,0,5,2-year/Associate,Associate / CC
224305,Dallas Theological Seminary,TX,2,1,2,2,9,24,24,51,,,,,,1,0,1,0,0,4,Less Selective (>75% or open),Bacc/Associate
224323,University of Dallas,TX,2,1,2,2,9,18,18,31,0.586951474344091,4307.0,720.0,680.0,31.0,1,0,1,0,0,3,Moderately Selective (50-75%),Master's University
224350,Del Mar College,TX,1,1,1,2,5,7,7,40,,,,,,1,1,0,0,0,4,Less Selective (>75% or open),Associate / CC
224527,East Texas Baptist University,TX,2,1,2,2,7,20,22,32,0.6770186335403726,1449.0,,,,1,0,1,0,0,3,Moderately Selective (50-75%),Master's University
224545,Texas A&M University-Texarkana,TX,1,1,1,2,9,19,19,21,0.9147670961347869,2018.0,570.0,570.0,22.0,1,1,0,0,0,4,Less Selective (>75% or open),Master's University
224554,Texas A & M University-Commerce,TX,1,1,1,2,9,17,17,16,0.8644760751059963,6604.0,590.0,560.0,23.0,1,1,0,0,0,4,Less Selective (>75% or open),Doctoral / Pro
224615,Dallas College,TX,1,1,1,2,5,6,9,40,,,,,,1,1,0,0,0,4,Less Selective (>75% or open),Associate / CC
224642,El Paso Community College,TX,4,2,1,2,3,1,1,40,,,,,,0,1,0,0,0,5,2-year/Associate,Associate / CC
224660,Western Technical College,TX,3,1,3,2,7,14,7,-2,,,,,,1,0,0,1,0,4,Less Selective (>75% or open),Associate / CC
224679,Western Technical College,TX,3,1,3,2,5,14,11,40,,,,,,1,0,0,1,0,4,Less Selective (>75% or open),Associate / CC
224712,Episcopal Theological Seminary of the Southwest,TX,2,1,2,2,7,24,24,51,,,,,,1,0,1,0,0,4,Less Selective (>75% or open),Bacc/Associate
224758,Exposito School of Hair Design,TX,9,3,3,2,2,-2,-2,-2,,,,,,0,0,0,1,0,5,2-year/Associate,Other
224776,Miami International University of Art & Design-Art Institute Dallas,TX,3,1,3,2,7,22,30,40,,,,,,1,0,0,1,0,4,Less Selective (>75% or open),Bacc Diverse Fields
224828,Fort Worth Beauty School,TX,9,3,3,2,2,-2,-2,-2,,,,,,0,0,0,1,0,5,2-year/Associate,Other
224891,Frank Phillips College,TX,4,2,1,2,3,3,3,40,,,,,,0,1,0,0,0,5,2-year/Associate,Associate / CC
224961,Galveston College,TX,1,1,1,2,5,8,5,40,,,,,,1,1,0,0,0,4,Less Selective (>75% or open),Associate / CC
225043,Graham's Barber College,TX,9,3,3,2,2,-2,-2,-2,,,,,,0,0,0,1,0,5,2-year/Associate,Other
225070,Grayson College,TX,1,1,1,2,5,8,5,40,,,,,,1,1,0,0,0,4,Less Selective (>75% or open),Associate / CC
225201,Hallmark University,TX,2,1,2,2,7,22,23,40,0.5288753799392097,329.0,,,,1,0,1,0,0,4,Less Selective (>75% or open),Bacc Diverse Fields
225247,Hardin-Simmons University,TX,2,1,2,2,9,17,19,21,0.8824546240276577,2314.0,608.0,590.0,24.0,1,0,1,0,0,4,Less Selective (>75% or open),Doctoral / Pro
225308,Trinity Valley Community College,TX,1,1,1,2,5,4,6,40,,,,,,1,1,0,0,0,4,Less Selective (>75% or open),Associate / CC
225371,Hill College,TX,4,2,1,2,4,3,6,40,,,,,,0,1,0,0,0,5,2-year/Associate,Associate / CC
225399,Houston Christian University,TX,2,1,2,2,9,18,18,21,0.8448040553714175,10258.0,620.0,610.0,26.0,1,0,1,0,0,4,Less Selective (>75% or open),Master's University
225414,University of Houston-Clear Lake,TX,1,1,1,2,9,17,18,21,0.6937027707808564,1985.0,583.0,590.0,23.0,1,1,0,0,0,3,Moderately Selective (50-75%),Doctoral / Pro
225423,Houston Community College,TX,1,1,1,2,5,1,1,40,,,,,,1,1,0,0,0,4,Less Selective (>75% or open),Associate / CC
225432,University of Houston-Downtown,TX,1,1,1,2,7,18,18,32,0.8841950742130158,6131.0,550.0,550.0,20.0,1,1,0,0,0,4,Less Selective (>75% or open),Master's University
225502,University of Houston-Victoria,TX,1,1,1,2,7,18,18,21,0.8213197969543147,1970.0,,,,1,1,0,0,0,4,Less Selective (>75% or open),Master's University
225511,University of Houston,TX,1,1,1,2,9,15,15,15,0.662391297048652,29783.0,660.0,670.0,29.0,1,1,0,0,0,3,Moderately Selective (50-75%),R1 (very high research)
225520,Howard College,TX,4,2,1,2,3,6,3,40,,,,,,0,1,0,0,0,5,2-year/Associate,Associate / CC
225548,Howard Payne University,TX,2,1,2,2,7,22,22,32,0.6228710462287105,1233.0,580.0,550.0,22.0,1,0,1,0,0,3,Moderately Selective (50-75%),Bacc Diverse Fields
225575,Huston-Tillotson University,TX,2,1,2,1,7,22,22,32,0.5193633952254642,1885.0,500.0,500.0,20.0,1,0,1,0,1,3,Moderately Selective (50-75%),Bacc Diverse Fields
225627,University of the Incarnate Word,TX,2,1,2,2,9,17,17,21,0.942025974025974,9625.0,580.0,553.0,23.0,1,0,1,0,0,4,Less Selective (>75% or open),Doctoral / Pro
225876,Jacksonville College-Main Campus,TX,5,2,2,2,4,3,3,40,,,,,,0,0,1,0,0,5,2-year/Associate,Associate / CC
225885,Jarvis Christian University,TX,2,1,2,1,7,22,22,32,,,,,,1,0,1,0,1,4,Less Selective (>75% or open),Bacc Diverse Fields
225991,KD Conservatory College of Film and Dramatic Arts,TX,6,2,3,2,3,12,12,40,0.8620689655172413,29.0,,,,0,0,0,1,0,5,2-year/Associate,Associate / CC
226019,Kilgore College,TX,4,2,1,2,3,5,7,40,,,,,,0,1,0,0,0,5,2-year/Associate,Associate / CC
226091,Lamar University,TX,1,1,1,2,9,17,17,21,0.8373028644995172,6214.0,520.0,510.0,19.0,1,1,0,0,0,4,Less Selective (>75% or open),Doctoral / Pro
226107,Lamar State College-Orange,TX,4,2,1,2,4,8,8,40,,,,,,0,1,0,0,0,5,2-year/Associate,Associate / CC
226116,Lamar State College-Port Arthur,TX,4,2,1,2,3,7,7,40,,,,,,0,1,0,0,0,5,2-year/Associate,Associate / CC
226125,Laredo Beauty College Inc,TX,9,3,3,2,2,-2,-2,-2,,,,,,0,0,0,1,0,5,2-year/Associate,Other
226134,Laredo College,TX,1,1,1,2,5,14,4,40,,,,,,1,1,0,0,0,4,Less Selective (>75% or open),Associate / CC
226152,Texas A & M International University,TX,1,1,1,2,9,18,18,21,0.4788481141692151,7848.0,570.0,540.0,21.0,1,1,0,0,0,2,Selective (25-50%),Master's University
226204,Lee College,TX,4,2,1,2,3,7,7,40,,,,,,0,1,0,0,0,5,2-year/Associate,Associate / CC
226231,LeTourneau University,TX,2,1,2,2,7,19,19,22,0.48833333333333334,3000.0,690.0,690.0,29.0,1,0,1,0,0,2,Selective (25-50%),Master's University
226277,Lincoln College of Technology-Grand Prairie,TX,6,2,3,2,4,11,11,-2,,,,,,0,0,0,1,0,5,2-year/Associate,Associate / CC
226383,Lubbock Christian University,TX,2,1,2,2,9,19,19,32,0.8158878504672897,1070.0,590.0,600.0,24.0,1,0,1,0,0,4,Less Selective (>75% or open),Master's University
226408,College of the Mainland,TX,1,1,1,2,5,6,8,40,,,,,,1,1,0,0,0,4,Less Selective (>75% or open),Associate / CC
226471,University of Mary Hardin-Baylor,TX,2,1,2,2,9,17,18,21,0.9566956387970156,13001.0,610.0,590.0,27.0,1,0,1,0,0,4,Less Selective (>75% or open),Doctoral / Pro
226578,McLennan Community College,TX,4,2,1,2,3,3,2,40,,,,,,0,1,0,0,0,5,2-year/Associate,Associate / CC
226587,McMurry University,TX,2,1,2,2,7,22,22,32,0.5650319829424307,2345.0,620.0,610.0,25.0,1,0,1,0,0,3,Moderately Selective (50-75%),Bacc Diverse Fields
226675,Covenant School of Nursing and Allied Health,TX,5,2,2,2,4,-2,-2,-2,,,,,,0,0,1,0,0,5,2-year/Associate,Other
226806,Midland College,TX,1,1,1,2,5,14,14,40,,,,,,1,1,0,0,0,4,Less Selective (>75% or open),Associate / CC
226833,Midwestern State University,TX,1,1,1,2,9,18,18,21,0.9242781913927728,5507.0,,,,1,1,0,0,0,4,Less Selective (>75% or open),Master's University
226860,William Edge Institute,TX,9,3,3,2,2,-2,-2,-2,,,,,,0,0,0,1,0,5,2-year/Associate,Other
226879,Wade College,TX,3,1,3,2,5,22,23,40,,,,,,1,0,0,1,0,4,Less Selective (>75% or open),Bacc Diverse Fields
226903,Southern Careers Institute-Austin,TX,6,2,3,2,3,13,-2,-2,,,,,,0,0,0,1,0,5,2-year/Associate,Associate / CC
227058,Tint School of Makeup & Cosmetology,TX,9,3,3,2,2,-2,-2,-2,,,,,,0,0,0,1,0,5,2-year/Associate,Other
227146,Navarro College,TX,1,1,1,2,5,4,4,40,,,,,,1,1,0,0,0,4,Less Selective (>75% or open),Associate / CC
227182,Lone Star College System,TX,1,1,1,2,5,2,2,40,,,,,,1,1,0,0,0,4,Less Selective (>75% or open),Associate / CC
227216,University of North Texas,TX,1,1,1,2,9,15,15,15,0.7913230884557722,32016.0,630.0,610.0,27.0,1,1,0,0,0,4,Less Selective (>75% or open),R1 (very high research)
227225,Northeast Texas Community College,TX,4,2,1,2,3,5,6,40,,,,,,0,1,0,0,0,5,2-year/Associate,Associate / CC
227289,Oblate School of Theology,TX,2,1,2,2,9,24,24,51,,,,,,1,0,1,0,0,4,Less Selective (>75% or open),Bacc/Associate
227298,Ocean Corporation,TX,9,3,3,2,1,-2,-2,-2,,,,,,0,0,0,1,0,5,2-year/Associate,Other
227304,Odessa College,TX,1,1,1,2,5,6,5,40,,,,,,1,1,0,0,0,4,Less Selective (>75% or open),Associate / CC
227313,Ogle School Hair Skin Nails-Arlington,TX,9,3,3,2,2,-2,-2,-2,,,,,,0,0,0,1,0,5,2-year/Associate,Other
227322,Ogle School Hair Skin Nails-Ft Worth,TX,9,3,3,2,2,-2,-2,-2,,,,,,0,0,0,1,0,5,2-year/Associate,Other
227331,Our Lady of the Lake University,TX,2,1,2,2,9,17,17,21,,,,,,1,0,1,0,0,4,Less Selective (>75% or open),Doctoral / Pro
227368,The University of Texas Rio Grande Valley,TX,1,1,1,2,9,16,16,21,0.8769644935972061,13744.0,570.0,520.0,22.0,1,1,0,0,0,4,Less Selective (>75% or open),R2 (high research)
227377,Texas Southmost College,TX,4,2,1,2,3,3,6,21,,,,,,0,1,0,0,0,5,2-year/Associate,Associate / CC
227386,Panola College,TX,4,2,1,2,3,5,5,40,,,,,,0,1,0,0,0,5,2-year/Associate,Associate / CC
227401,Paris Junior College,TX,4,2,1,2,3,3,6,40,,,,,,0,1,0,0,0,5,2-year/Associate,Associate / CC
227429,Paul Quinn College,TX,2,1,2,1,7,22,22,32,0.57275390625,2048.0,,,,1,0,1,0,1,3,Moderately Selective (50-75%),Bacc Diverse Fields
227526,Prairie View A & M University,TX,1,1,1,1,9,16,18,21,0.7606747496046389,5691.0,530.0,520.0,21.0,1,1,0,0,1,4,Less Selective (>75% or open),R2 (high research)
227687,Ranger College,TX,4,2,1,2,3,1,1,40,,,,,,0,1,0,0,0,5,2-year/Associate,Associate / CC
227748,Aviation Institute of Maintenance-Houston,TX,6,2,3,2,4,-2,-2,-2,,,,,,0,0,0,1,0,5,2-year/Associate,Other
227757,Rice University,TX,2,1,2,2,9,15,15,15,0.08682377635721782,31443.0,770.0,800.0,36.0,1,0,1,0,0,0,Elite (<10%),R1 (very high research)
227845,Saint Edward's University,TX,2,1,2,2,9,18,18,22,0.8510390689941812,6015.0,650.0,620.0,27.0,1,0,1,0,0,4,Less Selective (>75% or open),Master's University
227854,St Philip's College,TX,4,2,1,1,3,6,9,40,,,,,,0,1,0,0,1,5,2-year/Associate,Associate / CC
227863,University of St Thomas,TX,2,1,2,2,9,17,18,21,0.9670525378450578,1123.0,640.0,660.0,29.0,1,0,1,0,0,4,Less Selective (>75% or open),Doctoral / Pro
227881,Sam Houston State University,TX,1,1,1,2,9,16,17,21,0.8463471439078205,16316.0,580.0,560.0,24.0,1,1,0,0,0,4,Less Selective (>75% or open),R2 (high research)
227924,San Antonio College,TX,1,1,1,2,5,2,3,40,,,,,,1,1,0,0,0,4,Less Selective (>75% or open),Associate / CC
227979,San Jacinto Community College,TX,1,1,1,2,5,8,5,40,,,,,,1,1,0,0,0,4,Less Selective (>75% or open),Associate / CC
228042,Schreiner University,TX,2,1,2,2,8,20,22,31,0.851952770208901,2202.0,,,,1,0,1,0,0,4,Less Selective (>75% or open),Master's University
228088,Seguin Beauty School-Seguin,TX,9,3,3,2,2,-2,-2,-2,,,,,,0,0,0,1,0,5,2-year/Associate,Other
228149,St. Mary's University,TX,2,1,2,2,9,18,18,21,0.8621717265785063,5369.0,,,,1,0,1,0,0,4,Less Selective (>75% or open),Master's University
228158,South Plains College,TX,4,2,1,2,3,1,5,40,,,,,,0,1,0,0,0,5,2-year/Associate,Associate / CC
228185,South Texas Barber College Inc,TX,9,3,3,2,2,-2,-2,-2,,,,,,0,0,0,1,0,5,2-year/Associate,Other
228194,South Texas College of Law Houston,TX,2,1,2,2,9,31,31,57,,,,,,1,0,1,0,0,4,Less Selective (>75% or open),Special Focus
228200,South Texas Vocational Technical Institute-Weslaco,TX,9,3,3,2,2,-2,-2,-2,,,,,,0,0,0,1,0,5,2-year/Associate,Other
228219,Miller-Motte College-STVT-McAllen,TX,9,3,3,2,2,-2,-2,-2,,,,,,0,0,0,1,0,5,2-year/Associate,Other
228246,Southern Methodist University,TX,2,1,2,2,9,16,16,15,0.5225386996904025,16150.0,740.0,770.0,34.0,1,0,1,0,0,3,Moderately Selective (50-75%),R2 (high research)
228282,Southwest School of Business and Technical Careers-San Antonio,TX,9,3,3,2,2,-2,-2,-2,,,,,,0,0,0,1,0,5,2-year/Associate,Other
228316,Southwest Texas Junior College,TX,4,2,1,2,3,3,2,40,,,,,,0,1,0,0,0,5,2-year/Associate,Associate / CC
228325,Southwestern Assemblies of God University,TX,2,1,2,2,9,20,20,51,0.8564593301435407,627.0,560.0,550.0,22.0,1,0,1,0,0,4,Less Selective (>75% or open),Master's University
228343,Southwestern University,TX,2,1,2,2,5,21,21,31,0.4479035450782797,5557.0,685.0,670.0,30.0,1,0,1,0,0,2,Selective (25-50%),Bacc Arts & Sciences
228431,Stephen F Austin State University,TX,1,1,1,2,9,18,17,21,0.8951126307320998,9944.0,590.0,570.0,24.0,1,1,0,0,0,4,Less Selective (>75% or open),Master's University
228459,Texas State University,TX,1,1,1,2,9,16,16,21,0.8770236612702366,28908.0,600.0,580.0,26.0,1,1,0,0,0,4,Less Selective (>75% or open),R2 (high research)
228468,Southwestern Adventist University,TX,2,1,2,2,7,22,22,32,0.5361613351877608,1438.0,600.0,580.0,24.0,1,0,1,0,0,3,Moderately Selective (50-75%),Bacc Diverse Fields
228486,Southwestern Christian College,TX,2,1,2,1,5,14,23,51,,,,,,1,0,1,0,1,4,Less Selective (>75% or open),Associate / CC
228501,Sul Ross State University,TX,1,1,1,2,7,18,18,21,0.9707112970711297,717.0,540.0,540.0,21.0,1,1,0,0,0,4,Less Selective (>75% or open),Master's University
228529,Tarleton State University,TX,1,1,1,2,9,16,18,21,0.8705943331029716,5788.0,580.0,570.0,24.0,1,1,0,0,0,4,Less Selective (>75% or open),R2 (high research)
228547,Tarrant County College District,TX,4,2,1,2,3,1,2,40,,,,,,0,1,0,0,0,5,2-year/Associate,Associate / CC
228608,Temple College,TX,4,2,1,2,3,4,4,40,,,,,,0,1,0,0,0,5,2-year/Associate,Associate / CC
228635,University of Texas Southwestern Medical Center,TX,1,1,1,2,9,27,25,52,,,,,,1,1,0,0,0,4,Less Selective (>75% or open),Mixed Spec-Focus
228644,The University of Texas Health Science Center at San Antonio,TX,1,1,1,2,9,27,25,52,,,,,,1,1,0,0,0,4,Less Selective (>75% or open),Mixed Spec-Focus
228653,The University of Texas Medical Branch at Galveston,TX,1,1,1,2,9,27,25,52,,,,,,1,1,0,0,0,4,Less Selective (>75% or open),Mixed Spec-Focus
228699,Texarkana College,TX,4,2,1,2,3,9,9,40,,,,,,0,1,0,0,0,5,2-year/Associate,Associate / CC
228705,Texas A & M University-Kingsville,TX,1,1,1,2,9,16,16,16,0.965499306518724,5768.0,640.0,570.0,,1,1,0,0,0,4,Less Selective (>75% or open),R2 (high research)
228723,Texas A & M University-College Station,TX,1,1,1,2,9,15,15,15,0.6264796646861038,43422.0,680.0,710.0,31.0,1,1,0,0,0,3,Moderately Selective (50-75%),R1 (very high research)
228732,Texas A & M University-System Office,TX,0,1,1,2,9,-2,-2,-2,,,,,,1,1,0,0,0,4,Less Selective (>75% or open),Other
228769,The University of Texas at Arlington,TX,1,1,1,2,9,15,15,15,0.8080407958839867,21963.0,620.0,620.0,26.0,1,1,0,0,0,4,Less Selective (>75% or open),R1 (very high research)
228778,The University of Texas at Austin,TX,1,1,1,2,9,15,15,15,0.3135459162434435,60055.0,730.0,770.0,33.0,1,1,0,0,0,2,Selective (25-50%),R1 (very high research)
228787,The University of Texas at Dallas,TX,1,1,1,2,9,15,15,16,0.8474418604651163,21500.0,700.0,730.0,32.0,1,1,0,0,0,4,Less Selective (>75% or open),R1 (very high research)
228796,The University of Texas at El Paso,TX,1,1,1,2,9,15,15,16,0.999237586962737,10493.0,550.0,540.0,22.0,1,1,0,0,0,4,Less Selective (>75% or open),R1 (very high research)
228802,The University of Texas at Tyler,TX,1,1,1,2,9,16,17,21,0.9387346120813055,3493.0,610.0,610.0,24.0,1,1,0,0,0,4,Less Selective (>75% or open),R2 (high research)
228866,Texas Chiropractic College Foundation Inc,TX,2,1,2,2,9,26,26,53,,,,,,1,0,1,0,0,4,Less Selective (>75% or open),Mixed Spec-Focus
228875,Texas Christian University,TX,2,1,2,2,9,16,16,16,0.5610298203370995,16197.0,680.0,680.0,31.0,1,0,1,0,0,3,Moderately Selective (50-75%),R2 (high research)
228884,Texas College,TX,2,1,2,1,5,22,22,32,,,,,,1,0,1,0,1,4,Less Selective (>75% or open),Bacc Diverse Fields
228909,University of North Texas Health Science Center,TX,1,1,1,2,9,25,25,52,,,,,,1,1,0,0,0,4,Less Selective (>75% or open),Bacc/Associate
228981,Texas Lutheran University,TX,2,1,2,2,9,22,22,32,0.9182561307901907,1835.0,630.0,590.0,27.0,1,0,1,0,0,4,Less Selective (>75% or open),Bacc Diverse Fields
229018,The University of Texas Permian Basin,TX,1,1,1,2,7,18,18,21,0.9471186440677966,1475.0,550.0,540.0,21.0,1,1,0,0,0,4,Less Selective (>75% or open),Master's University
229027,The University of Texas at San Antonio,TX,1,1,1,2,9,15,16,21,0.8689847606782571,23295.0,620.0,600.0,26.0,1,1,0,0,0,4,Less Selective (>75% or open),R1 (very high research)
229063,Texas Southern University,TX,1,1,1,1,9,16,16,16,0.9679561873689116,8582.0,510.0,490.0,19.0,1,1,0,0,1,4,Less Selective (>75% or open),R2 (high research)
229090,The University of Texas System Office,TX,0,1,1,2,9,-2,-2,-2,,,,,,1,1,0,0,0,4,Less Selective (>75% or open),Other
229115,Texas Tech University,TX,1,1,1,2,9,15,15,15,0.673361581920904,35400.0,640.0,640.0,28.0,1,1,0,0,0,3,Moderately Selective (50-75%),R1 (very high research)
229160,Texas Wesleyan University,TX,2,1,2,2,9,17,17,22,0.6092600605798356,4622.0,550.0,550.0,21.0,1,0,1,0,0,3,Moderately Selective (50-75%),Doctoral / Pro
229179,Texas Woman's University,TX,1,1,1,2,9,17,17,16,0.9363162228932199,7286.0,580.0,560.0,23.0,1,1,0,0,0,4,Less Selective (>75% or open),Doctoral / Pro
229267,Trinity University,TX,2,1,2,2,7,21,20,21,0.3050684812003838,11463.0,730.0,740.0,33.0,1,0,1,0,0,2,Selective (25-50%),Bacc Arts & Sciences
229300,The University of Texas Health Science Center at Houston,TX,1,1,1,2,9,27,25,52,,,,,,1,1,0,0,0,4,Less Selective (>75% or open),Mixed Spec-Focus
229337,Texas Tech University Health Sciences Center,TX,1,1,1,2,9,27,25,52,,,,,,1,1,0,0,0,4,Less Selective (>75% or open),Mixed Spec-Focus
229355,Tyler Junior College,TX,1,1,1,2,5,14,14,40,,,,,,1,1,0,0,0,4,Less Selective (>75% or open),Associate / CC
229407,University of Houston-System Administration,TX,0,1,1,2,9,-2,-2,-2,,,,,,1,1,0,0,0,4,Less Selective (>75% or open),Other
229416,Universal Technical Institute of Texas Inc.,TX,6,2,3,2,4,-2,-2,40,,,,,,0,0,0,1,0,5,2-year/Associate,Other
229425,UCAS University of Cosmetology Arts & Sciences-McAllen,TX,9,3,3,2,2,-2,-2,-2,,,,,,0,0,0,1,0,5,2-year/Associate,Other
229504,Vernon College,TX,4,2,1,2,3,4,6,40,,,,,,0,1,0,0,0,5,2-year/Associate,Associate / CC
229522,Victoria Beauty & Barber College,TX,9,3,3,2,2,-2,-2,-2,,,,,,0,0,0,1,0,5,2-year/Associate,Other
229540,Victoria College,TX,4,2,1,2,3,4,4,40,,,,,,0,1,0,0,0,5,2-year/Associate,Associate / CC
229656,Vogue College of Cosmetology-McAllen,TX,9,3,3,2,2,-2,-2,-2,,,,,,0,0,0,1,0,5,2-year/Associate,Other
229780,Wayland Baptist University,TX,2,1,2,2,9,18,18,21,0.6971777269260107,1311.0,,,,1,0,1,0,0,3,Moderately Selective (50-75%),Master's University
229799,Weatherford College,TX,1,1,1,2,5,4,4,40,,,,,,1,1,0,0,0,4,Less Selective (>75% or open),Associate / CC
229814,West Texas A & M University,TX,1,1,1,2,9,18,18,21,0.91629392971246,4695.0,570.0,580.0,23.0,1,1,0,0,0,4,Less Selective (>75% or open),Master's University
229832,Western Texas College,TX,4,2,1,2,3,3,3,40,,,,,,0,1,0,0,0,5,2-year/Associate,Associate / CC
229841,Wharton County Junior College,TX,4,2,1,2,3,7,4,40,,,,,,0,1,0,0,0,5,2-year/Associate,Associate / CC
229887,Wiley University,TX,2,1,2,1,5,22,22,32,,,,,,1,0,1,0,1,4,Less Selective (>75% or open),Bacc Diverse Fields
230010,Bridgerland Technical College,UT,7,3,1,2,2,-2,-2,-2,,,,,,0,1,0,0,0,5,2-year/Associate,Other
230038,Brigham Young University,UT,2,1,2,2,9,16,16,15,0.6667298039587082,10559.0,728.0,740.0,32.0,1,0,1,0,0,3,Moderately Selective (50-75%),R2 (high research)
230047,Brigham Young University-Hawaii,HI,2,1,2,2,5,22,22,32,0.34212305611899935,1479.0,628.0,608.0,26.0,1,0,1,0,0,2,Selective (25-50%),Bacc Diverse Fields
230065,Cameo College of Essential Beauty,UT,9,3,3,2,2,-2,-2,-2,,,,,,0,0,0,1,0,5,2-year/Associate,Other
230144,Collectiv Academy,UT,9,3,3,2,2,-2,-2,-2,,,,,,0,0,0,1,0,5,2-year/Associate,Other
230162,Davis Technical College,UT,7,3,1,2,2,-2,-2,-2,,,,,,0,1,0,0,0,5,2-year/Associate,Other
230171,Utah Tech University,UT,1,1,1,2,7,22,23,40,,,,,,1,1,0,0,0,4,Less Selective (>75% or open),Bacc Diverse Fields
230199,Evans Hairstyling College-Cedar City,UT,6,2,3,2,4,-2,-2,-2,,,,,,0,0,0,1,0,5,2-year/Associate,Other
230205,Evans Hairstyling College-St George,UT,6,2,3,2,4,-2,-2,-2,,,,,,0,0,0,1,0,5,2-year/Associate,Other
230214,Paul Mitchell the School-Salt Lake City,UT,9,3,3,2,2,-2,-2,-2,,,,,,0,0,0,1,0,5,2-year/Associate,Other
230366,Eagle Gate College-Murray,UT,3,1,3,2,7,26,23,-2,,,,,,1,0,0,1,0,4,Less Selective (>75% or open),Mixed Spec-Focus
230418,Ensign College,UT,2,1,2,2,5,1,4,40,,,,,,1,0,1,0,0,4,Less Selective (>75% or open),Associate / CC
230490,Ogden-Weber Technical College,UT,7,3,1,2,2,-2,-2,-2,,,,,,0,1,0,0,0,5,2-year/Associate,Other
230597,Snow College,UT,1,1,1,2,5,14,14,40,,,,,,1,1,0,0,0,4,Less Selective (>75% or open),Associate / CC
230603,Southern Utah University,UT,1,1,1,2,9,18,18,22,0.8385029617662897,18570.0,,,,1,1,0,0,0,4,Less Selective (>75% or open),Master's University
230676,Uintah Basin Technical College,UT,7,3,1,2,2,-2,-2,-2,,,,,,0,1,0,0,0,5,2-year/Associate,Other
230728,Utah State University,UT,1,1,1,2,9,15,16,15,0.9372705208787105,16069.0,660.0,640.0,27.0,1,1,0,0,0,4,Less Selective (>75% or open),R1 (very high research)
230737,Utah Valley University,UT,1,1,1,2,7,18,20,33,,,,,,1,1,0,0,0,4,Less Selective (>75% or open),Master's University
230746,Salt Lake Community College,UT,4,2,1,2,3,2,2,40,,,,,,0,1,0,0,0,5,2-year/Associate,Associate / CC
230764,University of Utah,UT,1,1,1,2,9,15,15,15,0.8912775246772969,21072.0,690.0,700.0,29.0,1,1,0,0,0,4,Less Selective (>75% or open),R1 (very high research)
230782,Weber State University,UT,1,1,1,2,9,18,18,22,,,,,,1,1,0,0,0,4,Less Selective (>75% or open),Master's University
230807,Westminster University,UT,2,1,2,2,9,19,18,21,0.6975056689342404,2205.0,700.0,673.0,29.0,1,0,1,0,0,3,Moderately Selective (50-75%),Master's University
230816,Bennington College,VT,2,1,2,2,7,21,21,31,0.45305248125669406,2801.0,700.0,670.0,33.0,1,0,1,0,0,2,Selective (25-50%),Bacc Arts & Sciences
230834,Castleton University,VT,1,1,1,2,8,20,22,22,0.8051364365971108,3115.0,620.0,590.0,26.0,1,1,0,0,0,4,Less Selective (>75% or open),Master's University
230852,Champlain College,VT,2,1,2,2,7,18,18,33,0.5567723342939481,6940.0,698.0,650.0,31.0,1,0,1,0,0,3,Moderately Selective (50-75%),Master's University
230861,Community College of Vermont,VT,4,2,1,2,3,6,5,40,,,,,,0,1,0,0,0,5,2-year/Associate,Associate / CC
230889,Goddard College,VT,2,1,2,2,7,20,19,21,0.8571428571428571,21.0,,,,1,0,1,0,0,4,Less Selective (>75% or open),Master's University
230913,Northern Vermont University,VT,1,1,1,2,8,20,20,21,0.7288023754536457,3031.0,,,,1,1,0,0,0,3,Moderately Selective (50-75%),Master's University
230959,Middlebury College,VT,2,1,2,2,9,21,21,31,0.12693020382952439,12952.0,760.0,780.0,35.0,1,0,1,0,0,1,Highly Selective (10-25%),Bacc Arts & Sciences
230995,Norwich University,VT,2,1,2,2,8,18,18,21,0.8261480787253983,4268.0,,,,1,0,1,0,0,4,Less Selective (>75% or open),Master's University
231004,O'Briens Aveda Institute,VT,9,3,3,2,2,-2,-2,-2,,,,,,0,0,0,1,0,5,2-year/Associate,Other
231059,Saint Michael's College,VT,2,1,2,2,8,21,21,21,0.8514851485148515,2626.0,678.0,637.0,30.0,1,0,1,0,0,4,Less Selective (>75% or open),Bacc Arts & Sciences
231068,SIT Graduate Institute,VT,2,1,2,2,9,20,19,22,,,,,,1,0,1,0,0,4,Less Selective (>75% or open),Master's University
231095,Sterling College,VT,2,1,2,2,5,22,21,40,0.9285714285714286,28.0,,,,1,0,1,0,0,4,Less Selective (>75% or open),Bacc Diverse Fields
231147,Vermont Law and Graduate School,VT,2,1,2,2,9,31,31,57,,,,,,1,0,1,0,0,4,Less Selective (>75% or open),Special Focus
231156,Vermont State Colleges-Office of the Chancellor,VT,0,1,1,2,8,-2,-2,-2,,,,,,1,1,0,0,0,4,Less Selective (>75% or open),Other
231165,Vermont State University,VT,1,1,1,2,8,23,23,54,0.4978494623655914,930.0,,,,1,1,0,0,0,2,Selective (25-50%),Bacc Diverse Fields
231174,University of Vermont,VT,1,1,1,2,9,16,16,15,0.5978961992656545,30231.0,720.0,710.0,32.0,1,1,0,0,0,3,Moderately Selective (50-75%),R2 (high research)
231280,Paul Mitchell the School-Roanoke,VA,9,3,3,2,2,-2,-2,-2,,,,,,0,0,0,1,0,5,2-year/Associate,Other
231411,Advanced Technology Institute,VA,6,2,3,2,3,11,11,-2,0.7023498694516971,383.0,,,,0,0,0,1,0,5,2-year/Associate,Associate / CC
231420,Averett University,VA,2,1,2,2,8,19,22,21,0.7603270223752151,2324.0,580.0,590.0,22.0,1,0,1,0,0,4,Less Selective (>75% or open),Master's University
231536,Blue Ridge Community College,VA,4,2,1,2,3,2,2,40,,,,,,0,1,0,0,0,5,2-year/Associate,Associate / CC
231554,Bluefield University,VA,2,1,2,2,7,19,22,32,0.6300813008130082,984.0,,,,1,0,1,0,0,3,Moderately Selective (50-75%),Master's University
231581,Bridgewater College,VA,2,1,2,2,7,21,21,31,0.9035861258083481,3402.0,630.0,600.0,28.0,1,0,1,0,0,4,Less Selective (>75% or open),Bacc Arts & Sciences
231624,William & Mary,VA,1,1,1,2,9,16,16,16,0.3349919831923481,18087.0,750.0,770.0,34.0,1,1,0,0,0,2,Selective (25-50%),R2 (high research)
231651,Regent University,VA,2,1,2,2,9,17,17,21,0.3233652883102017,6989.0,650.0,600.0,25.0,1,0,1,0,0,2,Selective (25-50%),Doctoral / Pro
231688,Central School of Practical Nursing,VA,7,3,1,2,2,-2,-2,-2,,,,,,0,1,0,0,0,5,2-year/Associate,Other
231697,Central Virginia Community College,VA,4,2,1,2,4,3,3,40,,,,,,0,1,0,0,0,5,2-year/Associate,Associate / CC
231712,Christopher Newport University,VA,1,1,1,2,7,20,20,31,0.8535271943995691,7428.0,660.0,630.0,29.0,1,1,0,0,0,4,Less Selective (>75% or open),Master's University
231785,Bryant & Stratton College-Virginia Beach,VA,2,1,2,2,5,14,23,40,,,,,,1,0,1,0,0,4,Less Selective (>75% or open),Associate / CC
231873,Mountain Gateway Community College,VA,4,2,1,2,3,3,3,40,,,,,,0,1,0,0,0,5,2-year/Associate,Associate / CC
231882,Danville Community College,VA,4,2,1,2,4,6,6,40,,,,,,0,1,0,0,0,5,2-year/Associate,Associate / CC
231970,Eastern Virginia Medical School,VA,1,1,1,2,9,27,25,52,,,,,,1,1,0,0,0,4,Less Selective (>75% or open),Mixed Spec-Focus
232016,Centura College-Virginia Beach,VA,6,2,3,2,3,23,23,-2,,,,,,0,0,0,1,0,5,2-year/Associate,Bacc Diverse Fields
232025,Emory & Henry University,VA,2,1,2,2,9,19,21,31,0.9685314685314685,2288.0,,,,1,0,1,0,0,4,Less Selective (>75% or open),Master's University
232043,Eastern Mennonite University,VA,2,1,2,2,9,19,19,31,0.9947552447552448,1144.0,,,,1,0,1,0,0,4,Less Selective (>75% or open),Master's University
232052,Eastern Shore Community College,VA,4,2,1,2,3,6,5,40,,,,,,0,1,0,0,0,5,2-year/Associate,Associate / CC
232089,Ferrum College,VA,2,1,2,2,8,22,22,32,0.8429752066115702,1452.0,560.0,550.0,,1,0,1,0,0,4,Less Selective (>75% or open),Bacc Diverse Fields
232186,George Mason University,VA,1,1,1,2,9,15,15,16,0.9000049997500125,20001.0,670.0,680.0,31.0,1,1,0,0,0,4,Less Selective (>75% or open),R1 (very high research)
232195,Germanna Community College,VA,4,2,1,2,3,2,2,40,,,,,,0,1,0,0,0,5,2-year/Associate,Associate / CC
232256,Hampden-Sydney College,VA,2,1,2,2,5,21,21,31,0.39791538933169834,3262.0,650.0,660.0,29.0,1,0,1,0,0,2,Selective (25-50%),Bacc Arts & Sciences
232265,Hampton University,VA,2,1,2,1,9,17,16,21,0.7446865214204811,15009.0,620.0,600.0,27.0,1,0,1,0,1,3,Moderately Selective (50-75%),Doctoral / Pro
232308,Hollins University,VA,2,1,2,2,8,21,21,31,0.723969465648855,3275.0,690.0,608.0,30.0,1,0,1,0,0,3,Moderately Selective (50-75%),Bacc Arts & Sciences
232414,J Sargeant Reynolds Community College,VA,4,2,1,2,3,9,5,40,,,,,,0,1,0,0,0,5,2-year/Associate,Associate / CC
232423,James Madison University,VA,1,1,1,2,9,16,18,21,0.7830897907377876,30727.0,670.0,650.0,29.0,1,1,0,0,0,4,Less Selective (>75% or open),R2 (high research)
232450,Brightpoint Community College,VA,4,2,1,2,3,3,3,40,,,,,,0,1,0,0,0,5,2-year/Associate,Associate / CC
232557,Liberty University,VA,2,1,2,2,9,17,17,21,0.9928901528617134,30943.0,,,,1,0,1,0,0,4,Less Selective (>75% or open),Doctoral / Pro
232566,Longwood University,VA,1,1,1,2,7,19,19,21,0.8778550148957299,6042.0,620.0,590.0,26.0,1,1,0,0,0,4,Less Selective (>75% or open),Master's University
232575,Laurel Ridge Community College,VA,4,2,1,2,3,6,3,40,,,,,,0,1,0,0,0,5,2-year/Associate,Associate / CC
232609,University of Lynchburg,VA,2,1,2,2,9,17,19,21,0.9594427244582043,3230.0,620.0,610.0,28.0,1,0,1,0,0,4,Less Selective (>75% or open),Doctoral / Pro
232618,Centra College,VA,2,1,2,2,5,26,26,-2,0.4,15.0,,,,1,0,1,0,0,4,Less Selective (>75% or open),Mixed Spec-Focus
232672,Mary Baldwin University,VA,2,1,2,2,9,17,17,22,,,,,,1,0,1,0,0,4,Less Selective (>75% or open),Doctoral / Pro
232681,University of Mary Washington,VA,1,1,1,2,7,21,19,22,0.8579316203015502,4709.0,690.0,650.0,30.0,1,1,0,0,0,4,Less Selective (>75% or open),Bacc Arts & Sciences
232706,Marymount University,VA,2,1,2,2,9,17,18,21,0.8141592920353983,3503.0,,,,1,0,1,0,0,4,Less Selective (>75% or open),Doctoral / Pro
232724,Sovah School of Health Professions,VA,6,2,3,2,3,10,10,-2,,,,,,0,0,0,1,0,5,2-year/Associate,Associate / CC
232788,Mountain Empire Community College,VA,4,2,1,2,3,6,6,40,,,,,,0,1,0,0,0,5,2-year/Associate,Associate / CC
232797,American National University,VA,3,1,3,2,7,23,23,40,,,,,,1,0,0,1,0,4,Less Selective (>75% or open),Bacc Diverse Fields
232867,New River Community College,VA,4,2,1,2,4,6,3,40,,,,,,0,1,0,0,0,5,2-year/Associate,Associate / CC
232885,Sentara College of Health Sciences,VA,2,1,2,2,7,26,26,-2,,,,,,1,0,1,0,0,4,Less Selective (>75% or open),Mixed Spec-Focus
232919,Tidewater Tech-Trades,VA,9,3,3,2,2,-2,-2,-2,,,,,,0,0,0,1,0,5,2-year/Associate,Other
232937,Norfolk State University,VA,1,1,1,1,9,19,19,21,0.894979738856371,8884.0,530.0,510.0,20.0,1,1,0,0,1,4,Less Selective (>75% or open),Master's University
232946,Northern Virginia Community College,VA,4,2,1,2,3,2,2,40,,,,,,0,1,0,0,0,5,2-year/Associate,Associate / CC
232982,Old Dominion University,VA,1,1,1,2,9,15,16,15,0.9514374783512296,14435.0,640.0,610.0,27.0,1,1,0,0,0,4,Less Selective (>75% or open),R1 (very high research)
233019,Patrick & Henry Community College,VA,4,2,1,2,3,2,2,40,,,,,,0,1,0,0,0,5,2-year/Associate,Associate / CC
233037,Paul D Camp Community College,VA,4,2,1,2,3,3,3,40,,,,,,0,1,0,0,0,5,2-year/Associate,Associate / CC
233082,Southside College of Health Sciences,VA,5,2,2,2,3,10,10,-2,,,,,,0,0,1,0,0,5,2-year/Associate,Associate / CC
233116,Piedmont Virginia Community College,VA,4,2,1,2,3,3,3,40,,,,,,0,1,0,0,0,5,2-year/Associate,Associate / CC
233277,Radford University,VA,1,1,1,2,9,17,18,21,0.9334032511798637,11442.0,600.0,560.0,23.0,1,1,0,0,0,4,Less Selective (>75% or open),Doctoral / Pro
233286,Sylvain Melloul International Hair Academy,VA,9,3,3,2,2,-2,-2,-2,,,,,,0,0,0,1,0,5,2-year/Associate,Other
233295,Randolph-Macon College,VA,2,1,2,2,7,21,21,31,0.8544562551103843,2446.0,630.0,590.0,27.0,1,0,1,0,0,4,Less Selective (>75% or open),Bacc Arts & Sciences
233301,Randolph College,VA,2,1,2,2,7,21,21,31,0.9500624219725343,1602.0,570.0,570.0,30.0,1,0,1,0,0,4,Less Selective (>75% or open),Bacc Arts & Sciences
233310,Rappahannock Community College,VA,4,2,1,2,3,3,3,40,,,,,,0,1,0,0,0,5,2-year/Associate,Associate / CC
233329,Fortis College-Norfolk,VA,6,2,3,2,3,10,10,-2,,,,,,0,0,0,1,0,5,2-year/Associate,Associate / CC
233338,Richard Bland College,VA,4,2,1,2,3,13,1,40,0.7908745247148289,1578.0,,,,0,1,0,0,0,5,2-year/Associate,Associate / CC
233356,Bon Secours Memorial College of Nursing,VA,2,1,2,2,5,26,26,-2,,,,,,1,0,1,0,0,4,Less Selective (>75% or open),Mixed Spec-Focus
233374,University of Richmond,VA,2,1,2,2,9,21,21,31,0.243734335839599,14364.0,750.0,780.0,34.0,1,0,1,0,0,1,Highly Selective (10-25%),Bacc Arts & Sciences
233408,Riverside College of Health Careers,VA,2,1,2,2,5,10,10,-2,1.0,2.0,,,,1,0,1,0,0,4,Less Selective (>75% or open),Associate / CC
233426,Roanoke College,VA,2,1,2,2,7,21,21,31,0.7976261127596439,5055.0,650.0,610.0,28.0,1,0,1,0,0,4,Less Selective (>75% or open),Bacc Arts & Sciences
233480,Bon Secours St Mary's Hospital School of Medical Imaging,VA,5,2,2,2,3,-2,-2,-2,,,,,,0,0,1,0,0,5,2-year/Associate,Other
233541,Shenandoah University,VA,2,1,2,2,9,17,17,21,0.8035714285714286,2296.0,,,,1,0,1,0,0,4,Less Selective (>75% or open),Doctoral / Pro
233602,Southeastern Free Will Baptist Bible College,NC,2,1,2,2,5,24,-2,-2,,,,,,1,0,1,0,0,4,Less Selective (>75% or open),Bacc/Associate
233611,Southern Virginia University,VA,2,1,2,2,5,21,21,-2,0.9944954128440368,1090.0,620.0,630.0,24.0,1,0,1,0,0,4,Less Selective (>75% or open),Bacc Arts & Sciences
233639,Southside Virginia Community College,VA,4,2,1,2,4,3,3,40,,,,,,0,1,0,0,0,5,2-year/Associate,Associate / CC
233648,Southwest Virginia Community College,VA,4,2,1,2,4,5,5,40,,,,,,0,1,0,0,0,5,2-year/Associate,Associate / CC
233666,Staunton School of Cosmetology,VA,9,3,3,2,2,-2,-2,-2,,,,,,0,0,0,1,0,5,2-year/Associate,Other
233684,Strayer University-Virginia,VA,3,1,3,2,7,18,18,-2,,,,,,1,0,0,1,0,4,Less Selective (>75% or open),Master's University
233718,Sweet Briar College,VA,2,1,2,2,7,21,21,31,0.7574750830564784,1204.0,680.0,680.0,30.0,1,0,1,0,0,4,Less Selective (>75% or open),Bacc Arts & Sciences
233754,Virginia Peninsula Community College,VA,4,2,1,2,3,5,5,40,,,,,,0,1,0,0,0,5,2-year/Associate,Associate / CC
233772,Tidewater Community College,VA,4,2,1,2,3,5,7,40,,,,,,0,1,0,0,0,5,2-year/Associate,Associate / CC
233842,Union Presbyterian Seminary,VA,2,1,2,2,9,24,24,51,,,,,,1,0,1,0,0,4,Less Selective (>75% or open),Bacc/Associate
233897,University of Virginia's College at Wise,VA,1,1,1,2,5,21,21,31,0.755688622754491,835.0,600.0,560.0,25.0,1,1,0,0,0,4,Less Selective (>75% or open),Bacc Arts & Sciences
233903,Virginia Highlands Community College,VA,4,2,1,2,3,5,2,40,,,,,,0,1,0,0,0,5,2-year/Associate,Associate / CC
233921,Virginia Polytechnic Institute and State University,VA,1,1,1,2,9,15,15,15,0.5698241433331127,45321.0,700.0,730.0,32.0,1,1,0,0,0,3,Moderately Selective (50-75%),R1 (very high research)
233949,Virginia Western Community College,VA,4,2,1,2,3,5,6,40,,,,,,0,1,0,0,0,5,2-year/Associate,Associate / CC
234030,Virginia Commonwealth University,VA,1,1,1,2,9,15,15,15,0.9099879399188685,18242.0,660.0,630.0,30.0,1,1,0,0,0,4,Less Selective (>75% or open),R1 (very high research)
234076,University of Virginia-Main Campus,VA,1,1,1,2,9,15,15,15,0.1866040922122295,50926.0,750.0,790.0,34.0,1,1,0,0,0,1,Highly Selective (10-25%),R1 (very high research)
234085,Virginia Military Institute,VA,1,1,1,2,5,21,21,31,0.7105704697986577,1192.0,660.0,640.0,29.0,1,1,0,0,0,3,Moderately Selective (50-75%),Bacc Arts & Sciences
234119,Asher Institute of Hampton,VA,9,3,3,2,2,-2,-2,-2,,,,,,0,0,0,1,0,5,2-year/Associate,Other
234137,Virginia University of Lynchburg,VA,2,1,2,1,9,23,21,-2,,,,,,1,0,1,0,1,4,Less Selective (>75% or open),Bacc Diverse Fields
234155,Virginia State University,VA,1,1,1,1,9,19,19,21,0.8972053462940461,8230.0,530.0,500.0,17.0,1,1,0,0,1,4,Less Selective (>75% or open),Master's University
234164,Virginia Union University,VA,2,1,2,1,9,21,21,31,0.8055175558595531,4386.0,510.0,480.0,,1,0,1,0,1,4,Less Selective (>75% or open),Bacc Arts & Sciences
234173,Virginia Wesleyan University,VA,2,1,2,2,7,21,21,31,0.8143189755529686,1718.0,695.0,670.0,29.0,1,0,1,0,0,4,Less Selective (>75% or open),Bacc Arts & Sciences
234207,Washington and Lee University,VA,2,1,2,2,9,21,21,31,0.1695736434108527,7224.0,753.0,780.0,34.0,1,0,1,0,0,1,Highly Selective (10-25%),Bacc Arts & Sciences
234377,Wytheville Community College,VA,4,2,1,2,4,3,3,40,,,,,,0,1,0,0,0,5,2-year/Associate,Associate / CC
234669,Bellevue College,WA,1,1,1,2,5,23,14,40,,,,,,1,1,0,0,0,4,Less Selective (>75% or open),Bacc Diverse Fields
234696,Bellingham Technical College,WA,1,1,1,2,5,14,14,40,,,,,,1,1,0,0,0,4,Less Selective (>75% or open),Associate / CC
234711,Big Bend Community College,WA,1,1,1,2,5,5,1,40,,,,,,1,1,0,0,0,4,Less Selective (>75% or open),Associate / CC
234827,Central Washington University,WA,1,1,1,2,8,18,18,21,0.9349352473084724,6409.0,,,,1,1,0,0,0,4,Less Selective (>75% or open),Master's University
234845,Centralia College,WA,1,1,1,2,5,23,14,40,,,,,,1,1,0,0,0,4,Less Selective (>75% or open),Bacc Diverse Fields
234915,City University of Seattle,WA,2,1,2,2,9,17,18,21,,,,,,1,0,1,0,0,4,Less Selective (>75% or open),Doctoral / Pro
234924,Paul Mitchell the School-Richland,WA,9,3,3,2,2,-2,-2,-2,,,,,,0,0,0,1,0,5,2-year/Associate,Other
234933,Clark College,WA,1,1,1,2,5,14,14,40,,,,,,1,1,0,0,0,4,Less Selective (>75% or open),Associate / CC
234951,Clover Park Technical College,WA,1,1,1,2,5,14,14,40,,,,,,1,1,0,0,0,4,Less Selective (>75% or open),Associate / CC
234979,Columbia Basin College,WA,1,1,1,2,5,23,23,40,,,,,,1,1,0,0,0,4,Less Selective (>75% or open),Bacc Diverse Fields
235024,Cornish College of the Arts,WA,2,1,2,2,5,30,30,56,0.7112676056338029,852.0,,,,1,0,1,0,0,3,Moderately Selective (50-75%),Special Focus
235088,Divers Institute of Technology,WA,9,3,3,2,2,-2,-2,-2,,,,,,0,0,0,1,0,5,2-year/Associate,Other
235097,Eastern Washington University,WA,1,1,1,2,9,18,18,21,0.9612087441063009,4666.0,,,,1,1,0,0,0,4,Less Selective (>75% or open),Master's University
235103,Edmonds College,WA,1,1,1,2,5,14,14,40,,,,,,1,1,0,0,0,4,Less Selective (>75% or open),Associate / CC
235149,Everett Community College,WA,1,1,1,2,5,3,3,40,,,,,,1,1,0,0,0,4,Less Selective (>75% or open),Associate / CC
235167,The Evergreen State College,WA,1,1,1,2,7,19,20,31,0.7436845348120764,1623.0,640.0,580.0,29.0,1,1,0,0,0,3,Moderately Selective (50-75%),Master's University
235237,Pierce College District,WA,1,1,1,2,5,14,14,40,,,,,,1,1,0,0,0,4,Less Selective (>75% or open),Associate / CC
235307,Glen Dow Academy of Hair Design,WA,9,3,3,2,2,-2,-2,-2,,,,,,0,0,0,1,0,5,2-year/Associate,Other
235316,Gonzaga University,WA,2,1,2,2,9,17,17,21,0.6973803985030849,9887.0,700.0,710.0,31.0,1,0,1,0,0,3,Moderately Selective (50-75%),Doctoral / Pro
235334,Grays Harbor College,WA,1,1,1,2,5,14,14,40,,,,,,1,1,0,0,0,4,Less Selective (>75% or open),Associate / CC
235343,Green River College,WA,1,1,1,2,5,23,14,40,,,,,,1,1,0,0,0,4,Less Selective (>75% or open),Bacc Diverse Fields
235352,Toni & Guy Hairdressing Academy-Shoreline,WA,9,3,3,2,2,-2,-2,-2,,,,,,0,0,0,1,0,5,2-year/Associate,Other
235422,Heritage University,WA,2,1,2,2,8,20,18,21,,,,,,1,0,1,0,0,4,Less Selective (>75% or open),Master's University
235431,Highline College,WA,1,1,1,2,5,14,14,40,,,,,,1,1,0,0,0,4,Less Selective (>75% or open),Associate / CC
235501,International Air and Hospitality Academy,WA,9,3,3,2,2,-2,-2,-2,,,,,,0,0,0,1,0,5,2-year/Associate,Other
235547,Bastyr University,WA,2,1,2,2,9,17,26,53,,,,,,1,0,1,0,0,4,Less Selective (>75% or open),Doctoral / Pro
235583,Highlights Beauty Schools,WA,9,3,3,2,2,-2,-2,-2,,,,,,0,0,0,1,0,5,2-year/Associate,Other
235671,Bates Technical College,WA,4,2,1,2,4,9,9,-2,,,,,,0,1,0,0,0,5,2-year/Associate,Associate / CC
235699,Lake Washington Institute of Technology,WA,1,1,1,2,5,23,14,40,,,,,,1,1,0,0,0,4,Less Selective (>75% or open),Bacc Diverse Fields
235750,Lower Columbia College,WA,1,1,1,2,5,4,6,40,,,,,,1,1,0,0,0,4,Less Selective (>75% or open),Associate / CC
236018,BJ's Beauty & Barber College,WA,9,3,3,2,2,-2,-2,-2,,,,,,0,0,0,1,0,5,2-year/Associate,Other
236072,North Seattle College,WA,1,1,1,2,5,23,14,40,,,,,,1,1,0,0,0,4,Less Selective (>75% or open),Bacc Diverse Fields
236133,Northwest University,WA,2,1,2,2,9,19,19,32,0.9425587467362925,383.0,685.0,635.0,30.0,1,0,1,0,0,4,Less Selective (>75% or open),Master's University
236188,Olympic College,WA,1,1,1,2,5,14,14,40,,,,,,1,1,0,0,0,4,Less Selective (>75% or open),Associate / CC
236212,Perry Technical Institute,WA,5,2,2,2,4,7,13,-2,,,,,,0,0,1,0,0,5,2-year/Associate,Associate / CC
236230,Pacific Lutheran University,WA,2,1,2,2,9,19,19,21,0.8890221955608878,3334.0,718.0,705.0,30.0,1,0,1,0,0,4,Less Selective (>75% or open),Master's University
236258,Peninsula College,WA,1,1,1,2,5,14,14,40,,,,,,1,1,0,0,0,4,Less Selective (>75% or open),Associate / CC
236328,University of Puget Sound,WA,2,1,2,2,9,21,21,31,0.8265668849391955,5345.0,700.0,690.0,32.0,1,0,1,0,0,4,Less Selective (>75% or open),Bacc Arts & Sciences
236382,Renton Technical College,WA,1,1,1,2,5,14,14,40,,,,,,1,1,0,0,0,4,Less Selective (>75% or open),Associate / CC
236452,Saint Martin's University,WA,2,1,2,2,9,20,19,21,0.9503579952267303,2095.0,595.0,585.0,24.0,1,0,1,0,0,4,Less Selective (>75% or open),Master's University
236504,South Seattle College,WA,1,1,1,2,5,14,14,40,,,,,,1,1,0,0,0,4,Less Selective (>75% or open),Associate / CC
236513,Seattle Central College,WA,1,1,1,2,5,14,14,40,,,,,,1,1,0,0,0,4,Less Selective (>75% or open),Associate / CC
236577,Seattle Pacific University,WA,2,1,2,2,9,17,17,21,0.9070603337612323,3895.0,680.0,670.0,27.0,1,0,1,0,0,4,Less Selective (>75% or open),Doctoral / Pro
236595,Seattle University,WA,2,1,2,2,9,17,17,21,0.8515250819258886,7934.0,690.0,690.0,30.0,1,0,1,0,0,4,Less Selective (>75% or open),Doctoral / Pro
236610,Shoreline Community College,WA,4,2,1,2,3,3,6,40,,,,,,0,1,0,0,0,5,2-year/Associate,Associate / CC
236638,Skagit Valley College,WA,1,1,1,2,5,14,14,40,,,,,,1,1,0,0,0,4,Less Selective (>75% or open),Associate / CC
236656,South Puget Sound Community College,WA,4,2,1,2,4,2,2,40,,,,,,0,1,0,0,0,5,2-year/Associate,Associate / CC
236692,Spokane Community College,WA,1,1,1,2,5,14,14,40,,,,,,1,1,0,0,0,4,Less Selective (>75% or open),Associate / CC
236708,Spokane Falls Community College,WA,1,1,1,2,5,14,14,40,,,,,,1,1,0,0,0,4,Less Selective (>75% or open),Associate / CC
236744,Stylemaster College of Hair Design,WA,9,3,3,2,2,-2,-2,-2,,,,,,0,0,0,1,0,5,2-year/Associate,Other
236753,Tacoma Community College,WA,1,1,1,2,5,14,14,40,,,,,,1,1,0,0,0,4,Less Selective (>75% or open),Associate / CC
236887,Walla Walla Community College,WA,1,1,1,2,5,14,9,40,,,,,,1,1,0,0,0,4,Less Selective (>75% or open),Associate / CC
236896,Walla Walla University,WA,2,1,2,2,9,20,20,21,,,,,,1,0,1,0,0,4,Less Selective (>75% or open),Master's University
236939,Washington State University,WA,1,1,1,2,9,15,15,15,0.8310396371321066,19401.0,,,,1,1,0,0,0,4,Less Selective (>75% or open),R1 (very high research)
236948,University of Washington-Seattle Campus,WA,1,1,1,2,9,15,15,15,0.47519433013260176,52488.0,,,,1,1,0,0,0,2,Selective (25-50%),R1 (very high research)
236975,Wenatchee Valley College,WA,1,1,1,2,5,14,14,40,,,,,,1,1,0,0,0,4,Less Selective (>75% or open),Associate / CC
237011,Western Washington University,WA,1,1,1,2,9,18,18,21,0.9269217801753203,11864.0,690.0,650.0,30.0,1,1,0,0,0,4,Less Selective (>75% or open),Master's University
237039,Whatcom Community College,WA,1,1,1,2,5,14,14,40,,,,,,1,1,0,0,0,4,Less Selective (>75% or open),Associate / CC
237057,Whitman College,WA,2,1,2,2,5,21,21,31,0.4769874476987448,5497.0,740.0,733.0,33.0,1,0,1,0,0,2,Selective (25-50%),Bacc Arts & Sciences
237066,Whitworth University,WA,2,1,2,2,9,19,19,21,0.90523509452254,4126.0,690.0,660.0,27.0,1,0,1,0,0,4,Less Selective (>75% or open),Master's University
237109,Yakima Valley College,WA,1,1,1,2,5,14,14,40,,,,,,1,1,0,0,0,4,Less Selective (>75% or open),Associate / CC
237118,Alderson Broaddus University,WV,2,1,2,2,7,22,22,32,0.6148848198464265,1693.0,530.0,530.0,22.0,1,0,1,0,0,3,Moderately Selective (50-75%),Bacc Diverse Fields
237127,Appalachian Beauty School,KY,9,3,3,2,2,-2,-2,-2,,,,,,0,0,0,1,0,5,2-year/Associate,Other
237136,Appalachian Bible College,WV,2,1,2,2,7,24,24,51,1.0,40.0,618.0,570.0,26.0,1,0,1,0,0,4,Less Selective (>75% or open),Bacc/Associate
237145,B M Spurr School of Practical Nursing,WV,8,3,2,2,2,-2,-2,-2,,,,,,0,0,1,0,0,5,2-year/Associate,Other
237172,Ben Franklin Career Center,WV,7,3,1,2,2,-2,-2,-2,,,,,,0,1,0,0,0,5,2-year/Associate,Other
237181,Bethany College,WV,2,1,2,2,7,21,21,31,0.6491889852885704,2651.0,,,,1,0,1,0,0,3,Moderately Selective (50-75%),Bacc Arts & Sciences
237215,Bluefield State University,WV,1,1,1,1,7,22,22,32,0.971709717097171,813.0,540.0,540.0,22.0,1,1,0,0,1,4,Less Selective (>75% or open),Bacc Diverse Fields
237242,Cabell County Career Technology Center,WV,7,3,1,2,2,-2,-2,-2,,,,,,0,1,0,0,0,5,2-year/Associate,Other
237303,Charleston School of Beauty Culture,WV,6,2,3,2,4,-2,-2,-2,,,,,,0,0,0,1,0,5,2-year/Associate,Other
237312,University of Charleston,WV,2,1,2,2,9,17,17,32,0.6772756206238065,1571.0,,,,1,0,1,0,0,3,Moderately Selective (50-75%),Doctoral / Pro
237321,Clarksburg Beauty Academy and School of Massage Therapy,WV,6,2,3,2,4,-2,-2,-2,,,,,,0,0,0,1,0,5,2-year/Associate,Other
237330,Concord University,WV,1,1,1,2,7,19,19,32,0.9138728323699422,1730.0,580.0,555.0,24.0,1,1,0,0,0,4,Less Selective (>75% or open),Master's University
237358,Davis & Elkins College,WV,2,1,2,2,5,22,22,32,0.7526096033402923,958.0,575.0,550.0,14.0,1,0,1,0,0,4,Less Selective (>75% or open),Bacc Diverse Fields
237367,Fairmont State University,WV,1,1,1,2,8,20,20,32,0.9849428868120457,1926.0,560.0,490.0,23.0,1,1,0,0,0,4,Less Selective (>75% or open),Master's University
237385,Glenville State University,WV,1,1,1,2,7,22,22,32,,,,,,1,1,0,0,0,4,Less Selective (>75% or open),Bacc Diverse Fields
237437,Huntington Junior College,WV,5,2,2,2,3,10,10,40,,,,,,0,0,1,0,0,5,2-year/Associate,Associate / CC
237473,James Rumsey Technical Institute,WV,7,3,1,2,2,-2,-2,-2,,,,,,0,1,0,0,0,5,2-year/Associate,Other
237491,Ralph R Willis Career and Technical Center,WV,7,3,1,2,2,-2,-2,-2,,,,,,0,1,0,0,0,5,2-year/Associate,Other
237525,Marshall University,WV,1,1,1,2,9,16,16,21,0.9688483322844557,6356.0,,,,1,1,0,0,0,4,Less Selective (>75% or open),R2 (high research)
237543,Mercer County Technical Education Center,WV,4,2,1,2,4,-2,-2,-2,,,,,,0,1,0,0,0,5,2-year/Associate,Other
237561,Monongalia County Technical Education Center,WV,7,3,1,2,2,-2,-2,-2,0.8,40.0,,,,0,1,0,0,0,5,2-year/Associate,Other
237570,Morgantown Beauty College Inc,WV,6,2,3,2,4,-2,-2,-2,,,,,,0,0,0,1,0,5,2-year/Associate,Other
237598,Mountain State College,WV,6,2,3,2,3,10,7,40,,,,,,0,0,0,1,0,5,2-year/Associate,Associate / CC
237686,West Virginia University at Parkersburg,WV,1,1,1,2,5,23,23,33,,,,,,1,1,0,0,0,4,Less Selective (>75% or open),Bacc Diverse Fields
237701,Potomac State College of West Virginia University,WV,1,1,1,2,5,23,14,40,,,,,,1,1,0,0,0,4,Less Selective (>75% or open),Bacc Diverse Fields
237729,Academy of Careers and Technology,WV,7,3,1,2,2,-2,-2,-2,,,,,,0,1,0,0,0,5,2-year/Associate,Other
237783,Salem University,WV,3,1,3,2,9,19,20,22,,,,,,1,0,0,1,0,4,Less Selective (>75% or open),Master's University
237792,Shepherd University,WV,1,1,1,2,9,20,21,32,0.9585798816568047,1690.0,600.0,570.0,24.0,1,1,0,0,0,4,Less Selective (>75% or open),Master's University
237817,Southern West Virginia Community and Technical College,WV,4,2,1,2,3,7,4,40,,,,,,0,1,0,0,0,5,2-year/Associate,Associate / CC
237844,Fred W Eberle Technical Center,WV,4,2,1,2,4,-2,-2,-2,,,,,,0,1,0,0,0,5,2-year/Associate,Other
237880,West Virginia School of Osteopathic Medicine,WV,1,1,1,2,9,25,25,52,,,,,,1,1,0,0,0,4,Less Selective (>75% or open),Bacc/Associate
237899,West Virginia State University,WV,1,1,1,1,7,20,22,32,0.9618018018018017,2775.0,545.0,520.0,22.0,1,1,0,0,1,4,Less Selective (>75% or open),Master's University
237905,West Virginia University Hospital Departments of Rad Tech and Nutrition,WV,2,1,2,2,6,-2,-2,-2,,,,,,1,0,1,0,0,4,Less Selective (>75% or open),Other
237932,West Liberty University,WV,1,1,1,2,9,19,20,32,0.7409144196951934,1706.0,580.0,550.0,9.0,1,1,0,0,0,3,Moderately Selective (50-75%),Master's University
237950,West Virginia University Institute of Technology,WV,1,1,1,2,5,22,22,32,0.6457831325301204,830.0,570.0,560.0,24.0,1,1,0,0,0,3,Moderately Selective (50-75%),Bacc Diverse Fields
237969,West Virginia Wesleyan College,WV,2,1,2,2,9,22,20,31,0.9635381498987171,1481.0,590.0,590.0,23.0,1,0,1,0,0,4,Less Selective (>75% or open),Bacc Diverse Fields
237987,West Virginia Junior College-Charleston,WV,6,2,3,2,3,7,7,40,,,,,,0,0,0,1,0,5,2-year/Associate,Associate / CC
237996,West Virginia Junior College-Morgantown,WV,3,1,3,2,5,8,7,40,,,,,,1,0,0,1,0,4,Less Selective (>75% or open),Associate / CC
238005,International Beauty School 4,WV,6,2,3,2,4,-2,-2,-2,,,,,,0,0,0,1,0,5,2-year/Associate,Other
238014,West Virginia Northern Community College,WV,4,2,1,2,3,8,9,40,,,,,,0,1,0,0,0,5,2-year/Associate,Associate / CC
238032,West Virginia University,WV,1,1,1,2,9,15,15,15,0.8838295067560145,18206.0,620.0,600.0,26.0,1,1,0,0,0,4,Less Selective (>75% or open),R1 (very high research)
238078,Wheeling University,WV,2,1,2,2,9,19,19,21,0.7265228426395939,1576.0,,,,1,0,1,0,0,3,Moderately Selective (50-75%),Master's University
238096,Wood County Technical Center-Practical Nursing,WV,7,3,1,2,2,-2,-2,-2,,0.0,,,,0,1,0,0,0,5,2-year/Associate,Other
238175,VICI Beauty School,WI,6,2,3,2,4,-2,-2,-2,,,,,,0,0,0,1,0,5,2-year/Associate,Other
238193,Alverno College,WI,2,1,2,2,9,18,19,32,0.8987730061349694,652.0,,,,1,0,1,0,0,4,Less Selective (>75% or open),Master's University
238263,Madison Area Technical College,WI,1,1,1,2,6,8,14,40,,,,,,1,1,0,0,0,4,Less Selective (>75% or open),Associate / CC
238324,Bellin College,WI,2,1,2,2,9,26,26,53,0.9285714285714286,56.0,,,,1,0,1,0,0,4,Less Selective (>75% or open),Mixed Spec-Focus
238333,Beloit College,WI,2,1,2,2,5,21,21,31,0.658578856152513,3462.0,690.0,670.0,31.0,1,0,1,0,0,3,Moderately Selective (50-75%),Bacc Arts & Sciences
238397,Blackhawk Technical College,WI,4,2,1,2,4,8,7,40,,,,,,0,1,0,0,0,5,2-year/Associate,Associate / CC
238430,Cardinal Stritch University,WI,2,1,2,2,9,17,17,21,0.9258241758241759,728.0,,,19.0,1,0,1,0,0,4,Less Selective (>75% or open),Doctoral / Pro
238458,Carroll University,WI,2,1,2,2,9,18,20,32,0.7214467005076142,4728.0,670.0,670.0,28.0,1,0,1,0,0,3,Moderately Selective (50-75%),Master's University
238476,Carthage College,WI,2,1,2,2,7,20,22,22,0.8182938856015779,8112.0,600.0,600.0,27.0,1,0,1,0,0,4,Less Selective (>75% or open),Master's University
238616,Concordia University-Wisconsin,WI,2,1,2,2,9,17,17,21,0.70372460496614,3544.0,,,27.0,1,0,1,0,0,3,Moderately Selective (50-75%),Doctoral / Pro
238661,Edgewood College,WI,2,1,2,2,9,17,17,21,0.9861538461538462,1300.0,,,,1,0,1,0,0,4,Less Selective (>75% or open),Doctoral / Pro
238722,Fox Valley Technical College,WI,4,2,1,2,4,9,9,40,,,,,,0,1,0,0,0,5,2-year/Associate,Associate / CC
238759,Gateway Technical College,WI,4,2,1,2,3,8,9,40,,,,,,0,1,0,0,0,5,2-year/Associate,Associate / CC
238810,The Professional Hair Design Academy,WI,6,2,3,2,4,-2,-2,-2,,,,,,0,0,0,1,0,5,2-year/Associate,Other
238980,Lakeland University,WI,2,1,2,2,8,18,18,32,0.9951219512195122,1230.0,,,,1,0,1,0,0,4,Less Selective (>75% or open),Master's University
239008,Lakeshore Technical College,WI,4,2,1,2,4,9,9,40,,,,,,0,1,0,0,0,5,2-year/Associate,Associate / CC
239017,Lawrence University,WI,2,1,2,2,5,21,21,31,0.7227319062181448,2943.0,740.0,720.0,32.0,1,0,1,0,0,3,Moderately Selective (50-75%),Bacc Arts & Sciences
239071,Maranatha Baptist University,WI,2,1,2,2,9,20,22,51,0.7508417508417509,297.0,630.0,610.0,26.0,1,0,1,0,0,4,Less Selective (>75% or open),Master's University
239080,Marian University,WI,2,1,2,2,8,19,19,22,0.7155309033280507,1262.0,,,22.0,1,0,1,0,0,3,Moderately Selective (50-75%),Master's University
239105,Marquette University,WI,2,1,2,2,9,16,16,15,0.8720644714474596,15883.0,670.0,690.0,31.0,1,0,1,0,0,4,Less Selective (>75% or open),R2 (high research)
239169,Medical College of Wisconsin,WI,2,1,2,2,9,27,25,52,,,,,,1,0,1,0,0,4,Less Selective (>75% or open),Mixed Spec-Focus
239220,Mid-State Technical College,WI,4,2,1,2,4,9,8,40,,,,,,0,1,0,0,0,5,2-year/Associate,Associate / CC
239248,Milwaukee Area Technical College,WI,4,2,1,2,4,7,7,40,,,,,,0,1,0,0,0,5,2-year/Associate,Associate / CC
239309,Milwaukee Institute of Art & Design,WI,2,1,2,2,5,30,30,56,0.6397338403041825,1052.0,,,,1,0,1,0,0,3,Moderately Selective (50-75%),Special Focus
239318,Milwaukee School of Engineering,WI,2,1,2,2,8,19,19,54,0.6347207009857613,5478.0,,,,1,0,1,0,0,3,Moderately Selective (50-75%),Master's University
239372,Moraine Park Technical College,WI,4,2,1,2,4,8,9,40,,,,,,0,1,0,0,0,5,2-year/Associate,Associate / CC
239390,Mount Mary University,WI,2,1,2,2,9,18,19,22,0.6945481702763256,1339.0,,,23.0,1,0,1,0,0,3,Moderately Selective (50-75%),Master's University
239424,Nashotah House,WI,2,1,2,2,9,24,24,51,,,,,,1,0,1,0,0,4,Less Selective (>75% or open),Bacc/Associate
239442,Nicolet Area Technical College,WI,4,2,1,2,3,8,9,40,,,,,,0,1,0,0,0,5,2-year/Associate,Associate / CC
239460,Northcentral Technical College,WI,4,2,1,2,3,9,9,40,,,,,,0,1,0,0,0,5,2-year/Associate,Associate / CC
239488,Northeast Wisconsin Technical College,WI,4,2,1,2,4,8,8,40,,,,,,0,1,0,0,0,5,2-year/Associate,Associate / CC
239512,Northland College,WI,2,1,2,2,5,22,22,32,0.6838905775075987,1316.0,645.0,635.0,25.0,1,0,1,0,0,3,Moderately Selective (50-75%),Bacc Diverse Fields
239628,Ripon College,WI,2,1,2,2,7,21,21,31,0.8132586367880486,2142.0,,,,1,0,1,0,0,4,Less Selective (>75% or open),Bacc Arts & Sciences
239637,Sacred Heart Seminary and School of Theology,WI,2,1,2,2,7,24,24,51,,,,,,1,0,1,0,0,4,Less Selective (>75% or open),Bacc/Associate
239716,Saint Norbert College,WI,2,1,2,2,7,21,21,32,0.8358856559469117,3918.0,640.0,630.0,27.0,1,0,1,0,0,4,Less Selective (>75% or open),Bacc Arts & Sciences
239877,State College of Beauty Culture Inc,WI,9,3,3,2,2,-2,-2,-2,,,,,,0,0,0,1,0,5,2-year/Associate,Other
239910,Southwest Wisconsin Technical College,WI,4,2,1,2,4,9,9,40,,,,,,0,1,0,0,0,5,2-year/Associate,Associate / CC
240107,Viterbo University,WI,2,1,2,2,9,18,18,22,0.7237687366167024,1401.0,620.0,620.0,27.0,1,0,1,0,0,3,Moderately Selective (50-75%),Master's University
240116,Chippewa Valley Technical College,WI,4,2,1,2,4,9,9,40,,,,,,0,1,0,0,0,5,2-year/Associate,Associate / CC
240125,Waukesha County Technical College,WI,4,2,1,2,4,9,9,40,,,,,,0,1,0,0,0,5,2-year/Associate,Associate / CC
240170,Western Technical College,WI,4,2,1,2,3,7,7,40,,,,,,0,1,0,0,0,5,2-year/Associate,Associate / CC
240189,University of Wisconsin-Whitewater,WI,1,1,1,2,9,18,18,21,0.8237722269263336,9448.0,,,24.0,1,1,0,0,0,4,Less Selective (>75% or open),Master's University
240198,Northwood Technical College,WI,4,2,1,2,4,9,8,40,,,,,,0,1,0,0,0,5,2-year/Associate,Associate / CC
240213,Wisconsin School of Professional Psychology,WI,2,1,2,2,9,26,26,59,,,,,,1,0,1,0,0,4,Less Selective (>75% or open),Mixed Spec-Focus
240268,University of Wisconsin-Eau Claire,WI,1,1,1,2,9,19,19,21,0.766221282322407,10403.0,,,27.0,1,1,0,0,0,4,Less Selective (>75% or open),Master's University
240277,University of Wisconsin-Green Bay,WI,1,1,1,2,9,19,19,22,0.8962165914612982,5762.0,,,24.0,1,1,0,0,0,4,Less Selective (>75% or open),Master's University
240329,University of Wisconsin-La Crosse,WI,1,1,1,2,9,18,18,21,0.7425240054869684,7290.0,,,26.0,1,1,0,0,0,3,Moderately Selective (50-75%),Master's University
240338,Wisconsin Lutheran College,WI,2,1,2,2,7,22,22,32,0.9382632293080054,1474.0,600.0,643.0,27.0,1,0,1,0,0,4,Less Selective (>75% or open),Bacc Diverse Fields
240365,University of Wisconsin-Oshkosh,WI,1,1,1,2,9,17,18,21,0.8852251838235294,8704.0,,,23.0,1,1,0,0,0,4,Less Selective (>75% or open),Doctoral / Pro
240374,University of Wisconsin-Parkside,WI,1,1,1,2,7,19,21,22,0.7283097131005877,2893.0,,,24.0,1,1,0,0,0,3,Moderately Selective (50-75%),Master's University
240392,Herzing University-Madison,WI,2,1,2,2,9,18,19,54,0.9448275862068966,435.0,,,,1,0,1,0,0,4,Less Selective (>75% or open),Master's University
240417,University of Wisconsin-Stout,WI,1,1,1,2,9,18,18,21,0.8631038356604076,6231.0,,,26.0,1,1,0,0,0,4,Less Selective (>75% or open),Master's University
240426,University of Wisconsin-Superior,WI,1,1,1,2,7,19,21,21,0.9560155239327296,2319.0,,,23.0,1,1,0,0,0,4,Less Selective (>75% or open),Master's University
240435,University of Wisconsin-System Administration,WI,0,1,1,2,9,-2,-2,-2,,,,,,1,1,0,0,0,4,Less Selective (>75% or open),Other
240444,University of Wisconsin-Madison,WI,1,1,1,2,9,15,15,15,0.490566977779254,60214.0,730.0,780.0,32.0,1,1,0,0,0,2,Selective (25-50%),R1 (very high research)
240453,University of Wisconsin-Milwaukee,WI,1,1,1,2,9,15,15,15,0.8631616425350107,16852.0,,,24.0,1,1,0,0,0,4,Less Selective (>75% or open),R1 (very high research)
240462,University of Wisconsin-Platteville,WI,1,1,1,2,7,18,18,21,0.8543145311916325,5354.0,,,27.0,1,1,0,0,0,4,Less Selective (>75% or open),Master's University
240471,University of Wisconsin-River Falls,WI,1,1,1,2,7,19,19,21,0.8447812270838426,4091.0,,,25.0,1,1,0,0,0,4,Less Selective (>75% or open),Master's University
240480,University of Wisconsin-Stevens Point,WI,1,1,1,2,9,19,20,21,0.8905172413793103,8120.0,,,25.0,1,1,0,0,0,4,Less Selective (>75% or open),Master's University
240505,Casper College,WY,4,2,1,2,3,5,5,40,,,,,,0,1,0,0,0,5,2-year/Associate,Associate / CC
240514,Central Wyoming College,WY,1,1,1,2,5,5,6,40,,,,,,1,1,0,0,0,4,Less Selective (>75% or open),Associate / CC
240596,Eastern Wyoming College,WY,4,2,1,2,3,9,6,40,,,,,,0,1,0,0,0,5,2-year/Associate,Associate / CC
240620,Laramie County Community College,WY,1,1,1,2,5,8,9,40,,,,,,1,1,0,0,0,4,Less Selective (>75% or open),Associate / CC
240657,Northwest College,WY,1,1,1,2,5,5,5,40,,,,,,1,1,0,0,0,4,Less Selective (>75% or open),Associate / CC
240666,Northern Wyoming Community College District,WY,4,2,1,2,3,6,9,40,,,,,,0,1,0,0,0,5,2-year/Associate,Associate / CC
240693,Western Wyoming Community College,WY,1,1,1,2,5,9,3,40,,,,,,1,1,0,0,0,4,Less Selective (>75% or open),Associate / CC
240709,Cheeks Beauty Academy,WY,9,3,3,2,2,-2,-2,-2,,,,,,0,0,0,1,0,5,2-year/Associate,Other
240718,WyoTech,WY,6,2,3,2,4,11,11,40,,,,,,0,0,0,1,0,5,2-year/Associate,Associate / CC
240727,University of Wyoming,WY,1,1,1,2,9,16,16,15,0.9598067966189409,5797.0,,,,1,1,0,0,0,4,Less Selective (>75% or open),R2 (high research)
240736,American Samoa Community College,AS,1,1,1,2,5,14,14,40,,,,,,1,1,0,0,0,4,Less Selective (>75% or open),Associate / CC
240745,Guam Community College,GU,1,1,1,2,5,4,4,40,,,,,,1,1,0,0,0,4,Less Selective (>75% or open),Associate / CC
240754,University of Guam,GU,1,1,1,2,7,19,19,21,,,,,,1,1,0,0,0,4,Less Selective (>75% or open),Master's University
240790,Northern Marianas College,MP,1,1,1,2,5,23,23,40,,,,,,1,1,0,0,0,4,Less Selective (>75% or open),Bacc Diverse Fields
240879,Institute of Beauty Careers,PR,9,3,3,2,2,-2,-2,-2,,,,,,0,0,0,1,0,5,2-year/Associate,Other
241100,American University of Puerto Rico,PR,2,1,2,2,7,22,22,55,,,,,,1,0,1,0,0,4,Less Selective (>75% or open),Bacc Diverse Fields
241128,American University of Puerto Rico,PR,2,1,2,2,7,22,22,-2,,,,,,1,0,1,0,0,4,Less Selective (>75% or open),Bacc Diverse Fields
241146,American Educational College,PR,6,2,3,2,4,-2,-2,-2,,,,,,0,0,0,1,0,5,2-year/Associate,Other
241182,Antilles School of Technical Careers,PR,6,2,3,2,4,-2,-2,-2,,,,,,0,0,0,1,0,5,2-year/Associate,Other
241191,Universidad Adventista de las Antillas,PR,2,1,2,2,7,20,22,32,0.8307692307692308,195.0,,,,1,0,1,0,0,4,Less Selective (>75% or open),Master's University
241216,Atlantic University,PR,2,1,2,2,7,20,28,33,,,,,,1,0,1,0,0,4,Less Selective (>75% or open),Master's University
241225,Universidad Central de Bayamon,PR,2,1,2,2,8,20,20,21,0.8035714285714286,112.0,,,,1,0,1,0,0,4,Less Selective (>75% or open),Master's University
241304,Columbia Central University-Caguas,PR,3,1,3,2,7,26,26,33,,,,,,1,0,0,1,0,4,Less Selective (>75% or open),Mixed Spec-Focus
241331,Albizu University-San Juan,PR,2,1,2,2,9,26,26,59,1.0,205.0,,,,1,0,1,0,0,4,Less Selective (>75% or open),Mixed Spec-Focus
241377,Caribbean University-Bayamon,PR,2,1,2,2,9,20,20,32,,,,,,1,0,1,0,0,4,Less Selective (>75% or open),Master's University
241386,Caribbean University-Carolina,PR,2,1,2,2,7,22,22,-2,,,,,,1,0,1,0,0,4,Less Selective (>75% or open),Bacc Diverse Fields
241395,Pontifical Catholic University of Puerto Rico-Arecibo,PR,2,1,2,2,9,17,20,32,0.9821428571428571,168.0,,,,1,0,1,0,0,4,Less Selective (>75% or open),Doctoral / Pro
241410,Pontifical Catholic University of Puerto Rico-Ponce,PR,2,1,2,2,9,17,17,21,0.9473684210526315,2622.0,,,,1,0,1,0,0,4,Less Selective (>75% or open),Doctoral / Pro
241517,CEM College-San Juan,PR,3,1,3,2,5,26,26,-2,,,,,,1,0,0,1,0,4,Less Selective (>75% or open),Mixed Spec-Focus
241614,Universidad Teologica del Caribe,PR,2,1,2,2,7,24,24,51,,,,,,1,0,1,0,0,4,Less Selective (>75% or open),Bacc/Associate
241720,Colegio Universitario de San Juan,PR,1,1,1,2,5,22,22,40,0.9846153846153847,65.0,,,,1,1,0,0,0,4,Less Selective (>75% or open),Bacc Diverse Fields
241739,Universidad Ana G. Mendez-Cupey Campus,PR,2,1,2,2,9,18,18,21,,,,,,1,0,1,0,0,4,Less Selective (>75% or open),Master's University
241766,Puerto Rico Conservatory of Music,PR,1,1,1,2,7,30,30,56,0.8448275862068966,58.0,,,,1,1,0,0,0,4,Less Selective (>75% or open),Special Focus
241793,Center for Advanced Studies On Puerto Rico and the Caribbean,PR,2,1,2,2,9,20,32,59,,,,,,1,0,1,0,0,4,Less Selective (>75% or open),Master's University
241836,EDP University of Puerto Rico Inc-San Sebastian,PR,2,1,2,2,7,26,26,-2,0.9008264462809917,121.0,,,,1,0,1,0,0,4,Less Selective (>75% or open),Mixed Spec-Focus
241906,Emma's Beauty Academy-Mayaguez,PR,9,3,3,2,2,-2,-2,-2,,,,,,0,0,0,1,0,5,2-year/Associate,Other
241951,Escuela de Artes Plasticas y Diseno de Puerto Rico,PR,1,1,1,2,5,30,30,56,1.0,91.0,528.0,435.0,,1,1,0,0,0,4,Less Selective (>75% or open),Special Focus
242042,Instituto Tecnologico de Puerto Rico-Recinto de Manati,PR,4,2,1,2,3,7,7,-2,0.9184782608695652,184.0,,,,0,1,0,0,0,5,2-year/Associate,Associate / CC
242060,Sistema Universitario Ana G. Mendez,PR,0,1,2,2,9,-2,-2,-2,,,,,,1,0,1,0,0,4,Less Selective (>75% or open),Other
242112,Huertas College,PR,3,1,3,2,5,26,26,40,,,,,,1,0,0,1,0,4,Less Selective (>75% or open),Mixed Spec-Focus
242121,Humacao Community College,PR,2,1,2,2,5,23,23,40,,,,,,1,0,1,0,0,4,Less Selective (>75% or open),Bacc Diverse Fields
242130,ICPR Junior College-Arecibo,PR,6,2,3,2,3,10,10,-2,,,,,,0,0,0,1,0,5,2-year/Associate,Associate / CC
242149,ICPR Junior College-Mayaguez,PR,6,2,3,2,3,7,7,-2,,,,,,0,0,0,1,0,5,2-year/Associate,Associate / CC
242556,Instituto Tecnologico de Puerto Rico-Recinto de Guayama,PR,4,2,1,2,3,7,7,-2,0.75,200.0,,,,0,1,0,0,0,5,2-year/Associate,Associate / CC
242583,Instituto Tecnologico de Puerto Rico-Recinto de San Juan,PR,4,2,1,2,3,7,7,-2,0.6235294117647059,85.0,,,,0,1,0,0,0,5,2-year/Associate,Associate / CC
242617,Inter American University of Puerto Rico-San German,PR,2,1,2,2,9,20,17,21,0.4010507880910683,1713.0,,,,1,0,1,0,0,2,Selective (25-50%),Master's University
242626,Inter American University of Puerto Rico-Aguadilla,PR,2,1,2,2,8,20,20,32,0.45680473372781066,1690.0,,,,1,0,1,0,0,2,Selective (25-50%),Master's University
242635,Inter American University of Puerto Rico-Arecibo,PR,2,1,2,2,9,19,19,32,0.3331303288672351,1642.0,,,,1,0,1,0,0,2,Selective (25-50%),Master's University
242644,Inter American University of Puerto Rico-Barranquitas,PR,2,1,2,2,9,22,22,32,0.6777408637873754,602.0,,,,1,0,1,0,0,3,Moderately Selective (50-75%),Bacc Diverse Fields
242653,Inter American University of Puerto Rico-Metro,PR,2,1,2,2,9,18,17,21,0.4677716390423573,2715.0,,,,1,0,1,0,0,2,Selective (25-50%),Master's University
242662,Inter American University of Puerto Rico-Ponce,PR,2,1,2,2,9,22,20,32,0.5275,1200.0,,,,1,0,1,0,0,3,Moderately Selective (50-75%),Bacc Diverse Fields
242671,Inter American University of Puerto Rico-Central Office,PR,0,1,2,2,9,-2,-2,-2,,,,,,1,0,1,0,0,4,Less Selective (>75% or open),Other
242680,Inter American University of Puerto Rico-Fajardo,PR,2,1,2,2,7,22,20,32,0.4465493910690122,739.0,,,,1,0,1,0,0,2,Selective (25-50%),Bacc Diverse Fields
242699,Inter American University of Puerto Rico-Guayama,PR,2,1,2,2,7,22,22,32,0.4696296296296296,675.0,,,,1,0,1,0,0,2,Selective (25-50%),Bacc Diverse Fields
242705,Inter American University of Puerto Rico-Bayamon,PR,2,1,2,2,7,22,22,55,0.33807562710595285,2671.0,,,,1,0,1,0,0,2,Selective (25-50%),Bacc Diverse Fields
242723,Inter American University of Puerto Rico-School of Law,PR,2,1,2,2,9,31,31,57,,,,,,1,0,1,0,0,4,Less Selective (>75% or open),Special Focus
242820,Liceo de Arte y Tecnologia,PR,6,2,3,2,4,-2,-2,-2,,,,,,0,0,0,1,0,5,2-year/Associate,Other
242945,Modern Hairstyling Institute-Bayamon,PR,9,3,3,2,2,-2,-2,-2,0.8571428571428571,210.0,,,,0,0,0,1,0,5,2-year/Associate,Other
242954,Modern Hairstyling Institute-Arecibo,PR,9,3,3,2,2,-2,-2,-2,0.87,100.0,,,,0,0,0,1,0,5,2-year/Associate,Other
242972,NUC University,PR,3,1,3,2,7,18,26,40,,,,,,1,0,0,1,0,4,Less Selective (>75% or open),Master's University
243081,Ponce Health Sciences University,PR,3,1,3,2,9,25,16,52,,,,,,1,0,0,1,0,4,Less Selective (>75% or open),Bacc/Associate
243106,University of Puerto Rico-Aguadilla,PR,1,1,1,2,5,22,22,32,0.7684365781710915,678.0,542.0,546.0,,1,1,0,0,0,4,Less Selective (>75% or open),Bacc Diverse Fields
243115,University of Puerto Rico-Arecibo,PR,1,1,1,2,7,22,22,32,0.6004070556309362,1474.0,,,,1,1,0,0,0,3,Moderately Selective (50-75%),Bacc Diverse Fields
243133,University of Puerto Rico-Bayamon,PR,1,1,1,2,5,22,22,32,0.932258064516129,930.0,,,,1,1,0,0,0,4,Less Selective (>75% or open),Bacc Diverse Fields
243142,University of Puerto Rico-Carolina,PR,1,1,1,2,5,22,22,33,0.5542237442922374,1752.0,534.0,509.0,,1,1,0,0,0,3,Moderately Selective (50-75%),Bacc Diverse Fields
243151,University of Puerto Rico at Cayey,PR,1,1,1,2,5,21,21,31,0.49316170555108607,1243.0,570.0,564.0,,1,1,0,0,0,2,Selective (25-50%),Bacc Arts & Sciences
243160,University of Puerto Rico-Central Administration,PR,0,1,1,2,9,-2,-2,-2,,,,,,1,1,0,0,0,4,Less Selective (>75% or open),Other
243179,University of Puerto Rico-Humacao,PR,1,1,1,2,5,22,22,32,0.5204633204633204,1295.0,,,,1,1,0,0,0,3,Moderately Selective (50-75%),Bacc Diverse Fields
243188,University of Puerto Rico-Utuado,PR,1,1,1,2,5,23,23,40,0.680365296803653,219.0,,,,1,1,0,0,0,4,Less Selective (>75% or open),Bacc Diverse Fields
243197,University of Puerto Rico-Mayaguez,PR,1,1,1,2,9,19,18,21,0.543498380379454,4322.0,,,,1,1,0,0,0,3,Moderately Selective (50-75%),Master's University
243203,University of Puerto Rico-Medical Sciences,PR,1,1,1,2,9,25,25,52,,,,,,1,1,0,0,0,4,Less Selective (>75% or open),Bacc/Associate
243212,University of Puerto Rico at Ponce,PR,1,1,1,2,5,22,21,32,0.5404463040446305,1434.0,,,,1,1,0,0,0,3,Moderately Selective (50-75%),Bacc Diverse Fields
243221,University of Puerto Rico-Rio Piedras,PR,1,1,1,2,9,16,16,16,0.5159497839061535,4859.0,,,,1,1,0,0,0,3,Moderately Selective (50-75%),R2 (high research)
243346,Universidad Ana G. Mendez-Carolina Campus,PR,2,1,2,2,9,18,18,33,,,,,,1,0,1,0,0,4,Less Selective (>75% or open),Master's University
243443,Universidad del Sagrado Corazon,PR,2,1,2,2,7,19,19,22,0.5523000292997363,3413.0,,,,1,0,1,0,0,3,Moderately Selective (50-75%),Master's University
243498,Seminario Evangelico de Puerto Rico,PR,2,1,2,2,9,24,24,51,,,,,,1,0,1,0,0,4,Less Selective (>75% or open),Bacc/Associate
243568,Universidad Central Del Caribe,PR,2,1,2,2,9,25,25,52,0.7777777777777778,18.0,,,,1,0,1,0,0,4,Less Selective (>75% or open),Bacc/Associate
243577,Universidad Politecnica de Puerto Rico,PR,2,1,2,2,9,19,27,54,,,,,,1,0,1,0,0,4,Less Selective (>75% or open),Master's University
243586,Pontifical Catholic University of Puerto Rico-Mayaguez,PR,2,1,2,2,7,22,22,32,0.9976905311778291,433.0,,,,1,0,1,0,0,4,Less Selective (>75% or open),Bacc Diverse Fields
243601,Universidad Ana G. Mendez-Gurabo Campus,PR,2,1,2,2,9,17,17,21,,,,,,1,0,1,0,0,4,Less Selective (>75% or open),Doctoral / Pro
243638,College of Micronesia-FSM,FM,1,1,1,2,5,14,1,40,0.7896706586826348,1336.0,,,,1,1,0,0,0,4,Less Selective (>75% or open),Associate / CC
243647,Palau Community College,PW,4,2,1,2,3,1,1,40,,,,,,0,1,0,0,0,5,2-year/Associate,Associate / CC
243665,University of the Virgin Islands,VI,1,1,1,1,9,20,22,22,0.9689542483660131,612.0,520.0,470.0,23.0,1,1,0,0,1,4,Less Selective (>75% or open),Master's University
243744,Stanford University,CA,2,1,2,2,9,15,15,15,0.03680513675547199,56378.0,780.0,800.0,35.0,1,0,1,0,0,0,Elite (<10%),R1 (very high research)
243780,Purdue University-Main Campus,IN,1,1,1,2,9,15,15,15,0.527047913446677,68582.0,710.0,760.0,34.0,1,1,0,0,0,3,Moderately Selective (50-75%),R1 (very high research)
243799,Blue Hills Regional Technical School,MA,7,3,1,2,2,-2,-2,-2,0.4,10.0,,,,0,1,0,0,0,5,2-year/Associate,Other
243823,Parker University,TX,2,1,2,2,9,18,26,53,,,,,,1,0,1,0,0,4,Less Selective (>75% or open),Master's University
243832,EDP University of Puerto Rico Inc-San Juan,PR,2,1,2,2,7,23,20,33,0.39636363636363636,275.0,,,,1,0,1,0,0,4,Less Selective (>75% or open),Bacc Diverse Fields
243841,ICPR Junior College,PR,6,2,3,2,3,7,10,40,,,,,,0,0,0,1,0,5,2-year/Associate,Associate / CC
244233,City College-Hollywood,FL,3,1,3,2,5,23,23,40,,0.0,,,,1,0,0,1,0,4,Less Selective (>75% or open),Bacc Diverse Fields
244279,Meridian College,FL,6,2,3,2,3,10,10,-2,,,,,,0,0,0,1,0,5,2-year/Associate,Associate / CC
244437,Georgia State University-Perimeter College,GA,4,2,1,2,3,1,1,40,0.9913427721165119,11089.0,540.0,530.0,20.0,0,1,0,0,0,5,2-year/Associate,Associate / CC
244446,Georgia Piedmont Technical College,GA,4,2,1,2,4,8,8,40,,,,,,0,1,0,0,0,5,2-year/Associate,Associate / CC
244613,ETI School of Skilled Trades,IL,9,3,3,2,2,-2,-2,-2,,,,,,0,0,0,1,0,5,2-year/Associate,Other
245281,Traxlers School of Hair,MS,9,3,3,2,2,-2,-2,-2,,,,,,0,0,0,1,0,5,2-year/Associate,Other
245625,Warren County Community College,NJ,4,2,1,2,3,3,3,40,,,,,,0,1,0,0,0,5,2-year/Associate,Associate / CC
245652,St. John's College,NM,2,1,2,2,7,21,21,31,0.5408388520971302,453.0,740.0,720.0,32.0,1,0,1,0,0,4,Less Selective (>75% or open),Bacc Arts & Sciences
245777,Bais Medrash Elyon,NY,2,1,2,2,5,24,24,51,1.0,9.0,,,,1,0,1,0,0,4,Less Selective (>75% or open),Bacc/Associate
245838,Antioch University-Los Angeles,CA,2,1,2,2,7,18,19,21,,,,,,1,0,1,0,0,4,Less Selective (>75% or open),Master's University
245847,Antioch University-Santa Barbara,CA,2,1,2,2,9,20,20,-2,,,,,,1,0,1,0,0,4,Less Selective (>75% or open),Master's University
245865,Antioch University-New England,NH,2,1,2,2,9,18,19,16,,,,,,1,0,1,0,0,4,Less Selective (>75% or open),Master's University
245883,Antioch University-Seattle,WA,2,1,2,2,9,19,19,21,,,,,,1,0,1,0,0,4,Less Selective (>75% or open),Master's University
245892,Antioch University,OH,2,1,2,2,9,-2,20,21,,,,,,1,0,1,0,0,4,Less Selective (>75% or open),Other
245953,Mid-America Christian University,OK,2,1,2,2,8,19,19,51,,,,,,1,0,1,0,0,4,Less Selective (>75% or open),Master's University
245962,Miller-Motte College-Tulsa,OK,6,2,3,2,3,-2,10,-2,,,,,,0,0,0,1,0,5,2-year/Associate,Other
245980,Ponca City Beauty College,OK,9,3,3,2,2,-2,-2,-2,,,,,,0,0,0,1,0,5,2-year/Associate,Other
245999,Francis Tuttle Technology Center,OK,7,3,1,2,2,-2,-2,-2,,,,,,0,1,0,0,0,5,2-year/Associate,Other
246017,Central Technology Center,OK,7,3,1,2,2,-2,-2,-2,,,,,,0,1,0,0,0,5,2-year/Associate,Other
246035,Carrington College-Portland,OR,9,3,3,2,2,-2,-2,-2,,,,,,0,0,0,1,0,5,2-year/Associate,Other
246071,Career Technology Center of Lackawanna County,PA,7,3,1,2,2,-2,-2,-2,1.0,10.0,,,,0,1,0,0,0,5,2-year/Associate,Other
246345,Houston Graduate School of Theology,TX,2,1,2,2,9,24,24,51,,,,,,1,0,1,0,0,4,Less Selective (>75% or open),Bacc/Associate
246354,Palo Alto College,TX,4,2,1,2,3,3,3,40,,,,,,0,1,0,0,0,5,2-year/Associate,Associate / CC
246415,UCAS University of Cosmetology Arts & Sciences-San Antonio 410,TX,9,3,3,2,2,-2,-2,-2,,,,,,0,0,0,1,0,5,2-year/Associate,Other
246460,Central Texas Beauty College-Round Rock,TX,9,3,3,2,2,-2,-2,-2,,,,,,0,0,0,1,0,5,2-year/Associate,Other
246789,HJ International Graduate School for Peace and Public Leadership,NY,2,1,2,2,9,24,24,51,,,,,,1,0,1,0,0,4,Less Selective (>75% or open),Bacc/Associate
246813,Athens Technical College,GA,4,2,1,2,4,8,7,40,,,,,,0,1,0,0,0,5,2-year/Associate,Associate / CC
246895,GateWay Community College-Central City,AZ,7,3,1,2,2,-2,-2,-2,,,,,,0,1,0,0,0,5,2-year/Associate,Other
246974,Carrington College-San Leandro Campus,CA,6,2,3,2,3,13,10,40,,,,,,0,0,0,1,0,5,2-year/Associate,Associate / CC
247010,Headmasters School of Hair Design,ID,9,3,3,2,2,-2,-2,-2,,,,,,0,0,0,1,0,5,2-year/Associate,Other
247047,The Salon Professional Academy-Nampa,ID,9,3,3,2,2,-2,-2,-2,,,,,,0,0,0,1,0,5,2-year/Associate,Other
247065,Beckfield College-Florence,KY,3,1,3,2,5,26,23,40,,,,,,1,0,0,1,0,4,Less Selective (>75% or open),Mixed Spec-Focus
247083,University of Louisiana-System Administration,LA,0,1,1,2,5,-2,-2,-2,,,,,,1,1,0,0,0,4,Less Selective (>75% or open),Other
247153,Dorsey College-Wayne,MI,9,3,3,2,2,-2,-2,-2,,,,,,0,0,0,1,0,5,2-year/Associate,Other
247162,Ecumenical Theological Seminary,MI,2,1,2,2,9,24,24,-2,,,,,,1,0,1,0,0,4,Less Selective (>75% or open),Bacc/Associate
247409,Ross Medical Education Center-Saginaw,MI,9,3,3,2,2,-2,-2,-2,,,,,,0,0,0,1,0,5,2-year/Associate,Other
247603,Sussex County Community College,NJ,4,2,1,2,4,2,1,40,,,,,,0,1,0,0,0,5,2-year/Associate,Associate / CC
247649,Landmark College,VT,2,1,2,2,6,23,23,40,0.44874274661508706,517.0,,,,1,0,1,0,0,2,Selective (25-50%),Bacc Diverse Fields
247737,Mississippi Community College Board,MS,0,2,1,2,4,-2,-2,-2,,,,,,0,1,0,0,0,5,2-year/Associate,Other
247773,Yeshiva Gedolah of Greater Detroit,MI,2,1,2,2,5,24,24,51,0.84,25.0,,,,1,0,1,0,0,4,Less Selective (>75% or open),Bacc/Associate
247834,Collin County Community College District,TX,1,1,1,2,5,14,2,40,,,,,,1,1,0,0,0,4,Less Selective (>75% or open),Associate / CC
247940,Owensboro Community and Technical College,KY,4,2,1,2,4,6,6,40,,,,,,0,1,0,0,0,5,2-year/Associate,Associate / CC
248192,Allure Beauty College,KY,9,3,3,2,2,-2,-2,-2,,,,,,0,0,0,1,0,5,2-year/Associate,Other
248527,Cloyd's Beauty School 3 Inc,LA,9,3,3,2,2,-2,-2,-2,,,,,,0,0,0,1,0,5,2-year/Associate,Other
248606,Moore Norman Technology Center,OK,4,2,1,2,4,-2,-2,-2,,,,,,0,1,0,0,0,5,2-year/Associate,Other
248624,Fayette County Career & Technical Institute Practical Nursing Program,PA,7,3,1,2,2,-2,-2,-2,,,,,,0,1,0,0,0,5,2-year/Associate,Other
248633,Franklin County Career and Technology Center,PA,7,3,1,2,2,-2,-2,-2,0.6086956521739131,23.0,,,,0,1,0,0,0,5,2-year/Associate,Other
248660,Paul Mitchell the School-Knoxville,TN,9,3,3,2,2,-2,-2,-2,,,,,,0,0,0,1,0,5,2-year/Associate,Other
248703,Ogle School Hair Skin Nails-Hurst,TX,9,3,3,2,2,-2,-2,-2,,,,,,0,0,0,1,0,5,2-year/Associate,Other
248925,Tennessee College of Applied Technology Nashville,TN,4,2,1,2,4,-2,-2,-2,,,,,,0,1,0,0,0,5,2-year/Associate,Other
248934,ECPI University,VA,3,1,3,2,7,19,19,40,0.8269269470718454,4969.0,,,,1,0,0,1,0,4,Less Selective (>75% or open),Master's University
249061,Ms Roberts Academy of Beauty Culture,IL,9,3,3,2,2,-2,-2,-2,,,,,,0,0,0,1,0,5,2-year/Associate,Other
249238,Paul Mitchell the School-Houston,TX,9,3,3,2,2,-2,-2,-2,,,,,,0,0,0,1,0,5,2-year/Associate,Other
249609,Fortis Institute-Forty Fort,PA,6,2,3,2,3,10,10,40,,,,,,0,0,0,1,0,5,2-year/Associate,Associate / CC
250027,Laurel Business Institute,PA,6,2,3,2,4,7,8,40,0.8395061728395061,162.0,,,,0,0,0,1,0,5,2-year/Associate,Associate / CC
250285,Aviation Institute of Maintenance-Philadelphia,PA,6,2,3,2,4,-2,-2,-2,,,,,,0,0,0,1,0,5,2-year/Associate,Other
250744,Dorsey College-Roseville,MI,6,2,3,2,3,-2,-2,-2,,,,,,0,0,0,1,0,5,2-year/Associate,Other
250902,Moler-Pickens Beauty Academy,OH,6,2,3,2,4,-2,-2,-2,,,,,,0,0,0,1,0,5,2-year/Associate,Other
250993,Red River Technology Center,OK,7,3,1,2,2,-2,-2,-2,,,,,,0,1,0,0,0,5,2-year/Associate,Other
251260,Southern Union State Community College,AL,4,2,1,2,3,4,4,40,,,,,,0,1,0,0,0,5,2-year/Associate,Associate / CC
251312,South University-Columbia,SC,3,1,3,2,7,17,19,40,,,,,,1,0,0,1,0,4,Less Selective (>75% or open),Doctoral / Pro
260336,Clinton Technical School,MO,7,3,1,2,2,-2,-2,-2,,0.0,,,,0,1,0,0,0,5,2-year/Associate,Other
260363,Greene County Career and Technology Center,PA,7,3,1,2,2,-2,-2,-2,1.0,6.0,,,,0,1,0,0,0,5,2-year/Associate,Other
260372,Lac Courte Oreilles Ojibwe University,WI,1,1,1,2,7,33,33,60,,,,,,1,1,0,0,0,4,Less Selective (>75% or open),Tribal
260664,Diesel Driving Academy-Shreveport,LA,9,3,3,2,1,-2,-2,-2,,,,,,0,0,0,1,0,5,2-year/Associate,Other
260691,Pima Medical Institute-Mesa,AZ,6,2,3,2,3,10,10,-2,,,,,,0,0,0,1,0,5,2-year/Associate,Associate / CC
260789,Platt College-Los Angeles,CA,3,1,3,2,5,23,26,40,,,,,,1,0,0,1,0,4,Less Selective (>75% or open),Bacc Diverse Fields
260813,Platt College-Aurora,CO,3,1,3,2,5,26,26,40,0.6470588235294118,17.0,,,,1,0,0,1,0,4,Less Selective (>75% or open),Mixed Spec-Focus
260929,Paul Mitchell the School-Boise,ID,9,3,3,2,2,-2,-2,-2,,,,,,0,0,0,1,0,5,2-year/Associate,Other
260965,Educators of Beauty College of Cosmetology-Rockford,IL,9,3,3,2,2,-2,-2,-2,,,,,,0,0,0,1,0,5,2-year/Associate,Other
260992,Northwestern College,IL,3,1,3,2,5,26,10,-2,,,,,,1,0,0,1,0,4,Less Selective (>75% or open),Mixed Spec-Focus
261436,Douglas J Aveda Institute,MI,6,2,3,2,4,-2,-2,-2,,,,,,0,0,0,1,0,5,2-year/Associate,Other
261676,Ross Medical Education Center-Brighton,MI,9,3,3,2,2,-2,-2,-2,,,,,,0,0,0,1,0,5,2-year/Associate,Other
261685,Ross Medical Education Center-Ann Arbor,MI,9,3,3,2,2,-2,-2,-2,,,,,,0,0,0,1,0,5,2-year/Associate,Other
261719,Dorsey School of Beauty,MI,9,3,3,2,2,-2,-2,-2,,,,,,0,0,0,1,0,5,2-year/Associate,Other
261773,Pike-Lincoln Technical Center,MO,7,3,1,2,2,-2,-2,-2,,,,,,0,1,0,0,0,5,2-year/Associate,Other
261861,West Virginia Junior College-United Career Institute,PA,6,2,3,2,3,10,10,-2,,,,,,0,0,0,1,0,5,2-year/Associate,Associate / CC
262031,St Charles Community College,MO,4,2,1,2,3,1,1,40,,,,,,0,1,0,0,0,5,2-year/Associate,Associate / CC
262086,University of Massachusetts Global,CA,1,1,1,2,9,17,17,-2,,,,,,1,1,0,0,0,4,Less Selective (>75% or open),Doctoral / Pro
262129,New College of Florida,FL,1,1,1,2,7,21,21,31,0.7540983606557377,1830.0,710.0,650.0,31.0,1,1,0,0,0,4,Less Selective (>75% or open),Bacc Arts & Sciences
262165,Montana Bible College,MT,2,1,2,2,5,-2,-2,-2,,,,,,1,0,1,0,0,4,Less Selective (>75% or open),Other
262341,Conservatory of Recording Arts and Sciences,AZ,9,3,3,2,2,-2,-2,-2,,,,,,0,0,0,1,0,5,2-year/Associate,Other
262369,Adrian's Beauty College of Turlock,CA,9,3,3,2,2,-2,-2,-2,,,,,,0,0,0,1,0,5,2-year/Associate,Other
262457,San Joaquin Valley College-Fresno,CA,6,2,3,2,3,9,-2,-2,,,,,,0,0,0,1,0,5,2-year/Associate,Associate / CC
262466,Dr. Ida Rolf Institute,CO,8,3,2,2,1,-2,-2,-2,1.0,2.0,,,,0,0,1,0,0,5,2-year/Associate,Other
362700,Aveda Institute-Fort Myers,FL,9,3,3,2,2,-2,-2,-2,,,,,,0,0,0,1,0,5,2-year/Associate,Other
362782,Elizabeth Grady School of Esthetics and Massage Therapy,MA,9,3,3,2,1,-2,-2,-2,,,,,,0,0,0,1,0,5,2-year/Associate,Other
363013,Ross Medical Education Center-Port Huron,MI,9,3,3,2,2,-2,-2,-2,,,,,,0,0,0,1,0,5,2-year/Associate,Other
363147,Raphael's School of Beauty Culture Inc-Alliance,OH,6,2,3,2,4,-2,-2,-2,,,,,,0,0,0,1,0,5,2-year/Associate,Other
363165,Metro Technology Centers,OK,4,2,1,2,4,-2,-2,-2,,,,,,0,1,0,0,0,5,2-year/Associate,Other
363633,Luna Community College,NM,4,2,1,2,4,5,6,40,,,,,,0,1,0,0,0,5,2-year/Associate,Associate / CC
363679,Grabber School of Hair Design,MO,9,3,3,2,2,-2,-2,-2,,,,,,0,0,0,1,0,5,2-year/Associate,Other
363712,Yeshivah Gedolah Rabbinical College,FL,2,1,2,2,7,24,24,51,,,,,,1,0,1,0,0,4,Less Selective (>75% or open),Bacc/Associate
363882,Raphael's School of Beauty Culture Inc-Brunswick,OH,6,2,3,2,4,-2,-2,-2,,,,,,0,0,0,1,0,5,2-year/Associate,Other
363907,Caribbean University-Ponce,PR,2,1,2,2,9,22,22,-2,,,,,,1,0,1,0,0,4,Less Selective (>75% or open),Bacc Diverse Fields
363916,Caribbean University-Vega Baja,PR,2,1,2,2,7,22,22,-2,,,,,,1,0,1,0,0,4,Less Selective (>75% or open),Bacc Diverse Fields
363934,University of Advancing Technology,AZ,3,1,3,2,7,22,28,54,0.9150110375275938,906.0,,,,1,0,0,1,0,4,Less Selective (>75% or open),Bacc Diverse Fields
364016,Paradise Valley Community College,AZ,1,1,1,2,5,2,2,40,,,,,,1,1,0,0,0,4,Less Selective (>75% or open),Associate / CC
364025,Chandler-Gilbert Community College,AZ,4,2,1,2,4,2,3,40,,,,,,0,1,0,0,0,5,2-year/Associate,Associate / CC
364548,Great Plains Technology Center,OK,7,3,1,2,2,-2,-2,-2,,,,,,0,1,0,0,0,5,2-year/Associate,Other
364575,Roane-Jackson Technical Center,WV,4,2,1,2,4,-2,-2,-2,,,,,,0,1,0,0,0,5,2-year/Associate,Other
364627,Pioneer Technology Center,OK,7,3,1,2,2,-2,-2,-2,,,,,,0,1,0,0,0,5,2-year/Associate,Other
364636,Portage Lakes Career Center,OH,7,3,1,2,2,-2,-2,-2,,,,,,0,1,0,0,0,5,2-year/Associate,Other
364760,Bell Mar Beauty College,IL,9,3,3,2,2,-2,-2,-2,,,,,,0,0,0,1,0,5,2-year/Associate,Other
364946,Caddo Kiowa Technology Center,OK,7,3,1,2,2,-2,-2,-2,,,,,,0,1,0,0,0,5,2-year/Associate,Other
364964,"Center for Instruction, Technology & Innovation",NY,7,3,1,2,2,-2,-2,-2,,,,,,0,1,0,0,0,5,2-year/Associate,Other
365091,International School of Skin Nailcare & Massage Therapy,GA,9,3,3,2,2,-2,-2,-2,,,,,,0,0,0,1,0,5,2-year/Associate,Other
365125,Palomar Institute of Cosmetology,CA,9,3,3,2,2,-2,-2,-2,,,,,,0,0,0,1,0,5,2-year/Associate,Other
365198,Southern Oklahoma Technology Center,OK,7,3,1,2,2,-2,-2,-2,,,,,,0,1,0,0,0,5,2-year/Associate,Other
365213,Autry Technology Center,OK,4,2,1,2,4,-2,-2,-2,0.636150234741784,426.0,,,,0,1,0,0,0,5,2-year/Associate,Other
365240,Greene County Career Center,OH,7,3,1,2,1,-2,-2,-2,,,,,,0,1,0,0,0,5,2-year/Associate,Other
365374,Canadian Valley Technology Center,OK,4,2,1,2,4,-2,-2,-2,,,,,,0,1,0,0,0,5,2-year/Associate,Other
365383,Wilkes-Barre Area Career and Technical Center Practical Nursing,PA,7,3,1,2,2,-2,-2,-2,0.6413043478260869,92.0,,,,0,1,0,0,0,5,2-year/Associate,Other
365480,Meridian Technology Center,OK,4,2,1,2,4,-2,-2,-2,,,,,,0,1,0,0,0,5,2-year/Associate,Other
365505,Waynesville Career Center,MO,7,3,1,2,2,-2,-2,-2,,,,,,0,1,0,0,0,5,2-year/Associate,Other
365693,Capitol Beauty School,NE,6,2,3,2,4,-2,-2,-2,,,,,,0,0,0,1,0,5,2-year/Associate,Other
365763,Morris County Vocational School District,NJ,7,3,1,2,2,-2,-2,-2,1.0,25.0,,,,0,1,0,0,0,5,2-year/Associate,Other
365824,Ross Medical Education Center-Roosevelt Park,MI,9,3,3,2,2,-2,-2,-2,,,,,,0,0,0,1,0,5,2-year/Associate,Other
365833,Ross Medical Education Center-Kentwood,MI,9,3,3,2,2,-2,-2,-2,,,,,,0,0,0,1,0,5,2-year/Associate,Other
366003,South Florida Bible College and Theological Seminary,FL,2,1,2,2,9,22,24,-2,,,,,,1,0,1,0,0,4,Less Selective (>75% or open),Bacc Diverse Fields
366155,Cloyd's Barber School 2 Inc,LA,9,3,3,2,2,-2,-2,-2,,,,,,0,0,0,1,0,5,2-year/Associate,Other
366191,Universal Technical Institute of Illinois Inc,IL,6,2,3,2,4,-2,-2,-2,,,,,,0,0,0,1,0,5,2-year/Associate,Other
366252,Pennsylvania College of Technology,PA,1,1,1,2,7,23,23,33,,,,,,1,1,0,0,0,4,Less Selective (>75% or open),Bacc Diverse Fields
366261,Commonwealth Institute of Funeral Service,TX,5,2,2,2,3,12,12,40,,,,,,0,0,1,0,0,5,2-year/Associate,Associate / CC
366270,Delta College of Arts & Technology,LA,6,2,3,2,3,12,12,40,,,,,,0,0,0,1,0,5,2-year/Associate,Associate / CC
366289,InterCoast Colleges-Santa Ana,CA,9,3,3,2,2,13,10,-2,,,,,,0,0,0,1,0,5,2-year/Associate,Associate / CC
366340,Stone Child College,MT,1,1,1,2,5,33,33,60,,,,,,1,1,0,0,0,4,Less Selective (>75% or open),Tribal
366368,New York Academy of Art,NY,2,1,2,2,7,30,30,56,,,,,,1,0,1,0,0,4,Less Selective (>75% or open),Special Focus
366395,Suffolk County Community College,NY,4,2,1,2,3,1,1,40,,,,,,0,1,0,0,0,5,2-year/Associate,Associate / CC
366401,Las Positas College,CA,4,2,1,2,4,1,1,40,,,,,,0,1,0,0,0,5,2-year/Associate,Associate / CC
366438,Blades School of Hair Design,MD,9,3,3,2,2,-2,-2,-2,,,,,,0,0,0,1,0,5,2-year/Associate,Other
366465,Ogeechee Technical College,GA,4,2,1,2,4,8,8,-2,,,,,,0,1,0,0,0,5,2-year/Associate,Associate / CC
366535,Remington College-Mobile Campus,AL,5,2,2,2,3,8,28,40,,,,,,0,0,1,0,0,5,2-year/Associate,Associate / CC
366553,Southern Technical College,FL,6,2,3,2,3,26,23,40,,,,,,0,0,0,1,0,5,2-year/Associate,Mixed Spec-Focus
366571,Mercy-St Luke's School of Radiologic Technology,IA,5,2,2,2,4,-2,-2,-2,,,,,,0,0,1,0,0,5,2-year/Associate,Other
366605,Southwest Acupuncture College-Santa Fe,NM,3,1,3,2,7,26,26,53,,,,,,1,0,0,1,0,4,Less Selective (>75% or open),Mixed Spec-Focus
366623,Northwest Technology Center-Alva,OK,7,3,1,2,2,-2,-2,-2,,,,,,0,1,0,0,0,5,2-year/Associate,Other
366632,Mercer County Career Center,PA,7,3,1,2,2,-2,-2,-2,,,,,,0,1,0,0,0,5,2-year/Associate,Other
366711,California State University-San Marcos,CA,1,1,1,2,9,18,18,21,0.9519426018681467,14774.0,,,,1,1,0,0,0,4,Less Selective (>75% or open),Master's University
367051,Hairmasters Institute of Cosmetology,IL,9,3,3,2,2,-2,-2,-2,,,,,,0,0,0,1,0,5,2-year/Associate,Other
367088,Tricoci University of Beauty Culture LLC-Bloomington,IN,9,3,3,2,2,-2,-2,-2,,,,,,0,0,0,1,0,5,2-year/Associate,Other
367103,Interactive College of Technology-Newport,KY,6,2,3,2,3,-2,13,-2,,,,,,0,0,0,1,0,5,2-year/Associate,Other
367112,Miller-Motte College-McCann-Monroe,LA,6,2,3,2,3,7,8,-2,,,,,,0,0,0,1,0,5,2-year/Associate,Associate / CC
367158,Ross Medical Education Center-Taylor,MI,9,3,3,2,2,-2,-2,-2,,,,,,0,0,0,1,0,5,2-year/Associate,Other
367334,National Tractor Trailer School Inc-Liverpool,NY,9,3,3,2,1,-2,-2,-2,,,,,,0,0,0,1,0,5,2-year/Associate,Other
367361,Interactive College of Technology,TX,6,2,3,2,3,13,13,-2,,,,,,0,0,0,1,0,5,2-year/Associate,Associate / CC
367431,Butler Beauty Academy-New Castle Beauty Academy,PA,9,3,3,2,2,-2,-2,-2,,,,,,0,0,0,1,0,5,2-year/Associate,Other
367459,NorthWest Arkansas Community College,AR,4,2,1,2,3,2,2,40,,,,,,0,1,0,0,0,5,2-year/Associate,Associate / CC
367875,H W Brewster Technical College,FL,4,2,1,2,4,-2,-2,-2,,,,,,0,1,0,0,0,5,2-year/Associate,Other
367884,Hodges University,FL,2,1,2,2,7,20,20,32,,,,,,1,0,1,0,0,4,Less Selective (>75% or open),Master's University
367954,University of St. Augustine for Health Sciences,CA,3,1,3,2,9,26,26,-2,,,,,,1,0,0,1,0,4,Less Selective (>75% or open),Mixed Spec-Focus
367972,Capital Area Career Center,IL,7,3,1,2,2,-2,-2,-2,,,,,,0,1,0,0,0,5,2-year/Associate,Other
367981,Hair Professionals Career College,IL,9,3,3,2,2,-2,-2,-2,,,,,,0,0,0,1,0,5,2-year/Associate,Other
368230,Empire Beauty School-Bloomfield,NJ,9,3,3,2,2,-2,-2,-2,,,,,,0,0,0,1,0,5,2-year/Associate,Other
368364,Southwest Technology Center,OK,7,3,1,2,2,-2,-2,-2,,,,,,0,1,0,0,0,5,2-year/Associate,Other
368407,Western Area Career & Technology Center,PA,7,3,1,2,2,-2,-2,-2,,,,,,0,1,0,0,0,5,2-year/Associate,Other
368443,Hussian College-Daymar College Clarksville,TN,3,1,3,2,5,23,23,40,0.5332167832167832,572.0,,,,1,0,0,1,0,3,Moderately Selective (50-75%),Bacc Diverse Fields
368452,Nossi College of Art and Design,TN,3,1,3,2,5,30,30,40,0.5673469387755102,245.0,,,,1,0,0,1,0,4,Less Selective (>75% or open),Special Focus
368540,Seguin Beauty School-New Braunfels,TX,9,3,3,2,2,-2,-2,-2,,,,,,0,0,0,1,0,5,2-year/Associate,Other
368629,Pima Medical Institute-Seattle,WA,6,2,3,2,3,10,10,-2,,,,,,0,0,0,1,0,5,2-year/Associate,Associate / CC
368647,Mineral County Vocational Technical Center,WV,7,3,1,2,2,-2,-2,-2,,0.0,,,,0,1,0,0,0,5,2-year/Associate,Other
368771,Hypnosis Motivation Institute,CA,8,3,2,2,1,-2,-2,-2,,,,,,0,0,1,0,0,5,2-year/Associate,Other
368832,Thanh Le College School of Cosmetology,CA,9,3,3,2,2,-2,-2,-2,,,,,,0,0,0,1,0,5,2-year/Associate,Other
368911,Southeastern Technical College,GA,4,2,1,2,4,9,8,-2,,,,,,0,1,0,0,0,5,2-year/Associate,Associate / CC
369002,Massachusetts School of Law,MA,2,1,2,2,9,31,31,57,,,,,,1,0,1,0,0,4,Less Selective (>75% or open),Special Focus
369400,Universal Technical Institute-Auto Motorcycle & Marine Mechanics Institute Division-Orlando,FL,6,2,3,2,3,11,-2,-2,,,,,,0,0,0,1,0,5,2-year/Associate,Associate / CC
369419,Erwin Technical College,FL,4,2,1,2,4,-2,-2,-2,,,,,,0,1,0,0,0,5,2-year/Associate,Other
369446,Rosel School of Cosmetology,IL,9,3,3,2,2,-2,-2,-2,,,,,,0,0,0,1,0,5,2-year/Associate,Other
369455,Worsham College of Mortuary Science,IL,6,2,3,2,3,12,12,-2,0.7647058823529411,17.0,,,,0,0,0,1,0,5,2-year/Associate,Associate / CC
369516,Bryan University,MO,3,1,3,2,7,23,23,-2,,,,,,1,0,0,1,0,4,Less Selective (>75% or open),Bacc Diverse Fields
369659,Oregon College of Oriental Medicine,OR,2,1,2,2,9,26,26,53,,,,,,1,0,1,0,0,4,Less Selective (>75% or open),Mixed Spec-Focus
369668,Central Pennsylvania Institute of Science and Technology,PA,4,2,1,2,3,11,-2,-2,0.8264462809917356,121.0,,,,0,1,0,0,0,5,2-year/Associate,Associate / CC
369686,Northwest Educational Center,TX,9,3,3,2,2,-2,-2,-2,,,,,,0,0,0,1,0,5,2-year/Associate,Other
369783,PCI Health Training Center,TX,9,3,3,2,2,-2,-2,-2,,,,,,0,0,0,1,0,5,2-year/Associate,Other
369950,Hamrick School,OH,9,3,3,2,1,-2,-2,-2,,,,,,0,0,0,1,0,5,2-year/Associate,Other
371052,Fortis College,AL,9,3,3,2,2,-2,-2,-2,,,,,,0,0,0,1,0,5,2-year/Associate,Other
371690,Downey Adult School,CA,4,2,1,2,4,-2,-2,-2,,,,,,0,1,0,0,0,5,2-year/Associate,Other
371830,CRU Institute of Cosmetology and Barbering,CA,9,3,3,2,2,-2,-2,-2,,,,,,0,0,0,1,0,5,2-year/Associate,Other
371928,Modern Technology School,CA,6,2,3,2,4,-2,-2,-2,,,,,,0,0,0,1,0,5,2-year/Associate,Other
371964,National Career Education,CA,9,3,3,2,1,10,10,-2,,,,,,0,0,0,1,0,5,2-year/Associate,Associate / CC
372028,North-West College-Glendale,CA,9,3,3,2,2,-2,-2,-2,,,,,,0,0,0,1,0,5,2-year/Associate,Other
372073,Fremont University,CA,3,1,3,2,7,23,23,40,,,,,,1,0,0,1,0,4,Less Selective (>75% or open),Bacc Diverse Fields
372082,Pomona Unified School District Adult and Career Education,CA,7,3,1,2,2,-2,-2,-2,,,,,,0,1,0,0,0,5,2-year/Associate,Other
372240,Universal College of Beauty Inc-Los Angeles 2,CA,9,3,3,2,2,-2,-2,-2,,,,,,0,0,0,1,0,5,2-year/Associate,Other
372329,IBMC College,CO,6,2,3,2,3,10,9,40,,,,,,0,0,0,1,0,5,2-year/Associate,Associate / CC
372356,Avalon Institute-Aurora,CO,9,3,3,2,2,-2,-2,-2,,,,,,0,0,0,1,0,5,2-year/Associate,Other
372462,Academy of Cosmetology,FL,9,3,3,2,2,-2,-2,-2,,,,,,0,0,0,1,0,5,2-year/Associate,Other
372921,Fortis College-Smyrna,GA,6,2,3,2,3,10,10,-2,,,,,,0,0,0,1,0,5,2-year/Associate,Associate / CC
373085,Ross College-Davenport,IA,6,2,3,2,3,10,7,-2,,,,,,0,0,0,1,0,5,2-year/Associate,Associate / CC
373216,Pivot Point Academy,IL,9,3,3,2,2,-2,-2,-2,,,,,,0,0,0,1,0,5,2-year/Associate,Other
373456,Blalock's Professional Beauty College,LA,9,3,3,2,2,-2,-2,-2,,,,,,0,0,0,1,0,5,2-year/Associate,Other
373526,Diesel Driving Academy-Baton Rouge,LA,9,3,3,2,1,-2,-2,-2,,,,,,0,0,0,1,0,5,2-year/Associate,Other
373678,New England Hair Academy,MA,9,3,3,2,2,-2,-2,-2,,,,,,0,0,0,1,0,5,2-year/Associate,Other
373696,Rob Roy Academy-Worcester,MA,9,3,3,2,2,-2,-2,-2,,,,,,0,0,0,1,0,5,2-year/Associate,Other
373711,Upper Cape Cod Regional Technical School,MA,7,3,1,2,2,-2,-2,-2,0.8571428571428571,28.0,,,,0,1,0,0,0,5,2-year/Associate,Other
373784,All-State Career-Baltimore,MD,9,3,3,2,2,-2,-2,-2,,,,,,0,0,0,1,0,5,2-year/Associate,Other
374024,Adler Graduate School,MN,2,1,2,2,8,26,26,59,,,,,,1,0,1,0,0,4,Less Selective (>75% or open),Mixed Spec-Focus
374316,Academy of Hair Design-Jackson,MS,9,3,3,2,2,-2,-2,-2,,,,,,0,0,0,1,0,5,2-year/Associate,Other
374343,KC's School of Hair Design,MS,9,3,3,2,2,-2,-2,-2,,,,,,0,0,0,1,0,5,2-year/Associate,Other
374574,Lincoln Technical Institute-Moorestown,NJ,9,3,3,2,2,-2,-2,-2,,,,,,0,0,0,1,0,5,2-year/Associate,Other
374592,MCVSD,NJ,7,3,1,2,2,-2,-2,-2,,,,,,0,1,0,0,0,5,2-year/Associate,Other
375106,National Tractor Trailer School Inc-Buffalo,NY,9,3,3,2,1,-2,-2,-2,,,,,,0,0,0,1,0,5,2-year/Associate,Other
375230,Yeshiva Gedolah Imrei Yosef D'spinka,NY,2,1,2,2,5,24,24,51,,,,,,1,0,1,0,0,4,Less Selective (>75% or open),Bacc/Associate
375373,Knox County Career Center,OH,7,3,1,2,2,-2,-2,-2,,,,,,0,1,0,0,0,5,2-year/Associate,Other
375407,Madison Adult Career Center,OH,4,2,1,2,4,-2,-2,-2,,,,,,0,1,0,0,0,5,2-year/Associate,Other
375416,Remington College-Cleveland Campus,OH,5,2,2,2,3,9,8,40,,,,,,0,0,1,0,0,5,2-year/Associate,Associate / CC
375540,Toledo Academy of Beauty Culture-East,OH,9,3,3,2,1,-2,-2,-2,,,,,,0,0,0,1,0,5,2-year/Associate,Other
375568,Brown & Clermont Adult Career Campuses,OH,7,3,1,2,2,-2,-2,-2,,,,,,0,1,0,0,0,5,2-year/Associate,Other
375656,Chisholm Trail Technology Center,OK,7,3,1,2,2,-2,-2,-2,,,,,,0,1,0,0,0,5,2-year/Associate,Other
375683,Gordon Cooper Technology Center,OK,4,2,1,2,4,-2,-2,-2,,,,,,0,1,0,0,0,5,2-year/Associate,Other
375726,Kiamichi Technology Center-McAlester,OK,7,3,1,2,2,-2,-2,-2,,,,,,0,1,0,0,0,5,2-year/Associate,Other
375939,YTI Career Institute-Altoona,PA,6,2,3,2,3,10,7,-2,,,,,,0,0,0,1,0,5,2-year/Associate,Associate / CC
375966,Eastern Center for Arts and Technology,PA,7,3,1,2,2,-2,-2,-2,0.6190476190476191,21.0,,,,0,1,0,0,0,5,2-year/Associate,Other
375984,Empire Beauty School-Center City Philadelphia,PA,9,3,3,2,2,-2,-2,-2,,,,,,0,0,0,1,0,5,2-year/Associate,Other
376224,CEM College-Humacao,PR,3,1,3,2,5,26,26,-2,,,,,,1,0,0,1,0,4,Less Selective (>75% or open),Mixed Spec-Focus
376242,Colegio Mayor de Tecnologia Inc,PR,9,3,3,2,2,-2,-2,-2,,,,,,0,0,0,1,0,5,2-year/Associate,Other
376288,Institucion Chaviano de Mayaguez,PR,9,3,3,2,2,-2,-2,-2,,,,,,0,0,0,1,0,5,2-year/Associate,Other
376330,Liceo de Arte-Dise-O y Comercio,PR,9,3,3,2,2,-2,-2,-2,,,,,,0,0,0,1,0,5,2-year/Associate,Other
376385,Universal Technology College of Puerto Rico,PR,2,1,2,2,5,26,26,-2,,,,,,1,0,1,0,0,4,Less Selective (>75% or open),Mixed Spec-Focus
376446,Academy of Hair Technology,SC,9,3,3,2,2,-2,-2,-2,,,,,,0,0,0,1,0,5,2-year/Associate,Other
376631,Mr Wayne's School of Unisex Hair Design,TN,9,3,3,2,2,-2,-2,-2,,,,,,0,0,0,1,0,5,2-year/Associate,Other
376677,Queen City College,TN,9,3,3,2,2,-2,-2,-2,,,,,,0,0,0,1,0,5,2-year/Associate,Other
376695,College of the Marshall Islands,MH,1,1,1,2,5,14,1,40,,,,,,1,1,0,0,0,4,Less Selective (>75% or open),Associate / CC
377111,Remington College-Fort Worth Campus,TX,5,2,2,2,3,14,14,-2,,,,,,0,0,1,0,0,5,2-year/Associate,Associate / CC
377193,UCAS University of Cosmetology Arts & Sciences,TX,9,3,3,2,2,-2,-2,-2,,,,,,0,0,0,1,0,5,2-year/Associate,Other
377218,School of Automotive Machinists & Technology,TX,6,2,3,2,4,11,11,-2,0.7704918032786885,61.0,,,,0,0,0,1,0,5,2-year/Associate,Associate / CC
377272,Nuvani Institute,TX,9,3,3,2,2,-2,-2,-2,,,,,,0,0,0,1,0,5,2-year/Associate,Other
377281,Nuvani Institute,TX,9,3,3,2,2,-2,-2,-2,,,,,,0,0,0,1,0,5,2-year/Associate,Other
377315,Texas College of Cosmetology-Abilene,TX,9,3,3,2,2,-2,-2,-2,,,,,,0,0,0,1,0,5,2-year/Associate,Other
377449,Centura College-Newport News,VA,9,3,3,2,2,9,9,-2,,,,,,0,0,0,1,0,5,2-year/Associate,Associate / CC
377458,Centura College-Norfolk,VA,6,2,3,2,3,10,10,-2,,,,,,0,0,0,1,0,5,2-year/Associate,Associate / CC
377485,Virginia Beach City Public Schools School of Practical Nursing,VA,7,3,1,2,2,-2,-2,-2,,,,,,0,1,0,0,0,5,2-year/Associate,Other
377546,Northwest College of Art & Design,WA,3,1,3,2,5,30,30,56,0.6793893129770993,131.0,,,,1,0,0,1,0,4,Less Selective (>75% or open),Special Focus
377555,University of Washington-Bothell Campus,WA,1,1,1,2,7,18,18,-2,0.8807582102711042,4537.0,680.0,770.0,30.0,1,1,0,0,0,4,Less Selective (>75% or open),Master's University
377564,University of Washington-Tacoma Campus,WA,1,1,1,2,9,18,18,-2,0.8834853090172239,1974.0,,,,1,1,0,0,0,4,Less Selective (>75% or open),Master's University
377643,Huntington School of Beauty Culture,WV,6,2,3,2,4,-2,-2,-2,,,,,,0,0,0,1,0,5,2-year/Associate,Other
377652,Valley College-Beckley,WV,6,2,3,2,3,-2,7,-2,,,,,,0,0,0,1,0,5,2-year/Associate,Other
377661,Valley College-Martinsburg,WV,3,1,3,2,5,23,10,40,,,,,,1,0,0,1,0,4,Less Selective (>75% or open),Bacc Diverse Fields
377722,Bellus Academy-Poway,CA,6,2,3,2,4,-2,-2,-2,,,,,,0,0,0,1,0,5,2-year/Associate,Other
377759,Capstone College,CA,9,3,3,2,2,-2,-2,-2,,,,,,0,0,0,1,0,5,2-year/Associate,Other
378105,Central Coast College,CA,6,2,3,2,4,13,10,-2,,,,,,0,0,0,1,0,5,2-year/Associate,Associate / CC
378576,Pacific College of Health and Science,CA,3,1,3,2,9,26,26,53,,,,,,1,0,0,1,0,4,Less Selective (>75% or open),Mixed Spec-Focus
378886,Artistic Nails and Beauty Academy-Tampa,FL,9,3,3,2,2,-2,-2,-2,,,,,,0,0,0,1,0,5,2-year/Associate,Other
378956,National Aviation Academy of Tampa Bay,FL,6,2,3,2,4,-2,-2,-2,,,,,,0,0,0,1,0,5,2-year/Associate,Other
379621,Madison Oneida BOCES-Practical Nursing Program,NY,7,3,1,2,2,-2,-2,-2,0.7777777777777778,9.0,,,,0,1,0,0,0,5,2-year/Associate,Other
379746,College of Health Care Professions,TX,6,2,3,2,3,-2,-2,-2,,,,,,0,0,0,1,0,5,2-year/Associate,Other
379782,Center for Advanced Legal Studies,TX,6,2,3,2,3,13,13,40,,,,,,0,0,0,1,0,5,2-year/Associate,Associate / CC
380067,Houston Training School-Main Campus,TX,9,3,3,2,2,-2,-2,-2,,,,,,0,0,0,1,0,5,2-year/Associate,Other
380359,Bay Mills Community College,MI,1,1,1,2,5,33,33,60,,,,,,1,1,0,0,0,4,Less Selective (>75% or open),Tribal
380368,Fond du Lac Tribal and Community College,MN,1,1,1,2,5,33,33,60,,,,,,1,1,0,0,0,4,Less Selective (>75% or open),Tribal
380377,Northwest Indian College,WA,1,1,1,2,5,33,33,60,,,,,,1,1,0,0,0,4,Less Selective (>75% or open),Tribal
380438,Provo College,UT,3,1,3,2,5,26,23,40,,,,,,1,0,0,1,0,4,Less Selective (>75% or open),Mixed Spec-Focus
381255,CET-Coachella,CA,8,3,2,2,2,-2,-2,-2,,,,,,0,0,1,0,0,5,2-year/Associate,Other
381282,CET-Oxnard,CA,8,3,2,2,2,-2,-2,-2,,,,,,0,0,1,0,0,5,2-year/Associate,Other
381325,CET-Santa Maria,CA,8,3,2,2,2,-2,-2,-2,,,,,,0,0,1,0,0,5,2-year/Associate,Other
381352,Colorado Chinese Medicine University,CO,3,1,3,2,9,26,26,-2,,,,,,1,0,0,1,0,4,Less Selective (>75% or open),Mixed Spec-Focus
381370,Michigan College of Beauty-Troy,MI,9,3,3,2,2,-2,-2,-2,,,,,,0,0,0,1,0,5,2-year/Associate,Other
381404,Ogle School Hair Skin Nails-Dallas,TX,9,3,3,2,2,-2,-2,-2,,,,,,0,0,0,1,0,5,2-year/Associate,Other
381459,Phoenix Seminary,AZ,2,1,2,2,9,24,24,-2,,,,,,1,0,1,0,0,4,Less Selective (>75% or open),Bacc/Associate
381486,Faust Institute of Cosmetology-Spirit Lake,IA,9,3,3,2,2,-2,-2,-2,,,,,,0,0,0,1,0,5,2-year/Associate,Other
381699,Cheeks Beauty Academy,CO,9,3,3,2,2,-2,-2,-2,,,,,,0,0,0,1,0,5,2-year/Associate,Other
381732,Colorado School of Healing Arts,CO,9,3,3,2,1,-2,10,-2,,,,,,0,0,0,1,0,5,2-year/Associate,Other
382258,Mt. Diablo Adult Education-Mt. Diablo USD,CA,7,3,1,2,2,-2,-2,-2,,,,,,0,1,0,0,0,5,2-year/Associate,Other
382416,Greater Lowell Technical School,MA,7,3,1,2,2,-2,-2,-2,1.0,13.0,,,,0,1,0,0,0,5,2-year/Associate,Other
382461,Academy of Hair Design-Pearl,MS,9,3,3,2,2,-2,-2,-2,,,,,,0,0,0,1,0,5,2-year/Associate,Other
382780,Genesis Career College-Lebanon,TN,9,3,3,2,2,-2,-2,-2,,,,,,0,0,0,1,0,5,2-year/Associate,Other
382911,Southwest College for the Deaf,TX,4,2,1,2,3,4,1,-2,,,,,,0,1,0,0,0,5,2-year/Associate,Associate / CC
382957,Fortis College-Richmond,VA,6,2,3,2,3,10,10,-2,,,,,,0,0,0,1,0,5,2-year/Associate,Associate / CC
383020,Midwest College of Oriental Medicine-Racine,WI,3,1,3,2,7,26,26,53,,,,,,1,0,0,1,0,4,Less Selective (>75% or open),Mixed Spec-Focus
383084,Hacienda La Puente Adult Education,CA,7,3,1,2,2,10,10,-2,0.940677966101695,354.0,,,,0,1,0,0,0,5,2-year/Associate,Associate / CC
383163,La Belle Beauty Academy,FL,9,3,3,2,2,-2,-2,-2,,,,,,0,0,0,1,0,5,2-year/Associate,Other
383190,Hawaii Community College,HI,4,2,1,2,4,7,4,40,,,,,,0,1,0,0,0,5,2-year/Associate,Associate / CC
383279,Robert Fiance Beauty Schools-North Plainfield,NJ,9,3,3,2,2,-2,-2,-2,,,,,,0,0,0,1,0,5,2-year/Associate,Other
383297,Long Island Beauty School-Hauppauge,NY,9,3,3,2,2,-2,-2,-2,,,,,,0,0,0,1,0,5,2-year/Associate,Other
383312,Buckeye Joint Vocational School,OH,7,3,1,2,2,-2,-2,-2,,,,,,0,1,0,0,0,5,2-year/Associate,Other
383330,Sandusky Career Center,OH,7,3,1,2,2,-2,-2,-2,,,,,,0,1,0,0,0,5,2-year/Associate,Other
383367,Greater Altoona Career & Technology Center,PA,7,3,1,2,2,-2,-2,-2,,,,,,0,1,0,0,0,5,2-year/Associate,Other
383464,Central Texas Beauty College-Temple,TX,9,3,3,2,2,-2,-2,-2,,,,,,0,0,0,1,0,5,2-year/Associate,Other
383525,Erie 2 Chautauqua Cattaraugus BOCES-Practical Nursing Program,NY,7,3,1,2,2,-2,-2,-2,0.5241935483870968,124.0,,,,0,1,0,0,0,5,2-year/Associate,Other
383765,Empire Beauty School-Brooklyn,NY,9,3,3,2,2,-2,-2,-2,,,,,,0,0,0,1,0,5,2-year/Associate,Other
383996,Eastern New Mexico University Ruidoso Branch Community College,NM,4,2,1,2,3,3,3,40,,,,,,0,1,0,0,0,5,2-year/Associate,Associate / CC
384236,UEI College-Ontario,CA,9,3,3,2,2,-2,-2,-2,,,,,,0,0,0,1,0,5,2-year/Associate,Other
384245,UEI College-Reseda,CA,9,3,3,2,2,-2,-2,-2,,,,,,0,0,0,1,0,5,2-year/Associate,Other
384254,Beacon College,FL,2,1,2,2,5,22,22,31,0.5192307692307693,416.0,,,,1,0,1,0,0,4,Less Selective (>75% or open),Bacc Diverse Fields
384306,Acupuncture and Integrative Medicine College-Berkeley,CA,2,1,2,2,9,26,26,53,,,,,,1,0,1,0,0,4,Less Selective (>75% or open),Mixed Spec-Focus
384333,Estrella Mountain Community College,AZ,4,2,1,2,3,2,2,40,,,,,,0,1,0,0,0,5,2-year/Associate,Associate / CC
384342,Heartland Community College,IL,4,2,1,2,3,3,3,40,,,,,,0,1,0,0,0,5,2-year/Associate,Associate / CC
384412,University of the Potomac-Washington DC Campus,DC,3,1,3,2,9,29,29,32,,,,,,1,0,0,1,0,4,Less Selective (>75% or open),Other
384421,Rabbi Jacob Joseph School,NJ,2,1,2,2,5,24,24,51,0.7333333333333333,45.0,,,,1,0,1,0,0,4,Less Selective (>75% or open),Bacc/Associate
385132,The Salon Professional Academy-Melbourne,FL,9,3,3,2,2,-2,-2,-2,,,,,,0,0,0,1,0,5,2-year/Associate,Other
385415,Albert Einstein College of Medicine,NY,2,1,2,2,9,27,-2,-2,,,,,,1,0,1,0,0,4,Less Selective (>75% or open),Mixed Spec-Focus
385503,Fortis Institute-Scranton,PA,6,2,3,2,3,10,10,-2,,,,,,0,0,0,1,0,5,2-year/Associate,Associate / CC
385619,Everglades University,FL,2,1,2,2,7,20,19,40,0.7034659820282413,779.0,,,,1,0,1,0,0,3,Moderately Selective (50-75%),Master's University
386153,Seminar L'moros Bais Yaakov,NY,5,2,2,2,3,13,13,-2,0.8594890510948905,548.0,,,,0,0,1,0,0,5,2-year/Associate,Associate / CC
386472,Herzing University-Orlando,FL,2,1,2,2,8,26,26,40,0.9428571428571428,175.0,,,,1,0,1,0,0,4,Less Selective (>75% or open),Mixed Spec-Focus
387925,Cortiva Institute,FL,9,3,3,2,2,-2,12,40,,,,,,0,0,0,1,0,5,2-year/Associate,Other
388520,College of Biblical Studies-Houston,TX,2,1,2,2,5,24,24,40,,,,,,1,0,1,0,0,4,Less Selective (>75% or open),Bacc/Associate
389860,Mid-EastCTC-Adult Education,OH,7,3,1,2,2,-2,-2,-2,,,,,,0,1,0,0,0,5,2-year/Associate,Other
390905,Polaris Career Center,OH,7,3,1,2,2,-2,-2,-2,,,,,,0,1,0,0,0,5,2-year/Associate,Other
391005,P&A Scholars Beauty School,MI,9,3,3,2,2,-2,-2,-2,,,,,,0,0,0,1,0,5,2-year/Associate,Other
391759,Sharp's Academy of Hairstyling,MI,9,3,3,2,2,-2,-2,-2,,,,,,0,0,0,1,0,5,2-year/Associate,Other
392257,The College of Health Care Professions-Northwest,TX,3,1,3,2,5,26,26,-2,,,,,,1,0,0,1,0,4,Less Selective (>75% or open),Mixed Spec-Focus
392354,"School of Professional Horticulture, New York Botanical Garden",NY,5,2,2,2,4,-2,-2,-2,,0.0,,,,0,0,1,0,0,5,2-year/Associate,Other
392415,Fortis College,TX,6,2,3,2,3,10,10,-2,,,,,,0,0,0,1,0,5,2-year/Associate,Associate / CC
393649,UEI College-Gardena,CA,6,2,3,2,3,-2,-2,-2,,,,,,0,0,0,1,0,5,2-year/Associate,Other
393861,Asian-American International Beauty College,CA,9,3,3,2,2,-2,-2,-2,,,,,,0,0,0,1,0,5,2-year/Associate,Other
395362,Copper Mountain Community College,CA,4,2,1,2,3,1,4,-2,,,,,,0,1,0,0,0,5,2-year/Associate,Associate / CC
395690,Diversified Vocational College,CA,9,3,3,2,1,-2,-2,-2,,,,,,0,0,0,1,0,5,2-year/Associate,Other
397942,UEI College-Fresno,CA,9,3,3,2,2,-2,-2,-2,,,,,,0,0,0,1,0,5,2-year/Associate,Other
399212,Santiago Canyon College,CA,4,2,1,2,3,1,1,-2,,,,,,0,1,0,0,0,5,2-year/Associate,Associate / CC
399869,Southern California Institute of Technology,CA,3,1,3,2,5,28,27,54,,,,,,1,0,0,1,0,4,Less Selective (>75% or open),Other
399911,Soka University of America,CA,2,1,2,2,7,21,21,-2,0.5662650602409639,498.0,660.0,780.0,,1,0,1,0,0,4,Less Selective (>75% or open),Bacc Arts & Sciences
400080,Summit College,CA,9,3,3,2,2,-2,-2,-2,,,,,,0,0,0,1,0,5,2-year/Associate,Other
400187,Advance Beauty College,CA,9,3,3,2,2,-2,-2,-2,,,,,,0,0,0,1,0,5,2-year/Associate,Other
400558,Los Angeles Pacific College,CA,6,2,3,2,3,1,-2,-2,,0.0,,,,0,0,0,1,0,5,2-year/Associate,Associate / CC
401223,World Mission University,CA,2,1,2,2,9,24,24,-2,,,,,,1,0,1,0,0,4,Less Selective (>75% or open),Bacc/Associate
401250,Yo San University of Traditional Chinese Medicine,CA,2,1,2,2,9,26,26,53,,,,,,1,0,1,0,0,4,Less Selective (>75% or open),Mixed Spec-Focus
401764,John Amico School of Hair Design,IL,9,3,3,2,2,-2,-2,-2,,,,,,0,0,0,1,0,5,2-year/Associate,Other
402563,Delta College Inc,LA,9,3,3,2,2,-2,-2,-2,,,,,,0,0,0,1,0,5,2-year/Associate,Other
402800,Tri-State Cosmetology Institute,TX,9,3,3,2,2,-2,-2,-2,,,,,,0,0,0,1,0,5,2-year/Associate,Other
403469,Frontier Community College,IL,4,2,1,2,3,3,6,40,,,,,,0,1,0,0,0,5,2-year/Associate,Associate / CC
403478,Lincoln Trail College,IL,4,2,1,2,3,2,3,40,,,,,,0,1,0,0,0,5,2-year/Associate,Associate / CC
403487,Wabash Valley College,IL,4,2,1,2,3,9,9,40,,,,,,0,1,0,0,0,5,2-year/Associate,Associate / CC
404055,Brookline College-Tempe,AZ,3,1,3,2,5,13,13,40,,,,,,1,0,0,1,0,4,Less Selective (>75% or open),Associate / CC
404222,Inter American University of Puerto Rico-School of Optometry,PR,2,1,2,2,9,26,26,53,,,,,,1,0,1,0,0,4,Less Selective (>75% or open),Mixed Spec-Focus
404338,Schiller International University,FL,3,1,3,2,7,29,29,55,,,,,,1,0,0,1,0,4,Less Selective (>75% or open),Other
404426,Coconino Community College,AZ,4,2,1,2,3,2,3,40,,,,,,0,1,0,0,0,5,2-year/Associate,Associate / CC
404480,University System of Maryland-Research Centers,MD,0,1,1,2,9,-2,-2,-2,,,,,,1,1,0,0,0,4,Less Selective (>75% or open),Other
404684,Emma's Beauty Academy-Juana Diaz,PR,9,3,3,2,2,-2,-2,-2,,,,,,0,0,0,1,0,5,2-year/Associate,Other
404718,Brillare Beauty Institute,TN,8,3,2,2,2,-2,-2,-2,,,,,,0,0,1,0,0,5,2-year/Associate,Other
404912,Pima Medical Institute-Denver,CO,6,2,3,2,3,10,10,-2,,,,,,0,0,0,1,0,5,2-year/Associate,Associate / CC
405012,Ohio State School of Cosmetology-Heath,OH,6,2,3,2,4,-2,-2,-2,,,,,,0,0,0,1,0,5,2-year/Associate,Other
405058,Yeshivas Novominsk,NY,2,1,2,2,5,-2,24,51,0.78,50.0,,,,1,0,1,0,0,4,Less Selective (>75% or open),Other
405076,Southern Careers Institute-Corpus Christi,TX,6,2,3,2,3,-2,-2,-2,,,,,,0,0,0,1,0,5,2-year/Associate,Other
405854,Rabbinical College of Ohr Shimon Yisroel,NY,2,1,2,2,5,24,24,51,,,,,,1,0,1,0,0,4,Less Selective (>75% or open),Bacc/Associate
405872,Carroll Community College,MD,4,2,1,2,3,5,1,40,,,,,,0,1,0,0,0,5,2-year/Associate,Associate / CC
406024,Galen College of Nursing-Tampa Bay,FL,3,1,3,2,5,10,10,-2,,,,,,1,0,0,1,0,4,Less Selective (>75% or open),Associate / CC
406033,Galen College of Nursing-San Antonio,TX,3,1,3,2,5,26,26,-2,,,,,,1,0,0,1,0,4,Less Selective (>75% or open),Mixed Spec-Focus
406149,Sarasota School of Massage Therapy,FL,9,3,3,2,1,-2,-2,-2,,,,,,0,0,0,1,0,5,2-year/Associate,Other
406325,Schuyler Steuben Chemung Tioga Allegany BOCES,NY,7,3,1,2,2,-2,-2,-2,,,,,,0,1,0,0,0,5,2-year/Associate,Other
406361,Delaware Chenango Madison Otsego BOCES-Practical Nursing Program,NY,7,3,1,2,2,-2,-2,-2,,,,,,0,1,0,0,0,5,2-year/Associate,Other
406422,Central Susquehanna Intermediate Unit LPN Career,PA,7,3,1,2,2,-2,-2,-2,0.7948717948717948,39.0,,,,0,1,0,0,0,5,2-year/Associate,Other
406486,Myotherapy Massage College,UT,9,3,3,2,1,-2,-2,-2,,,,,,0,0,0,1,0,5,2-year/Associate,Other
406547,City College-Gainesville,FL,6,2,3,2,3,23,26,-2,0.2222222222222222,63.0,,,,0,0,0,1,0,5,2-year/Associate,Bacc Diverse Fields
407090,G Skin & Beauty Institute,IL,9,3,3,2,2,-2,-2,-2,,,,,,0,0,0,1,0,5,2-year/Associate,Other
407142,Cosmetology Training Center,LA,9,3,3,2,2,-2,-2,-2,,,,,,0,0,0,1,0,5,2-year/Associate,Other
407151,Stage One-The Hair School,LA,9,3,3,2,2,-2,-2,-2,,,,,,0,0,0,1,0,5,2-year/Associate,Other
407179,Empire Beauty School-Malden,MA,9,3,3,2,2,-2,-2,-2,,,,,,0,0,0,1,0,5,2-year/Associate,Other
407355,Stephanie Moss Academy,NE,6,2,3,2,4,-2,-2,-2,,,,,,0,0,0,1,0,5,2-year/Associate,Other
407434,Orlo School of Hair Design and Cosmetology,NY,9,3,3,2,2,-2,-2,-2,,,,,,0,0,0,1,0,5,2-year/Associate,Other
407461,Eastland-Fairfield Career and Technical Schools,OH,7,3,1,2,2,-2,-2,-2,,,,,,0,1,0,0,0,5,2-year/Associate,Other
407470,Empire Beauty School-Cincinnati,OH,9,3,3,2,2,-2,-2,-2,,,,,,0,0,0,1,0,5,2-year/Associate,Other
407489,Mahoning County Career and Technical Center,OH,7,3,1,2,2,-2,-2,-2,,,,,,0,1,0,0,0,5,2-year/Associate,Other
407513,Pickaway Ross Joint Vocational School District,OH,7,3,1,2,2,-2,-2,-2,,,,,,0,1,0,0,0,5,2-year/Associate,Other
407522,Pioneer Career and Technology Center,OH,7,3,1,2,1,-2,-2,-2,,,,,,0,1,0,0,0,5,2-year/Associate,Other
407568,Raphael's School of Beauty Culture Inc-Boardman,OH,6,2,3,2,4,-2,-2,-2,,,,,,0,0,0,1,0,5,2-year/Associate,Other
407577,Scioto County Career Technical Center,OH,7,3,1,2,2,-2,-2,-2,,,,,,0,1,0,0,0,5,2-year/Associate,Other
407595,Trumbull Career & Technical Center,OH,7,3,1,2,2,-2,-2,-2,,,,,,0,1,0,0,0,5,2-year/Associate,Other
407610,Pacific Bible College,OR,2,1,2,2,5,13,13,-2,,,,,,1,0,1,0,0,4,Less Selective (>75% or open),Associate / CC
407629,Lake Erie College of Osteopathic Medicine,PA,2,1,2,2,9,25,25,52,,,,,,1,0,1,0,0,4,Less Selective (>75% or open),Bacc/Associate
407683,UCAS University of Cosmetology Arts & Sciences-Harlingen,TX,9,3,3,2,2,-2,-2,-2,,,,,,0,0,0,1,0,5,2-year/Associate,Other
407708,KaiStar,WA,9,3,3,2,2,-2,-2,-2,,,,,,0,0,0,1,0,5,2-year/Associate,Other
407735,Empire Beauty School-Green Bay,WI,9,3,3,2,2,-2,-2,-2,,,,,,0,0,0,1,0,5,2-year/Associate,Other
407832,Warren County Career Center,OH,7,3,1,2,2,-2,-2,-2,,,,,,0,1,0,0,0,5,2-year/Associate,Other
408066,Paul Mitchell the School-Wichita,KS,9,3,3,2,2,-2,-2,-2,,,,,,0,0,0,1,0,5,2-year/Associate,Other
408163,Pinnacle Institute of Cosmetology,NC,9,3,3,2,2,-2,-2,-2,,,,,,0,0,0,1,0,5,2-year/Associate,Other
408385,Southern Careers Institute-Pharr,TX,6,2,3,2,3,-2,-2,-2,,,,,,0,0,0,1,0,5,2-year/Associate,Other
408729,Laurel Technical Institute,PA,6,2,3,2,3,7,8,-2,0.6,15.0,,,,0,0,0,1,0,5,2-year/Associate,Associate / CC
408844,Florida National University-Main Campus,FL,3,1,3,2,8,19,23,40,,,,,,1,0,0,1,0,4,Less Selective (>75% or open),Master's University
408862,Georgia Institute of Cosmetology,GA,9,3,3,2,2,-2,-2,-2,,,,,,0,0,0,1,0,5,2-year/Associate,Other
409032,Nouvelle Institute,FL,9,3,3,2,2,-2,-2,-2,,,,,,0,0,0,1,0,5,2-year/Associate,Other
409120,Franklin Technology Center Adult Education,MO,7,3,1,2,2,-2,-2,-2,,,,,,0,1,0,0,0,5,2-year/Associate,Other
409193,Professional Technical Institution,PR,9,3,3,2,2,-2,-2,-2,,,,,,0,0,0,1,0,5,2-year/Associate,Other
409254,Erikson Institute,IL,2,1,2,2,7,19,32,-2,,,,,,1,0,1,0,0,4,Less Selective (>75% or open),Master's University
409315,South Texas College,TX,1,1,1,2,5,14,14,40,,,,,,1,1,0,0,0,4,Less Selective (>75% or open),Associate / CC
409379,Tennessee Board of Regents,TN,0,2,1,2,4,-2,-2,-2,,,,,,0,1,0,0,0,5,2-year/Associate,Other
409537,Pike County Joint Vocational School District,OH,7,3,1,2,1,-2,-2,-2,,,,,,0,1,0,0,0,5,2-year/Associate,Other
409591,Lorain County Joint Vocational School District,OH,7,3,1,2,2,-2,-2,-2,,,,,,0,1,0,0,0,5,2-year/Associate,Other
409616,Roger Williams University School of Law,RI,2,1,2,2,9,31,31,-2,,,,,,1,0,1,0,0,4,Less Selective (>75% or open),Special Focus
409698,California State University-Monterey Bay,CA,1,1,1,2,7,18,19,31,0.9238542329726289,12568.0,,,,1,1,0,0,0,4,Less Selective (>75% or open),Master's University
410797,Ohio Media School-Valley View,OH,9,3,3,2,2,-2,-2,-2,,,,,,0,0,0,1,0,5,2-year/Associate,Other
410964,EINE Inc,MA,9,3,3,2,2,-2,-2,-2,,,,,,0,0,0,1,0,5,2-year/Associate,Other
411684,Marian Health Careers Center-Los Angeles Campus,CA,9,3,3,2,2,-2,-2,-2,,,,,,0,0,0,1,0,5,2-year/Associate,Other
411754,Cleveland Clinic Health System-School of Diagnostic Imaging,OH,5,2,2,2,4,-2,-2,-2,,,,,,0,0,1,0,0,5,2-year/Associate,Other
412173,Academy for Nursing and Health Occupations,FL,5,2,2,2,3,10,10,-2,,,,,,0,0,1,0,0,5,2-year/Associate,Associate / CC
412535,Shawsheen Valley School of Practical Nursing,MA,7,3,1,2,2,-2,-2,-2,,,,,,0,1,0,0,0,5,2-year/Associate,Other
412544,Shear Ego International School of Hair Design,NY,9,3,3,2,2,-2,-2,-2,,,,,,0,0,0,1,0,5,2-year/Associate,Other
412599,Remington College-Memphis Campus,TN,5,2,2,2,3,14,23,-2,,,,,,0,0,1,0,0,5,2-year/Associate,Associate / CC
413176,Fayette Institute of Technology,WV,7,3,1,2,2,-2,-2,-2,,,,,,0,1,0,0,0,5,2-year/Associate,Other
413413,Capella University,MN,3,1,3,2,9,17,17,59,,,,,,1,0,0,1,0,4,Less Selective (>75% or open),Doctoral / Pro
413617,College of Menominee Nation,WI,2,1,2,2,5,33,33,60,,,,,,1,0,1,0,0,4,Less Selective (>75% or open),Tribal
413626,Leech Lake Tribal College,MN,4,2,1,2,3,33,33,60,,,,,,0,1,0,0,0,5,2-year/Associate,Tribal
413680,Spartan College of Aeronautics & Technology,CA,6,2,3,2,4,11,11,-2,,,,,,0,0,0,1,0,5,2-year/Associate,Associate / CC
413820,Yukon Beauty College Inc,OK,9,3,3,2,2,-2,-2,-2,,,,,,0,0,0,1,0,5,2-year/Associate,Other
413893,United Education Institute-Morrow,GA,9,3,3,2,2,-2,-2,-2,,,,,,0,0,0,1,0,5,2-year/Associate,Other
413972,Mitchells Academy,NC,9,3,3,2,2,-2,-2,-2,,,,,,0,0,0,1,0,5,2-year/Associate,Other
414063,Artistic Academy of Hair Design,NJ,9,3,3,2,2,-2,-2,-2,,,,,,0,0,0,1,0,5,2-year/Associate,Other
414124,Motoring Technical Training Institute,MA,9,3,3,2,2,-2,-2,-2,,,,,,0,0,0,1,0,5,2-year/Associate,Other
414461,Mech-Tech College,PR,6,2,3,2,3,7,7,-2,,,,,,0,0,0,1,0,5,2-year/Associate,Associate / CC
414489,Baldwin Beauty School-North Austin,TX,9,3,3,2,2,-2,-2,-2,,,,,,0,0,0,1,0,5,2-year/Associate,Other
414540,Jean Madeline Aveda Institute,PA,9,3,3,2,2,-2,-2,-2,,,,,,0,0,0,1,0,5,2-year/Associate,Other
414595,Pacific College of Health and Science,NY,3,1,3,2,8,26,26,-2,,,,,,1,0,0,1,0,4,Less Selective (>75% or open),Mixed Spec-Focus
414869,Tricoci University of Beauty Culture-Indianapolis,IN,9,3,3,2,2,-2,-2,-2,,,,,,0,0,0,1,0,5,2-year/Associate,Other
414878,Trine University-Regional/Non-Traditional Campuses,IN,2,1,2,2,9,19,18,-2,0.24444444444444444,45.0,,,,1,0,1,0,0,4,Less Selective (>75% or open),Master's University
414911,Pennsylvania Highlands Community College,PA,4,2,1,2,3,6,6,40,,,,,,0,1,0,0,0,5,2-year/Associate,Associate / CC
414939,Nevada Career Institute,NV,6,2,3,2,4,10,-2,-2,,,,,,0,0,0,1,0,5,2-year/Associate,Associate / CC
414966,Phillips Theological Seminary,OK,2,1,2,2,9,24,24,51,,,,,,1,0,1,0,0,4,Less Selective (>75% or open),Bacc/Associate
415039,Empire Beauty School-Hanover,PA,9,3,3,2,2,-2,-2,-2,,,,,,0,0,0,1,0,5,2-year/Associate,Other
415057,Industrial Management Training Institute,CT,9,3,3,2,2,-2,-2,-2,,,,,,0,0,0,1,0,5,2-year/Associate,Other
415987,Allen School-Jamaica,NY,9,3,3,2,2,-2,-2,-2,,,,,,0,0,0,1,0,5,2-year/Associate,Other
416458,Premiere Career College,CA,6,2,3,2,3,-2,-2,-2,,,,,,0,0,0,1,0,5,2-year/Associate,Other
416801,The University of Texas MD Anderson Cancer Center,TX,1,1,1,2,7,26,26,-2,,,,,,1,1,0,0,0,4,Less Selective (>75% or open),Mixed Spec-Focus
417008,Paul Mitchell the School-Huntsville,AL,9,3,3,2,2,-2,-2,-2,,,,,,0,0,0,1,0,5,2-year/Associate,Other
417062,Estes Institute of Cosmetology Arts and Science,CA,9,3,3,2,2,-2,-2,-2,,,,,,0,0,0,1,0,5,2-year/Associate,Other
417105,Baldwin Park Adult & Community Education,CA,7,3,1,2,2,-2,-2,-2,,,,,,0,1,0,0,0,5,2-year/Associate,Other
417123,Ventura Adult and Continuing Education,CA,7,3,1,2,2,-2,-2,-2,,,,,,0,1,0,0,0,5,2-year/Associate,Other
417248,CT Aerotech,CT,4,2,1,2,4,-2,-2,-2,,,,,,0,1,0,0,0,5,2-year/Associate,Other
417275,Stratford School for Aviation Maintenance Technicians,CT,4,2,1,2,4,-2,-2,-2,,,,,,0,1,0,0,0,5,2-year/Associate,Other
417327,City College-Altamonte Springs,FL,6,2,3,2,3,10,7,-2,0.19166666666666668,120.0,,,,0,0,0,1,0,5,2-year/Associate,Associate / CC
417442,Career Center of Southern Illinois,IL,7,3,1,2,2,-2,-2,-2,,,,,,0,1,0,0,0,5,2-year/Associate,Other
417503,Crave Beauty Academy,KS,9,3,3,2,2,-2,-2,-2,,,,,,0,0,0,1,0,5,2-year/Associate,Other
417600,Hastings Beauty School,MN,9,3,3,2,2,-2,-2,-2,,,,,,0,0,0,1,0,5,2-year/Associate,Other
417628,Kirksville Area Technical Center,MO,7,3,1,2,2,-2,-2,-2,0.7894736842105263,19.0,,,,0,1,0,0,0,5,2-year/Associate,Other
417637,Southern Missouri Technical Institute,MO,7,3,1,2,2,-2,-2,-2,,,,,,0,1,0,0,0,5,2-year/Associate,Other
417646,Saline County Career Center,MO,7,3,1,2,2,-2,-2,-2,0.4,5.0,,,,0,1,0,0,0,5,2-year/Associate,Other
417655,Warrensburg Area Career Center,MO,7,3,1,2,2,-2,-2,-2,1.0,9.0,,,,0,1,0,0,0,5,2-year/Associate,Other
417682,Cass Career Center,MO,7,3,1,2,2,-2,-2,-2,1.0,6.0,,,,0,1,0,0,0,5,2-year/Associate,Other
417716,Applied Technology Services,MO,7,3,1,2,2,-2,-2,-2,0.5,20.0,,,,0,1,0,0,0,5,2-year/Associate,Other
417725,Central College of Cosmetology,MO,9,3,3,2,2,-2,-2,-2,,,,,,0,0,0,1,0,5,2-year/Associate,Other
417734,Southeast Missouri Hospital College of Nursing and Health Sciences,MO,2,1,2,2,5,26,26,-2,0.25806451612903225,31.0,,,,1,0,1,0,0,4,Less Selective (>75% or open),Mixed Spec-Focus
417752,Messenger College,TX,2,1,2,2,5,24,24,51,0.5,8.0,,,,1,0,1,0,0,4,Less Selective (>75% or open),Bacc/Associate
417831,Union County Vocational Technical School,NJ,7,3,1,2,2,-2,-2,-2,,,,,,0,1,0,0,0,5,2-year/Associate,Other
417840,Prism Career Institute-Philadelphia,PA,9,3,3,2,2,-2,-2,-2,,,,,,0,0,0,1,0,5,2-year/Associate,Other
417868,Clinton Essex Warren Washington BOCES,NY,7,3,1,2,2,-2,-2,-2,0.27358490566037735,106.0,,,,0,1,0,0,0,5,2-year/Associate,Other
417886,Jefferson Lewis BOCES-Practical Nursing Program,NY,7,3,1,2,2,-2,-2,-2,,,,,,0,1,0,0,0,5,2-year/Associate,Other
417910,Veeb Nassau County School of Practical Nursing,NY,7,3,1,2,2,-2,-2,-2,,,,,,0,1,0,0,0,5,2-year/Associate,Other
417983,Cattaraugus Allegany BOCES-Practical Nursing Program,NY,7,3,1,2,2,-2,-2,-2,,,,,,0,1,0,0,0,5,2-year/Associate,Other
417992,Orange Ulster BOCES-Practical Nursing Program,NY,7,3,1,2,2,-2,-2,-2,1.0,15.0,,,,0,1,0,0,0,5,2-year/Associate,Other
418001,Wayne Finger Lakes BOCES-Practical Nursing Program,NY,7,3,1,2,2,-2,-2,-2,,,,,,0,1,0,0,0,5,2-year/Associate,Other
418010,Broome Delaware Tioga BOCES-Practical Nursing Program,NY,7,3,1,2,2,-2,-2,-2,1.0,14.0,,,,0,1,0,0,0,5,2-year/Associate,Other
418029,Washington Saratoga Warren Hamilton Essex BOCES-Practical Nursing Program,NY,7,3,1,2,2,-2,-2,-2,1.0,18.0,,,,0,1,0,0,0,5,2-year/Associate,Other
418038,Albany BOCES-Adult Practical Nursing Program,NY,7,3,1,2,2,-2,-2,-2,,,,,,0,1,0,0,0,5,2-year/Associate,Other
418065,Eastern Suffolk BOCES,NY,7,3,1,2,2,-2,-2,-2,1.0,76.0,,,,0,1,0,0,0,5,2-year/Associate,Other
418083,Rockland County BOCES-Practical Nursing Program,NY,7,3,1,2,2,-2,-2,-2,,,,,,0,1,0,0,0,5,2-year/Associate,Other
418126,New York College of Health Professions,NY,2,1,2,2,7,26,26,40,,,,,,1,0,1,0,0,4,Less Selective (>75% or open),Mixed Spec-Focus
418171,Charles Stuart School of Diamond Setting,NY,9,3,3,2,2,-2,-2,-2,,,,,,0,0,0,1,0,5,2-year/Associate,Other
418199,Penta County Joint Vocational School,OH,7,3,1,2,1,-2,-2,-2,,,,,,0,1,0,0,0,5,2-year/Associate,Other
418205,Career and Technology Education Centers of Licking County,OH,7,3,1,2,2,-2,-2,-2,,,,,,0,1,0,0,0,5,2-year/Associate,Other
418223,Northern Career Institute,OH,7,3,1,2,2,-2,-2,-2,,,,,,0,1,0,0,0,5,2-year/Associate,Other
418250,Washington County Career Center-Adult Technical Training,OH,7,3,1,2,2,-2,-2,-2,,,,,,0,1,0,0,0,5,2-year/Associate,Other
418269,Ohio Media School-Cincinnati,OH,9,3,3,2,2,-2,-2,-2,,,,,,0,0,0,1,0,5,2-year/Associate,Other
418278,Vantage Career Center,OH,7,3,1,2,2,-2,-2,-2,,,,,,0,1,0,0,0,5,2-year/Associate,Other
418296,Indian Capital Technology Center-Muskogee,OK,4,2,1,2,4,-2,-2,-2,,,,,,0,1,0,0,0,5,2-year/Associate,Other
418302,Western Technology Center,OK,7,3,1,2,2,-2,-2,-2,,,,,,0,1,0,0,0,5,2-year/Associate,Other
418320,Mid-America Technology Center,OK,7,3,1,2,2,-2,-2,-2,,,,,,0,1,0,0,0,5,2-year/Associate,Other
418348,Eastern Oklahoma County Technology Center,OK,7,3,1,2,2,-2,-2,-2,,,,,,0,1,0,0,0,5,2-year/Associate,Other
418357,Wes Watkins Technology Center,OK,7,3,1,2,2,-2,-2,-2,,,,,,0,1,0,0,0,5,2-year/Associate,Other
418409,York County School of Technology-Adult & Continuing Education,PA,7,3,1,2,2,-2,-2,-2,,,,,,0,1,0,0,0,5,2-year/Associate,Other
418427,Chester County Intermediate Unit,PA,7,3,1,2,2,-2,-2,-2,1.0,16.0,,,,0,1,0,0,0,5,2-year/Associate,Other
418445,Jefferson County Dubois Area Vocational Technical Practical Nursing Program,PA,7,3,1,2,2,-2,-2,-2,0.5333333333333333,15.0,,,,0,1,0,0,0,5,2-year/Associate,Other
418454,Greater Johnstown Career and Technology Center,PA,7,3,1,2,2,-2,-2,-2,,,,,,0,1,0,0,0,5,2-year/Associate,Other
418481,Mifflin County Academy of Science and Technology,PA,7,3,1,2,2,-2,-2,-2,0.6333333333333333,30.0,,,,0,1,0,0,0,5,2-year/Associate,Other
418515,Lenape Technical School Practical Nursing Program,PA,7,3,1,2,2,-2,-2,-2,,,,,,0,1,0,0,0,5,2-year/Associate,Other
418524,Venango County Area Vocational Technical School,PA,7,3,1,2,2,-2,-2,-2,0.5535714285714286,56.0,,,,0,1,0,0,0,5,2-year/Associate,Other
418533,Lancaster County Career and Technology Center,PA,4,2,1,2,3,13,10,-2,,,,,,0,1,0,0,0,5,2-year/Associate,Associate / CC
418542,Lebanon County Area Vocational Technical School,PA,7,3,1,2,2,-2,-2,-2,,,,,,0,1,0,0,0,5,2-year/Associate,Other
418560,Indiana County Technology Center,PA,7,3,1,2,2,-2,-2,-2,,,,,,0,1,0,0,0,5,2-year/Associate,Other
418588,Northern Tier Career Center,PA,7,3,1,2,2,-2,-2,-2,0.7037037037037037,27.0,,,,0,1,0,0,0,5,2-year/Associate,Other
418612,Hazleton Area Career Center,PA,7,3,1,2,2,-2,-2,-2,,,,,,0,1,0,0,0,5,2-year/Associate,Other
418658,All-State Career School-Pittsburgh,PA,9,3,3,2,2,-2,-2,-2,,,,,,0,0,0,1,0,5,2-year/Associate,Other
418764,Quality Technical and Beauty College,PR,9,3,3,2,2,-2,-2,-2,,,,,,0,0,0,1,0,5,2-year/Associate,Other
418773,D'Mart Institute,PR,9,3,3,2,2,-2,-2,-2,,,,,,0,0,0,1,0,5,2-year/Associate,Other
418782,Automeca Technical College-Aguadilla,PR,9,3,3,2,2,-2,-2,-2,,,,,,0,0,0,1,0,5,2-year/Associate,Other
418889,North Central Institute,TN,6,2,3,2,4,11,11,40,,,,,,0,0,0,1,0,5,2-year/Associate,Associate / CC
418913,Pipo Academy of Hair Design,TX,9,3,3,2,2,-2,-2,-2,,,,,,0,0,0,1,0,5,2-year/Associate,Other
418968,Tint School of Makeup and Cosmetology-Dallas,TX,9,3,3,2,2,-2,-2,-2,,,,,,0,0,0,1,0,5,2-year/Associate,Other
419031,United Technical Center,WV,7,3,1,2,2,-2,-2,-2,0.8048780487804879,41.0,,,,0,1,0,0,0,5,2-year/Associate,Other
419095,Charles H McCann Technical School,MA,7,3,1,2,2,-2,-2,-2,,,,,,0,1,0,0,0,5,2-year/Associate,Other
419183,Central California School of Continuing Education,CA,6,2,3,2,4,-2,-2,-2,,,,,,0,0,0,1,0,5,2-year/Associate,Other
419217,HCA Florida Mercy Hospital School of Practical Nursing,FL,9,3,3,2,2,-2,-2,-2,1.0,2.0,,,,0,0,0,1,0,5,2-year/Associate,Other
419226,Marion Technical College,FL,4,2,1,2,4,-2,-2,-2,,,,,,0,1,0,0,0,5,2-year/Associate,Other
419235,Rivertown School of Beauty Barber Skin Care and Nails,GA,9,3,3,2,2,-2,-2,-2,,,,,,0,0,0,1,0,5,2-year/Associate,Other
419244,Atlanta Institute of Music and Media,GA,6,2,3,2,3,1,11,-2,,,,,,0,0,0,1,0,5,2-year/Associate,Associate / CC
419253,Illinois Media School,IL,9,3,3,2,2,-2,-2,-2,,,,,,0,0,0,1,0,5,2-year/Associate,Other
419280,New Dimensions School of Hair Design,MO,9,3,3,2,2,-2,-2,-2,,,,,,0,0,0,1,0,5,2-year/Associate,Other
419341,Jna Institute of Culinary Arts,PA,6,2,3,2,3,12,12,40,,,,,,0,0,0,1,0,5,2-year/Associate,Associate / CC
419420,Putnam Career and Technical Center,WV,7,3,1,2,2,-2,-2,-2,,,,,,0,1,0,0,0,5,2-year/Associate,Other
419484,Crawford County Career and Technical Center Practical Nursing Program,PA,7,3,1,2,2,-2,-2,-2,,,,,,0,1,0,0,0,5,2-year/Associate,Other
419633,Texas College of Cosmetology-San Angelo,TX,9,3,3,2,2,-2,-2,-2,,,,,,0,0,0,1,0,5,2-year/Associate,Other
419703,Automeca Technical College-Bayamon,PR,9,3,3,2,2,-2,-2,-2,,,,,,0,0,0,1,0,5,2-year/Associate,Other
419712,Automeca Technical College-Caguas,PR,9,3,3,2,2,-2,-2,-2,,,,,,0,0,0,1,0,5,2-year/Associate,Other
419721,Automeca Technical College-Ponce,PR,9,3,3,2,2,-2,-2,-2,,,,,,0,0,0,1,0,5,2-year/Associate,Other
420024,Centura College-Chesapeake,VA,3,1,3,2,5,26,26,-2,,,,,,1,0,0,1,0,4,Less Selective (>75% or open),Mixed Spec-Focus
420042,University of Phoenix-Hawaii,HI,3,1,3,2,7,22,20,-2,,,,,,1,0,0,1,0,4,Less Selective (>75% or open),Bacc Diverse Fields
420130,Prism Career Institute-Cherry Hill,NJ,9,3,3,2,2,-2,-2,-2,,,,,,0,0,0,1,0,5,2-year/Associate,Other
420246,Sonoran University of Health Sciences,AZ,2,1,2,2,9,26,26,53,,,,,,1,0,1,0,0,4,Less Selective (>75% or open),Mixed Spec-Focus
420255,Escuela de Peritos Electricistas de Isabela Inc,PR,9,3,3,2,2,-2,-2,-2,,,,,,0,0,0,1,0,5,2-year/Associate,Other
420325,Yeshiva D'monsey Rabbinical College,NY,2,1,2,2,5,24,24,51,0.3181818181818182,66.0,,,,1,0,1,0,0,4,Less Selective (>75% or open),Bacc/Associate
420343,Lincoln Technical Institute-Mahwah,NJ,6,2,3,2,4,-2,-2,-2,,,,,,0,0,0,1,0,5,2-year/Associate,Other
420370,Career Technical Institute,DC,6,2,3,2,3,7,10,-2,,,,,,0,0,0,1,0,5,2-year/Associate,Associate / CC
420398,Northwest Vista College,TX,4,2,1,2,3,2,3,40,,,,,,0,1,0,0,0,5,2-year/Associate,Associate / CC
420431,Oconee Fall Line Technical College,GA,4,2,1,2,4,8,8,-2,,,,,,0,1,0,0,0,5,2-year/Associate,Associate / CC
420440,York County Community College,ME,4,2,1,2,3,3,5,40,,,,,,0,1,0,0,0,5,2-year/Associate,Associate / CC
420468,Western Suffolk BOCES,NY,4,2,1,2,4,-2,-2,-2,,,,,,0,1,0,0,0,5,2-year/Associate,Other
420538,Arkansas State University-Mountain Home,AR,4,2,1,2,3,8,5,-2,,,,,,0,1,0,0,0,5,2-year/Associate,Associate / CC
420556,Columbia Gorge Community College,OR,4,2,1,2,3,3,3,-2,,,,,,0,1,0,0,0,5,2-year/Associate,Associate / CC
420705,Bakke Graduate University,TX,2,1,2,2,9,24,24,-2,,,,,,1,0,1,0,0,4,Less Selective (>75% or open),Bacc/Associate
420723,Tillamook Bay Community College,OR,4,2,1,2,3,3,3,-2,,,,,,0,1,0,0,0,5,2-year/Associate,Associate / CC
420802,Arizona Board of Regents,AZ,0,1,1,2,9,-2,-2,-2,,,,,,1,1,0,0,0,4,Less Selective (>75% or open),Other
420981,Manhattan School of Computer Technology,NY,5,2,2,2,4,-2,-2,-2,,,,,,0,0,1,0,0,5,2-year/Associate,Other
421513,Ross College-Hopkinsville,KY,6,2,3,2,3,10,10,40,,,,,,0,0,0,1,0,5,2-year/Associate,Associate / CC
421610,Paul Mitchell the School-St. George,UT,9,3,3,2,2,-2,-2,-2,,,,,,0,0,0,1,0,5,2-year/Associate,Other
421665,Cadillac Institute of Cosmetology,MI,9,3,3,2,2,-2,-2,-2,,,,,,0,0,0,1,0,5,2-year/Associate,Other
421708,Arizona College of Nursing-Tempe,AZ,3,1,3,2,5,10,10,-2,1.0,42.0,,,,1,0,0,1,0,4,Less Selective (>75% or open),Associate / CC
421717,Vanguard-Sentinel Adult Career and Technology Center,OH,7,3,1,2,2,-2,-2,-2,,,,,,0,1,0,0,0,5,2-year/Associate,Other
421771,Academy of Beauty Professionals,MO,9,3,3,2,2,-2,-2,-2,,,,,,0,0,0,1,0,5,2-year/Associate,Other
421841,New York Conservatory for Dramatic Arts,NY,6,2,3,2,3,12,12,-2,0.8745098039215686,255.0,,,,0,0,0,1,0,5,2-year/Associate,Associate / CC
421878,Eastern International College-Jersey City,NJ,3,1,3,2,5,26,26,-2,0.17045454545454544,88.0,,,,1,0,0,1,0,4,Less Selective (>75% or open),Mixed Spec-Focus
421896,Academia Serrant Inc,PR,9,3,3,2,2,-2,-2,-2,,,,,,0,0,0,1,0,5,2-year/Associate,Other
422020,San Joaquin Valley College-Trades Education Center,CA,6,2,3,2,4,11,-2,-2,,,,,,0,0,0,1,0,5,2-year/Associate,Associate / CC
422695,Pacific College,CA,3,1,3,2,7,26,26,-2,0.3333333333333333,30.0,,,,1,0,0,1,0,4,Less Selective (>75% or open),Mixed Spec-Focus
422835,American College of Healthcare and Technology,CA,6,2,3,2,4,-2,-2,-2,,,,,,0,0,0,1,0,5,2-year/Associate,Other
423120,Compu-Med Vocational Careers Corp,FL,6,2,3,2,3,-2,-2,-2,,,,,,0,0,0,1,0,5,2-year/Associate,Other
423397,Advantage Technical College,PR,9,3,3,2,2,-2,-2,-2,,,,,,0,0,0,1,0,5,2-year/Associate,Other
423412,Mid Cities Barber College,TX,9,3,3,2,2,-2,-2,-2,,,,,,0,0,0,1,0,5,2-year/Associate,Other
423643,Midwestern University-Glendale,AZ,2,1,2,2,9,25,25,-2,,,,,,1,0,1,0,0,4,Less Selective (>75% or open),Bacc/Associate
423652,Oregon Coast Community College,OR,4,2,1,2,3,6,4,-2,,,,,,0,1,0,0,0,5,2-year/Associate,Associate / CC
425250,Gwinnett College-Sandy Springs,GA,6,2,3,2,3,-2,10,-2,,,,,,0,0,0,1,0,5,2-year/Associate,Other
425986,Mildred Elley-Pittsfield Campus,MA,9,3,3,2,2,-2,-2,-2,,,,,,0,0,0,1,0,5,2-year/Associate,Other
426314,Embry-Riddle Aeronautical University-Worldwide,FL,2,1,2,2,7,18,28,-2,0.5767386091127098,1668.0,650.0,630.0,28.0,1,0,1,0,0,3,Moderately Selective (50-75%),Master's University
427308,Merkaz Bnos-Business School,NY,5,2,2,2,4,-2,-2,-2,,,,,,0,0,1,0,0,5,2-year/Associate,Other
427335,Lia Schorr Institute of Cosmetic Skin Care Training,NY,9,3,3,2,1,-2,-2,-2,,,,,,0,0,0,1,0,5,2-year/Associate,Other
427894,CET-Alexandria,VA,8,3,2,2,2,-2,-2,-2,,,,,,0,0,1,0,0,5,2-year/Associate,Other
427973,Aviation Institute of Maintenance-Norfolk,VA,6,2,3,2,4,-2,-2,-2,,,,,,0,0,0,1,0,5,2-year/Associate,Other
427982,Centura College-Richmond Main,VA,9,3,3,2,2,-2,10,-2,,,,,,0,0,0,1,0,5,2-year/Associate,Other
427991,Osceola Technical College,FL,7,3,1,2,2,-2,-2,-2,,,,,,0,1,0,0,0,5,2-year/Associate,Other
428000,Miami Ad School,FL,6,2,3,2,4,-2,-2,-2,,,,,,0,0,0,1,0,5,2-year/Associate,Other
428019,Green Country Technology Center,OK,7,3,1,2,2,-2,-2,-2,,,,,,0,1,0,0,0,5,2-year/Associate,Other
428055,Nova College de Puerto Rico,PR,6,2,3,2,4,-2,-2,-2,,,,,,0,0,0,1,0,5,2-year/Associate,Other
428125,John Wesley International Barber and Beauty College,CA,9,3,3,2,2,-2,-2,-2,,,,,,0,0,0,1,0,5,2-year/Associate,Other
428170,Southeastern College-West Palm Beach,FL,3,1,3,2,5,10,10,-2,0.8373983739837398,369.0,,,,1,0,0,1,0,4,Less Selective (>75% or open),Associate / CC
428259,Ottawa University-Milwaukee,WI,2,1,2,2,7,22,22,-2,,,,,,1,0,1,0,0,4,Less Selective (>75% or open),Bacc Diverse Fields
428392,Klamath Community College,OR,4,2,1,2,3,3,6,-2,,,,,,0,1,0,0,0,5,2-year/Associate,Associate / CC
428426,San Bernardino Community College District,CA,0,2,1,2,4,-2,-2,-2,,,,,,0,1,0,0,0,5,2-year/Associate,Other
428453,Minnesota State Colleges and Universities System Office,MN,0,1,1,2,9,-2,-2,-2,,,,,,1,1,0,0,0,4,Less Selective (>75% or open),Other
429085,American College of Acupuncture and Oriental Med,TX,3,1,3,2,9,26,26,53,,,,,,1,0,0,1,0,4,Less Selective (>75% or open),Mixed Spec-Focus
429094,AOMA Graduate School of Integrative Medicine,TX,3,1,3,2,9,26,26,53,,,,,,1,0,0,1,0,4,Less Selective (>75% or open),Mixed Spec-Focus
429128,Urban College of Boston,MA,5,2,2,2,3,13,13,40,,,,,,0,0,1,0,0,5,2-year/Associate,Associate / CC
430184,Strayer University-Maryland,MD,3,1,3,2,7,29,29,-2,,,,,,1,0,0,1,0,4,Less Selective (>75% or open),Other
430227,Empire Beauty School-Monroeville,PA,9,3,3,2,2,-2,-2,-2,,,,,,0,0,0,1,0,5,2-year/Associate,Other
430245,Southern Careers Institute-San Antonio,TX,6,2,3,2,3,-2,-2,-2,,,,,,0,0,0,1,0,5,2-year/Associate,Other
430306,Cayce/Reilly School of Massage,VA,8,3,2,2,1,-2,-2,-2,,,,,,0,0,1,0,0,5,2-year/Associate,Other
430403,Prism Career Institute-West Atlantic City,NJ,9,3,3,2,2,-2,-2,-2,,,,,,0,0,0,1,0,5,2-year/Associate,Other
430564,Studio Jewelers,NY,9,3,3,2,1,-2,-2,-2,,,,,,0,0,0,1,0,5,2-year/Associate,Other
430582,Praxis Institute,FL,9,3,3,2,1,-2,-2,-2,,,,,,0,0,0,1,0,5,2-year/Associate,Other
430670,San Juan Bautista School of Medicine,PR,2,1,2,2,9,25,25,52,1.0,20.0,,,,1,0,1,0,0,4,Less Selective (>75% or open),Bacc/Associate
430704,Texas Health and Science University,TX,3,1,3,2,7,26,26,53,,,,,,1,0,0,1,0,4,Less Selective (>75% or open),Mixed Spec-Focus
430795,Carver Career Center,WV,4,2,1,2,4,10,10,-2,,,,,,0,1,0,0,0,5,2-year/Associate,Associate / CC
430883,Cayuga Onondaga BOCES-Practical Nursing Program,NY,7,3,1,2,2,-2,-2,-2,0.3,10.0,,,,0,1,0,0,0,5,2-year/Associate,Other
430908,Clearfield County Career and Technology Center,PA,7,3,1,2,2,-2,-2,-2,,,,,,0,1,0,0,0,5,2-year/Associate,Other
430935,Colegio de Cinematografía Artes y Television,PR,6,2,3,2,3,4,4,-2,,,,,,0,0,0,1,0,5,2-year/Associate,Associate / CC
430971,Delaware County Technical School-Practical Nursing Program,PA,7,3,1,2,2,-2,-2,-2,0.85,20.0,,,,0,1,0,0,0,5,2-year/Associate,Other
431017,Mid-Del Technology Center,OK,7,3,1,2,2,-2,-2,-2,,,,,,0,1,0,0,0,5,2-year/Associate,Other
431071,New York Institute of Massage Inc,NY,9,3,3,2,2,-2,-2,-2,,,,,,0,0,0,1,0,5,2-year/Associate,Other
431105,Dutchess BOCES-Practical Nursing Program,NY,7,3,1,2,2,-2,-2,-2,1.0,51.0,,,,0,1,0,0,0,5,2-year/Associate,Other
431123,Escuela Tecnica de Electricidad,PR,9,3,3,2,2,-2,-2,-2,,,,,,0,0,0,1,0,5,2-year/Associate,Other
431141,Institute of Technology,CA,6,2,3,2,4,8,7,-2,,,,,,0,0,0,1,0,5,2-year/Associate,Associate / CC
431187,Bristol Technical Education Center,CT,7,3,1,2,2,-2,-2,-2,,,,,,0,1,0,0,0,5,2-year/Associate,Other
431196,Genesee Valley BOCES-Practical Nursing Program,NY,7,3,1,2,2,-2,-2,-2,,,,,,0,1,0,0,0,5,2-year/Associate,Other
431266,Henrico County-Saint Marys Hospital School of Practical Nursing,VA,7,3,1,2,2,-2,-2,-2,0.7355371900826446,121.0,,,,0,1,0,0,0,5,2-year/Associate,Other
431275,Herkimer County BOCES-Practical Nursing Program,NY,7,3,1,2,2,-2,-2,-2,,,,,,0,1,0,0,0,5,2-year/Associate,Other
431284,Graduate America College,TX,9,3,3,2,2,-2,-2,-2,,,,,,0,0,0,1,0,5,2-year/Associate,Other
431558,Cape Coral Technical College,FL,7,3,1,2,2,-2,-2,-2,,,,,,0,1,0,0,0,5,2-year/Associate,Other
431600,UPMC Mercy School of Nursing,PA,5,2,2,2,4,-2,-2,-2,1.0,16.0,,,,0,0,1,0,0,5,2-year/Associate,Other
431716,Ocean County Vocational-Technical School,NJ,7,3,1,2,2,-2,-2,-2,,,,,,0,1,0,0,0,5,2-year/Associate,Other
431983,Yeshiva of the Telshe Alumni,NY,2,1,2,2,5,24,24,51,,0.0,,,,1,0,1,0,0,4,Less Selective (>75% or open),Bacc/Associate
432117,Kenneth Shuler School of Cosmetology-Rock Hill,SC,9,3,3,2,2,-2,-2,-2,,,,,,0,0,0,1,0,5,2-year/Associate,Other
432144,South Orange County Community College District,CA,0,2,1,2,4,-2,-2,-2,,,,,,0,1,0,0,0,5,2-year/Associate,Other
432269,CET-El Paso,TX,8,3,2,2,2,-2,-2,-2,,,,,,0,0,1,0,0,5,2-year/Associate,Other
432348,Appalachian School of Law,VA,2,1,2,2,9,31,31,-2,,,,,,1,0,1,0,0,4,Less Selective (>75% or open),Special Focus
432384,Platt College-Ontario,CA,3,1,3,2,5,23,23,-2,,,,,,1,0,0,1,0,4,Less Selective (>75% or open),Bacc Diverse Fields
432524,Delaware College of Art and Design,DE,5,2,2,2,3,12,12,-2,0.570694087403599,389.0,,,,0,0,1,0,0,5,2-year/Associate,Associate / CC
433004,American University of Health Sciences,CA,3,1,3,2,9,26,26,-2,,0.0,,,,1,0,0,1,0,4,Less Selective (>75% or open),Mixed Spec-Focus
433013,Career Networks Institute,CA,3,1,3,2,5,26,26,-2,,,,,,1,0,0,1,0,4,Less Selective (>75% or open),Mixed Spec-Focus
433040,Monty Tech,MA,7,3,1,2,2,-2,-2,-2,0.7884615384615384,52.0,,,,0,1,0,0,0,5,2-year/Associate,Other
433068,Okaloosa Technical College,FL,7,3,1,2,2,-2,-2,-2,,,,,,0,1,0,0,0,5,2-year/Associate,Other
433101,Lincoln Technical Institute-Lincoln,RI,9,3,3,2,2,-2,-2,-2,,,,,,0,0,0,1,0,5,2-year/Associate,Other
433138,Wayne County Schools Career Center,OH,7,3,1,2,2,-2,-2,-2,,,,,,0,1,0,0,0,5,2-year/Associate,Other
433174,Carolinas College of Health Sciences,NC,1,1,1,2,5,26,10,40,0.7058823529411765,17.0,,,,1,1,0,0,0,4,Less Selective (>75% or open),Mixed Spec-Focus
433387,Western Governors University,UT,2,1,2,2,8,18,18,-2,,,,,,1,0,1,0,0,4,Less Selective (>75% or open),Master's University
433420,California Aeronautical University,CA,3,1,3,2,7,28,23,-2,,,,,,1,0,0,1,0,4,Less Selective (>75% or open),Other
433536,Herzing University-New Orleans,LA,2,1,2,2,8,23,23,54,0.95,60.0,,,,1,0,1,0,0,4,Less Selective (>75% or open),Bacc Diverse Fields
433660,Florida Gulf Coast University,FL,1,1,1,2,9,17,18,21,0.7438845244938366,15657.0,610.0,590.0,25.0,1,1,0,0,0,3,Moderately Selective (50-75%),Doctoral / Pro
434016,Little Priest Tribal College,NE,4,2,1,2,3,33,33,60,,,,,,0,1,0,0,0,5,2-year/Associate,Tribal
434061,South Louisiana Community College,LA,4,2,1,2,3,7,8,-2,,,,,,0,1,0,0,0,5,2-year/Associate,Associate / CC
434140,Pima Medical Institute-Chula Vista,CA,6,2,3,2,3,10,10,-2,,,,,,0,0,0,1,0,5,2-year/Associate,Associate / CC
434159,Lincoln College of Technology-Marietta,GA,6,2,3,2,3,11,7,-2,,,,,,0,0,0,1,0,5,2-year/Associate,Associate / CC
434274,Academy of Hair Design-Lufkin,TX,9,3,3,2,2,-2,-2,-2,,,,,,0,0,0,1,0,5,2-year/Associate,Other
434283,Pathway Vocational Academy,TX,9,3,3,2,2,-2,-2,-2,,,,,,0,0,0,1,0,5,2-year/Associate,Other
434308,Cortiva Institute,MD,9,3,3,2,1,-2,-2,-2,,,,,,0,0,0,1,0,5,2-year/Associate,Other
434344,Toni & Guy Hairdressing Academy-Worcester,MA,9,3,3,2,2,-2,-2,-2,,,,,,0,0,0,1,0,5,2-year/Associate,Other
434362,Northwest HVAC/R Training Center,WA,8,3,2,2,2,-2,-2,-2,1.0,22.0,,,,0,0,1,0,0,5,2-year/Associate,Other
434432,Myotherapy Institute,NE,6,2,3,2,3,10,10,-2,,,,,,0,0,0,1,0,5,2-year/Associate,Associate / CC
434441,Florida College of Integrative Medicine,FL,3,1,3,2,7,26,26,53,,,,,,1,0,0,1,0,4,Less Selective (>75% or open),Mixed Spec-Focus
434469,New Professions Technical Institute,FL,6,2,3,2,3,-2,-2,-2,,,,,,0,0,0,1,0,5,2-year/Associate,Other
434496,Strand College of Hair Design,SC,9,3,3,2,2,-2,-2,-2,,,,,,0,0,0,1,0,5,2-year/Associate,Other
434539,City College-Miami,FL,6,2,3,2,3,14,14,40,0.4444444444444444,18.0,,,,0,0,0,1,0,5,2-year/Associate,Associate / CC
434584,Ilisagvik College,AK,1,1,1,2,5,33,33,40,,,,,,1,1,0,0,0,4,Less Selective (>75% or open),Tribal
434672,Community College of Baltimore County,MD,4,2,1,2,3,4,4,40,,,,,,0,1,0,0,0,5,2-year/Associate,Associate / CC
434751,White Earth Tribal and Community College,MN,5,2,2,2,3,33,33,60,,,,,,0,0,1,0,0,5,2-year/Associate,Tribal
434821,Blue Cliff College-Metairie,LA,6,2,3,2,4,-2,-2,-2,,,,,,0,0,0,1,0,5,2-year/Associate,Other
434830,Creative Images Institute of Cosmetology-North Dayton,OH,6,2,3,2,4,-2,-2,-2,,,,,,0,0,0,1,0,5,2-year/Associate,Other
434900,Dewey University-Carolina,PR,2,1,2,2,5,23,32,-2,,,,,,1,0,1,0,0,4,Less Selective (>75% or open),Bacc Diverse Fields
434937,Yeshiva College of the Nations Capital,MD,2,1,2,2,5,24,24,-2,,,,,,1,0,1,0,0,4,Less Selective (>75% or open),Bacc/Associate
435000,Louisiana State University Health Sciences Center-Shreveport,LA,1,1,1,2,9,25,25,-2,,,,,,1,1,0,0,0,4,Less Selective (>75% or open),Bacc/Associate
436030,Hair Academy II,MD,9,3,3,2,2,-2,-2,-2,,,,,,0,0,0,1,0,5,2-year/Associate,Other
436261,Southwest Acupuncture College-Boulder,CO,3,1,3,2,7,26,26,-2,,,,,,1,0,0,1,0,4,Less Selective (>75% or open),Mixed Spec-Focus
436304,River Parishes Community College,LA,4,2,1,2,3,5,6,-2,,,,,,0,1,0,0,0,5,2-year/Associate,Associate / CC
436429,Los Angeles Film School,CA,3,1,3,2,5,30,30,-2,,,,,,1,0,0,1,0,4,Less Selective (>75% or open),Special Focus
436553,Century College,PR,9,3,3,2,2,-2,-2,-2,,,,,,0,0,0,1,0,5,2-year/Associate,Other
436599,FINE Mortuary College,MA,6,2,3,2,3,12,12,-2,,,,,,0,0,0,1,0,5,2-year/Associate,Associate / CC
436614,International Baptist College and Seminary,AZ,2,1,2,2,9,24,24,51,,,,,,1,0,1,0,0,4,Less Selective (>75% or open),Bacc/Associate
436632,Gwinnett College,NC,9,3,3,2,2,-2,-2,-2,,,,,,0,0,0,1,0,5,2-year/Associate,Other
436641,Fortis College-Foley,AL,9,3,3,2,2,-2,-2,-2,,,,,,0,0,0,1,0,5,2-year/Associate,Other
436650,Medical Training College,LA,9,3,3,2,1,-2,-2,-2,,,,,,0,0,0,1,0,5,2-year/Associate,Other
436775,Toni & Guy Hairdressing Academy-Plano,TX,9,3,3,2,2,-2,-2,-2,,,,,,0,0,0,1,0,5,2-year/Associate,Other
436818,University of Connecticut-Waterbury Campus,CT,1,1,1,2,5,-2,-2,-2,0.9791418355184743,1678.0,630.0,600.0,,1,1,0,0,0,4,Less Selective (>75% or open),Other
436827,University of Connecticut-Avery Point,CT,1,1,1,2,5,-2,-2,-2,0.9741992882562278,1124.0,650.0,650.0,,1,1,0,0,0,4,Less Selective (>75% or open),Other
436836,University of Connecticut-Stamford,CT,1,1,1,2,5,-2,-2,-2,0.9217852408307556,4526.0,620.0,620.0,27.0,1,1,0,0,0,4,Less Selective (>75% or open),Other
437097,University of Management and Technology,VA,3,1,3,2,9,17,17,-2,,,,,,1,0,0,1,0,4,Less Selective (>75% or open),Doctoral / Pro
437103,Baton Rouge Community College,LA,4,2,1,2,3,4,4,-2,,,,,,0,1,0,0,0,5,2-year/Associate,Associate / CC
437237,IYRS School of Technology & Trades,RI,5,2,2,2,4,-2,-2,-2,0.9166666666666666,24.0,,,,0,0,1,0,0,5,2-year/Associate,Other
437556,Midwest Technical Institute-Illinois,IL,9,3,3,2,2,-2,-2,-2,,,,,,0,0,0,1,0,5,2-year/Associate,Other
437608,Advanced Barber College and Hair Design,TX,9,3,3,2,2,-2,-2,-2,,,,,,0,0,0,1,0,5,2-year/Associate,Other
437635,The College of Health Care Professions-Austin,TX,6,2,3,2,3,10,10,-2,,,,,,0,0,0,1,0,5,2-year/Associate,Associate / CC
437723,New Community Career & Technical Institute,NJ,8,3,2,2,2,-2,-2,-2,,,,,,0,0,1,0,0,5,2-year/Associate,Other
437732,The Chicago School-College of Nursing,TX,5,2,2,2,3,26,26,-2,0.2717391304347826,92.0,,,,0,0,1,0,0,5,2-year/Associate,Mixed Spec-Focus
437750,Professional Golfers Career College,CA,6,2,3,2,3,13,13,40,,,,,,0,0,0,1,0,5,2-year/Associate,Associate / CC
437769,Chester Career College,VA,6,2,3,2,3,10,10,-2,,,,,,0,0,0,1,0,5,2-year/Associate,Associate / CC
437778,Milan Institute-San Antonio Ingram,TX,9,3,3,2,2,-2,-2,-2,,,,,,0,0,0,1,0,5,2-year/Associate,Other
437857,Rudae's School of Beauty Culture-Ft Wayne,IN,9,3,3,2,2,-2,-2,-2,,,,,,0,0,0,1,0,5,2-year/Associate,Other
437936,Carrington College-San Jose,CA,6,2,3,2,3,10,10,-2,,,,,,0,0,0,1,0,5,2-year/Associate,Associate / CC
438179,Brookline College-Tucson,AZ,6,2,3,2,3,7,32,40,,,,,,0,0,0,1,0,5,2-year/Associate,Associate / CC
438221,Miller-Motte College-McCann-Lewisburg,PA,6,2,3,2,3,7,8,-2,,,,,,0,0,0,1,0,5,2-year/Associate,Associate / CC
438258,Carrington College-Pleasant Hill Campus,CA,6,2,3,2,3,10,10,-2,,,,,,0,0,0,1,0,5,2-year/Associate,Associate / CC
438285,Cortiva Institute,FL,9,3,3,2,2,-2,-2,40,,,,,,0,0,0,1,0,5,2-year/Associate,Other
438337,Modern Hairstyling Institute-Carolina,PR,9,3,3,2,2,-2,-2,-2,0.8571428571428571,245.0,,,,0,0,0,1,0,5,2-year/Associate,Other
438504,Universal Technical Institute of California Inc,CA,6,2,3,2,3,11,-2,-2,,,,,,0,0,0,1,0,5,2-year/Associate,Associate / CC
438586,American InterContinental University-Atlanta,GA,3,1,3,2,7,19,19,-2,,,,,,1,0,0,1,0,4,Less Selective (>75% or open),Master's University
438665,Rancho Santiago Community College District Office,CA,0,1,1,2,5,-2,-2,-2,,,,,,1,1,0,0,0,4,Less Selective (>75% or open),Other
438674,The Academy of Hair Design Six,MS,9,3,3,2,2,-2,-2,-2,,,,,,0,0,0,1,0,5,2-year/Associate,Other
438708,Eastern West Virginia Community and Technical College,WV,4,2,1,2,3,5,3,-2,,,,,,0,1,0,0,0,5,2-year/Associate,Associate / CC
438735,Aviation Institute of Maintenance-Indianapolis,IN,6,2,3,2,4,-2,-2,-2,,,,,,0,0,0,1,0,5,2-year/Associate,Other
438984,IVAEM College,PR,9,3,3,2,2,-2,-2,-2,,,,,,0,0,0,1,0,5,2-year/Associate,Other
439020,Midwest College of Oriental Medicine-Skokie,IL,3,1,3,2,7,26,26,-2,,,,,,1,0,0,1,0,4,Less Selective (>75% or open),Mixed Spec-Focus
439118,Carrington College-Spokane,WA,6,2,3,2,3,10,10,-2,,,,,,0,0,0,1,0,5,2-year/Associate,Associate / CC
439154,Texas Tech University System Administration,TX,0,1,1,2,9,-2,-2,-2,,,,,,1,1,0,0,0,4,Less Selective (>75% or open),Other
439190,Cascadia College,WA,1,1,1,2,5,14,14,-2,,,,,,1,1,0,0,0,4,Less Selective (>75% or open),Associate / CC
439367,CBD College,CA,2,1,2,2,5,10,10,-2,,,,,,1,0,1,0,0,4,Less Selective (>75% or open),Associate / CC
439394,East West College of Natural Medicine,FL,3,1,3,2,7,26,26,-2,,,,,,1,0,0,1,0,4,Less Selective (>75% or open),Mixed Spec-Focus
439446,Atlantic Institute of Oriental Medicine,FL,2,1,2,2,9,26,26,-2,,,,,,1,0,1,0,0,4,Less Selective (>75% or open),Mixed Spec-Focus
439455,MDT College of Health Sciences,IL,9,3,3,2,2,-2,-2,-2,0.8378378378378378,37.0,,,,0,0,0,1,0,5,2-year/Associate,Other
439473,Bennett Career Institute,DC,9,3,3,2,2,-2,-2,-2,,,,,,0,0,0,1,0,5,2-year/Associate,Other
439491,Blue Cliff College-Lafayette,LA,6,2,3,2,4,-2,-2,-2,,,,,,0,0,0,1,0,5,2-year/Associate,Other
439570,Community Care College,OK,5,2,2,2,3,8,10,-2,,,,,,0,0,1,0,0,5,2-year/Associate,Associate / CC
439622,Erie 1 BOCES,NY,7,3,1,2,2,-2,-2,-2,,,,,,0,1,0,0,0,5,2-year/Associate,Other
439668,HDS Truck Driving Institute,AZ,9,3,3,2,1,-2,-2,-2,,,,,,0,0,0,1,0,5,2-year/Associate,Other
439686,International Training Careers,FL,8,3,2,2,1,-2,-2,-2,,,,,,0,0,1,0,0,5,2-year/Associate,Other
439701,The King's University,TX,2,1,2,2,9,24,24,-2,0.9375,16.0,,,,1,0,1,0,0,4,Less Selective (>75% or open),Bacc/Associate
439738,Fortis College-Baton Rouge,LA,6,2,3,2,3,10,10,-2,,,,,,0,0,0,1,0,5,2-year/Associate,Associate / CC
439747,My Le's Beauty College,CA,9,3,3,2,2,-2,-2,-2,,,,,,0,0,0,1,0,5,2-year/Associate,Other
439774,New Concept Massage and Beauty School,FL,9,3,3,2,2,-2,-2,-2,,,,,,0,0,0,1,0,5,2-year/Associate,Other
439783,New York College of Traditional Chinese Medicine,NY,2,1,2,2,8,26,26,-2,,,,,,1,0,1,0,0,4,Less Selective (>75% or open),Mixed Spec-Focus
439792,Fortis College-Orange Park,FL,6,2,3,2,3,10,10,-2,,,,,,0,0,0,1,0,5,2-year/Associate,Associate / CC
439817,Northeastern Seminary,NY,2,1,2,2,9,24,24,-2,,,,,,1,0,1,0,0,4,Less Selective (>75% or open),Bacc/Associate
439844,Omega Institute of Cosmetology,LA,9,3,3,2,2,-2,-2,-2,,,,,,0,0,0,1,0,5,2-year/Associate,Other
439862,Pacific Islands University,GU,2,1,2,2,5,21,22,-2,0.6888888888888889,45.0,,,,1,0,1,0,0,4,Less Selective (>75% or open),Bacc Arts & Sciences
439871,PCI College,CA,3,1,3,2,5,26,10,-2,,,,,,1,0,0,1,0,4,Less Selective (>75% or open),Mixed Spec-Focus
439899,Rosedale Bible College,OH,5,2,2,2,3,13,13,-2,,,,,,0,0,1,0,0,5,2-year/Associate,Associate / CC
439914,Seattle Institute of East Asian Medicine,WA,2,1,2,2,9,26,26,-2,,,,,,1,0,1,0,0,4,Less Selective (>75% or open),Mixed Spec-Focus
439932,Shawnee Beauty College,OK,9,3,3,2,2,-2,-2,-2,,,,,,0,0,0,1,0,5,2-year/Associate,Other
439969,Acupuncture and Massage College,FL,3,1,3,2,7,26,26,-2,,,,,,1,0,0,1,0,4,Less Selective (>75% or open),Mixed Spec-Focus
440004,Upper Valley Educators Institute,NH,2,1,2,2,8,-2,-2,-2,,,,,,1,0,1,0,0,4,Less Selective (>75% or open),Other
440031,Keck Graduate Institute,CA,2,1,2,2,9,18,20,-2,,,,,,1,0,1,0,0,4,Less Selective (>75% or open),Master's University
440059,Aviation Institute of Maintenance-Atlanta,GA,6,2,3,2,4,-2,-2,-2,,,,,,0,0,0,1,0,5,2-year/Associate,Other
440101,Empire Beauty School-Kennesaw,GA,9,3,3,2,2,-2,-2,-2,,,,,,0,0,0,1,0,5,2-year/Associate,Other
440138,Antioch University-System Administration,OH,0,1,2,2,9,-2,-2,-2,,,,,,1,0,1,0,0,4,Less Selective (>75% or open),Other
440262,New York Automotive and Diesel Institute,NY,6,2,3,2,3,11,-2,-2,,,,,,0,0,0,1,0,5,2-year/Associate,Associate / CC
440271,Remington College-Baton Rouge Campus,LA,5,2,2,2,3,11,11,-2,,,,,,0,0,1,0,0,5,2-year/Associate,Associate / CC
440396,New Saint Andrews College,ID,2,1,2,2,7,21,21,-2,0.8296296296296296,135.0,680.0,640.0,31.0,1,0,1,0,0,4,Less Selective (>75% or open),Bacc Arts & Sciences
440402,Arkansas State University-Newport,AR,4,2,1,2,3,9,6,-2,,,,,,0,1,0,0,0,5,2-year/Associate,Associate / CC
440651,Atenas College,PR,2,1,2,2,7,26,26,-2,,,,,,1,0,1,0,0,4,Less Selective (>75% or open),Mixed Spec-Focus
440730,Onondaga Cortland Madison BOCES,NY,7,3,1,2,2,-2,-2,-2,,,,,,0,1,0,0,0,5,2-year/Associate,Other
440749,National American University-Ellsworth,SD,3,1,3,2,5,29,29,-2,,,,,,1,0,0,1,0,4,Less Selective (>75% or open),Other
440776,Interactive College of Technology,TX,6,2,3,2,3,8,13,-2,,,,,,0,0,0,1,0,5,2-year/Associate,Associate / CC
440794,Pillar College,NJ,2,1,2,2,7,21,24,-2,,,,,,1,0,1,0,0,4,Less Selective (>75% or open),Bacc Arts & Sciences
440819,Miami Ad School-San Francisco,CA,6,2,3,2,4,-2,-2,-2,,,,,,0,0,0,1,0,5,2-year/Associate,Other
440828,Oregon State University-Cascades Campus,OR,1,1,1,2,9,-2,-2,-2,0.7901764425369575,2097.0,,,,1,1,0,0,0,4,Less Selective (>75% or open),Other
440855,Milan Institute-Amarillo,TX,9,3,3,2,2,-2,-2,-2,,,,,,0,0,0,1,0,5,2-year/Associate,Other
440916,Southern University Law Center,LA,1,1,1,1,9,31,31,-2,,,,,,1,1,0,0,1,4,Less Selective (>75% or open),Special Focus
440989,Texas Barber College,TX,9,3,3,2,2,-2,-2,-2,,,,,,0,0,0,1,0,5,2-year/Associate,Other
441025,Miller-Motte College-Charleston,SC,6,2,3,2,3,7,9,-2,,,,,,0,0,0,1,0,5,2-year/Associate,Associate / CC
441052,American Career College-Anaheim,CA,6,2,3,2,3,10,10,-2,,,,,,0,0,0,1,0,5,2-year/Associate,Associate / CC
441070,Saginaw Chippewa Tribal College,MI,4,2,1,2,3,33,33,60,,,,,,0,1,0,0,0,5,2-year/Associate,Tribal
441104,Richmont Graduate University,TN,2,1,2,2,9,26,26,-2,,,,,,1,0,1,0,0,4,Less Selective (>75% or open),Mixed Spec-Focus
441131,The Seattle School of Theology & Psychology,WA,2,1,2,2,7,26,26,-2,,,,,,1,0,1,0,0,4,Less Selective (>75% or open),Mixed Spec-Focus
441168,Northwest College-Hillsboro,OR,6,2,3,2,4,-2,-2,-2,,,,,,0,0,0,1,0,5,2-year/Associate,Other
441210,East Valley Institute of Technology,AZ,7,3,1,2,2,-2,-2,-2,,,,,,0,1,0,0,0,5,2-year/Associate,Other
441229,Smith Chason College,CA,3,1,3,2,5,26,10,-2,,,,,,1,0,0,1,0,4,Less Selective (>75% or open),Mixed Spec-Focus
441238,Irell & Manella Graduate School of Biological Sciences at City of Hope,CA,2,1,2,2,9,26,26,-2,,,,,,1,0,1,0,0,4,Less Selective (>75% or open),Mixed Spec-Focus
441256,Design's School of Cosmetology,CA,9,3,3,2,2,-2,-2,-2,,,,,,0,0,0,1,0,5,2-year/Associate,Other
441371,Ultimate Medical Academy,FL,5,2,2,2,3,10,10,-2,,,,,,0,0,1,0,0,5,2-year/Associate,Associate / CC
441380,Florida Barber Academy,FL,9,3,3,2,2,-2,-2,-2,,,,,,0,0,0,1,0,5,2-year/Associate,Other
441414,M-DCPS The English Center,FL,7,3,1,2,2,-2,-2,-2,,,,,,0,1,0,0,0,5,2-year/Associate,Other
441423,Florida Education Institute,FL,6,2,3,2,3,-2,-2,-2,,,,,,0,0,0,1,0,5,2-year/Associate,Other
441487,Texas County Technical College,MO,6,2,3,2,3,10,10,-2,1.0,59.0,,,,0,0,0,1,0,5,2-year/Associate,Associate / CC
441496,Aviation Institute of Maintenance-Kansas City,MO,6,2,3,2,4,-2,-2,-2,,,,,,0,0,0,1,0,5,2-year/Associate,Other
441502,Blue Cliff College-Gulfport,MS,9,3,3,2,2,-2,-2,-2,,,,,,0,0,0,1,0,5,2-year/Associate,Other
441575,Metropolitan Learning Institute,NY,8,3,2,2,2,-2,-2,-2,,,,,,0,0,1,0,0,5,2-year/Associate,Other
441593,Orleans Niagara BOCES-Practical Nursing Program,NY,7,3,1,2,2,-2,-2,-2,,0.0,,,,0,1,0,0,0,5,2-year/Associate,Other
441609,Yeshiva Shaarei Torah of Rockland,NY,2,1,2,2,5,24,24,-2,0.4,40.0,,,,1,0,1,0,0,4,Less Selective (>75% or open),Bacc/Associate
441618,Leon Studio One School of Beauty Knowledge,NY,9,3,3,2,2,-2,-2,-2,,,,,,0,0,0,1,0,5,2-year/Associate,Other
441636,American Institute of Alternative Medicine,OH,3,1,3,2,7,26,26,-2,0.7663043478260869,184.0,,,,1,0,0,1,0,4,Less Selective (>75% or open),Mixed Spec-Focus
441645,Brown Aveda Institute-Mentor,OH,6,2,3,2,4,-2,-2,-2,,,,,,0,0,0,1,0,5,2-year/Associate,Other
441663,Institute of Technology,OR,6,2,3,2,4,-2,-2,-2,,,,,,0,0,0,1,0,5,2-year/Associate,Other
441672,Susquehanna County Career and Technology Center,PA,7,3,1,2,2,-2,-2,-2,,,,,,0,1,0,0,0,5,2-year/Associate,Other
441690,Universidad Pentecostal Mizpa,PR,2,1,2,2,7,24,24,51,,,,,,1,0,1,0,0,4,Less Selective (>75% or open),Bacc/Associate
441706,Caribbean Forensic and Technical College,PR,9,3,3,2,2,-2,-2,-2,,,,,,0,0,0,1,0,5,2-year/Associate,Other
441742,Concorde Career College-Grand Prairie,TX,6,2,3,2,3,10,10,-2,1.0,338.0,,,,0,0,0,1,0,5,2-year/Associate,Associate / CC
441760,Lamar Institute of Technology,TX,4,2,1,2,3,7,7,-2,,,,,,0,1,0,0,0,5,2-year/Associate,Associate / CC
441788,Aviation Institute of Maintenance-Dallas,TX,6,2,3,2,4,-2,-2,-2,,,,,,0,0,0,1,0,5,2-year/Associate,Other
441830,Healing Mountain Massage School,UT,9,3,3,2,2,-2,-2,-2,,,,,,0,0,0,1,0,5,2-year/Associate,Other
441858,Eastern Virginia Career College,VA,6,2,3,2,3,10,10,-2,0.5625,64.0,,,,0,0,0,1,0,5,2-year/Associate,Associate / CC
441876,"Rudy & Kelly Academy, A Paul Mitchell Partner School",VA,9,3,3,2,2,-2,-2,-2,,,,,,0,0,0,1,0,5,2-year/Associate,Other
441900,Nevada State University,NV,1,1,1,2,7,22,22,-2,0.824775353016688,1558.0,,,,1,1,0,0,0,4,Less Selective (>75% or open),Bacc Diverse Fields
441937,California State University-Channel Islands,CA,1,1,1,2,7,20,19,-2,0.8965451055662188,10420.0,,,,1,1,0,0,0,4,Less Selective (>75% or open),Master's University
441982,Franklin W Olin College of Engineering,MA,2,1,2,2,5,28,27,-2,0.191415313225058,862.0,770.0,790.0,35.0,1,0,1,0,0,1,Highly Selective (10-25%),Other
442064,Won Institute of Graduate Studies,PA,2,1,2,2,9,26,26,-2,,,,,,1,0,1,0,0,4,Less Selective (>75% or open),Mixed Spec-Focus
442073,Lincoln Technical Institute-Paramus,NJ,9,3,3,2,2,-2,-2,-2,,,,,,0,0,0,1,0,5,2-year/Associate,Other
442134,Pima Medical Institute-Colorado Springs,CO,6,2,3,2,3,10,10,-2,,,,,,0,0,0,1,0,5,2-year/Associate,Associate / CC
442240,Paul Mitchell the School-Costa Mesa,CA,9,3,3,2,2,-2,-2,-2,,,,,,0,0,0,1,0,5,2-year/Associate,Other
442295,Ave Maria School of Law,FL,2,1,2,2,9,31,31,-2,,,,,,1,0,1,0,0,4,Less Selective (>75% or open),Special Focus
442329,Tulsa Welding School-Jacksonville,FL,9,3,3,2,2,-2,-2,-2,,,,,,0,0,0,1,0,5,2-year/Associate,Other
442356,Pennsylvania College of Health Sciences,PA,2,1,2,2,9,26,26,-2,0.45699831365935917,593.0,620.0,600.0,,1,0,1,0,0,2,Selective (25-50%),Mixed Spec-Focus
442383,West Virginia Junior College-Bridgeport,WV,6,2,3,2,3,10,10,-2,,,,,,0,0,0,1,0,5,2-year/Associate,Associate / CC
442426,St Louis College of Health Careers-Fenton,MO,3,1,3,2,7,26,26,-2,1.0,54.0,,,,1,0,0,1,0,4,Less Selective (>75% or open),Mixed Spec-Focus
442435,Interactive College of Technology-Gainesville,GA,6,2,3,2,3,13,13,-2,,,,,,0,0,0,1,0,5,2-year/Associate,Associate / CC
442444,San Joaquin Valley College-Ontario,CA,6,2,3,2,3,9,-2,-2,,,,,,0,0,0,1,0,5,2-year/Associate,Associate / CC
442523,Alaska Christian College,AK,5,2,2,2,3,1,13,-2,,,,,,0,0,1,0,0,5,2-year/Associate,Associate / CC
442569,University of Arkansas Grantham,AR,1,1,1,2,7,18,18,-2,,,,,,1,1,0,0,0,4,Less Selective (>75% or open),Master's University
442602,Carrington College-Albuquerque,NM,6,2,3,2,3,10,10,-2,,,,,,0,0,0,1,0,5,2-year/Associate,Associate / CC
442611,NASCAR Technical Institute,NC,6,2,3,2,4,-2,-2,-2,,,,,,0,0,0,1,0,5,2-year/Associate,Other
442639,University of the Potomac-VA Campus,VA,3,1,3,2,7,29,29,-2,,,,,,1,0,0,1,0,4,Less Selective (>75% or open),Other
442657,Milan Institute-Palm Desert,CA,9,3,3,2,2,-2,-2,-2,,,,,,0,0,0,1,0,5,2-year/Associate,Other
442781,Tohono O'odham Community College,AZ,4,2,1,2,3,33,33,60,,,,,,0,1,0,0,0,5,2-year/Associate,Tribal
442806,Edward Via College of Osteopathic Medicine,VA,2,1,2,2,9,25,25,-2,,,,,,1,0,1,0,0,4,Less Selective (>75% or open),Bacc/Associate
442842,Pacific College of Health and Science,IL,3,1,3,2,9,26,26,-2,,,,,,1,0,0,1,0,4,Less Selective (>75% or open),Mixed Spec-Focus
442879,Southwest Institute of Healing Arts,AZ,6,2,3,2,3,10,10,-2,,,,,,0,0,0,1,0,5,2-year/Associate,Associate / CC
442888,InterCoast Colleges-Riverside,CA,9,3,3,2,2,-2,-2,-2,,,,,,0,0,0,1,0,5,2-year/Associate,Other
442930,University of Antelope Valley,CA,3,1,3,2,7,22,22,-2,,,,,,1,0,0,1,0,4,Less Selective (>75% or open),Bacc Diverse Fields
442976,Brighton Center's Center for Employment Training,KY,8,3,2,2,2,-2,-2,-2,,,,,,0,0,1,0,0,5,2-year/Associate,Other
442985,California Healing Arts College,CA,9,3,3,2,1,-2,-2,-2,,,,,,0,0,0,1,0,5,2-year/Associate,Other
443021,Dallas Barber & Stylist College,TX,9,3,3,2,2,-2,-2,-2,,,,,,0,0,0,1,0,5,2-year/Associate,Other
443030,NorthShore University HealthSystem School of Nurse Anesthesia,IL,2,1,2,2,6,-2,-2,-2,,,,,,1,0,1,0,0,4,Less Selective (>75% or open),Other
443049,Faith International University,WA,2,1,2,2,9,20,24,-2,,,,,,1,0,1,0,0,4,Less Selective (>75% or open),Master's University
443058,Family of Faith Christian University,OK,2,1,2,2,9,24,-2,-2,0.7142857142857143,7.0,,,,1,0,1,0,0,4,Less Selective (>75% or open),Bacc/Associate
443076,Hood Theological Seminary,NC,2,1,2,2,9,24,24,51,,,,,,1,0,1,0,0,4,Less Selective (>75% or open),Bacc/Associate
443100,Colegio Educativo Tecnologico Industrial Inc,PR,8,3,2,2,2,-2,-2,-2,,,,,,0,0,1,0,0,5,2-year/Associate,Other
443137,Irene's Myomassology Institute,MI,9,3,3,2,1,-2,-2,-2,,,,,,0,0,0,1,0,5,2-year/Associate,Other
443146,Jay's Technical Institute,TX,9,3,3,2,2,-2,-2,-2,,,,,,0,0,0,1,0,5,2-year/Associate,Other
443207,NTMA Training Centers of Southern California,CA,8,3,2,2,2,-2,-2,-2,,,,,,0,0,1,0,0,5,2-year/Associate,Other
443216,P C Age-Jersey City,NJ,9,3,3,2,2,-2,-2,-2,,,,,,0,0,0,1,0,5,2-year/Associate,Other
443225,PC AGE-Metropark,NJ,9,3,3,2,2,-2,-2,-2,,,,,,0,0,0,1,0,5,2-year/Associate,Other
443234,Hollywood Institute,FL,9,3,3,2,2,-2,-2,-2,,,,,,0,0,0,1,0,5,2-year/Associate,Other
443252,South Florida Institute of Technology,FL,9,3,3,2,2,-2,-2,-2,,,,,,0,0,0,1,0,5,2-year/Associate,Other
443261,Southeastern College-Charleston,SC,6,2,3,2,3,10,-2,-2,0.9482758620689655,116.0,,,,0,0,0,1,0,5,2-year/Associate,Associate / CC
443289,Tigi Hairdressing Academy-Colorado Springs,CO,9,3,3,2,2,-2,-2,-2,,,,,,0,0,0,1,0,5,2-year/Associate,Other
443298,Trend Barber College,TX,9,3,3,2,2,-2,-2,-2,,,,,,0,0,0,1,0,5,2-year/Associate,Other
443322,Valley Grande Institute for Academic Studies,TX,8,3,2,2,2,-2,-2,-2,,,,,,0,0,1,0,0,5,2-year/Associate,Other
443331,West Coast University-Los Angeles,CA,3,1,3,2,5,26,26,-2,,,,,,1,0,0,1,0,4,Less Selective (>75% or open),Mixed Spec-Focus
443340,Williamson Christian College,TN,2,1,2,2,7,29,29,-2,,,,,,1,0,1,0,0,4,Less Selective (>75% or open),Other
443368,Illinois Eastern Community College-System Office,IL,0,2,1,2,3,-2,-2,-2,,,,,,0,1,0,0,0,5,2-year/Associate,Other
443377,Triangle Tech Inc-Sunbury,PA,6,2,3,2,3,7,11,-2,,,,,,0,0,0,1,0,5,2-year/Associate,Associate / CC
443410,DigiPen Institute of Technology,WA,3,1,3,2,7,22,22,-2,0.6636771300448431,892.0,700.0,703.0,31.0,1,0,0,1,0,3,Moderately Selective (50-75%),Bacc Diverse Fields
443492,Pierpont Community and Technical College,WV,4,2,1,2,3,7,8,-2,,,,,,0,1,0,0,0,5,2-year/Associate,Associate / CC
443562,Dewey University-Hato Rey,PR,2,1,2,2,7,26,26,-2,,,,,,1,0,1,0,0,4,Less Selective (>75% or open),Mixed Spec-Focus
443571,InterCoast Colleges-West Covina,CA,3,1,3,2,5,-2,-2,-2,,,,,,1,0,0,1,0,4,Less Selective (>75% or open),Other
443599,American College of Healthcare Sciences,OR,3,1,3,2,9,26,26,-2,0.9166666666666666,60.0,,,,1,0,0,1,0,4,Less Selective (>75% or open),Mixed Spec-Focus
443632,Colorado Media School,CO,9,3,3,2,2,-2,-2,-2,,,,,,0,0,0,1,0,5,2-year/Associate,Other
443641,Paul Mitchell the School-Rhode Island,RI,9,3,3,2,2,-2,-2,-2,,,,,,0,0,0,1,0,5,2-year/Associate,Other
443650,Miller-Motte College-Chattanooga,TN,3,1,3,2,5,7,10,-2,,,,,,1,0,0,1,0,4,Less Selective (>75% or open),Associate / CC
443669,Milan Institute-Sparks,NV,9,3,3,2,1,-2,-2,-2,,,,,,0,0,0,1,0,5,2-year/Associate,Other
443696,Interactive College of Technology,TX,6,2,3,2,3,13,13,-2,,,,,,0,0,0,1,0,5,2-year/Associate,Associate / CC
443702,"Bexley Hall Seabury Western Theological Seminary Federation, Inc.",IL,2,1,2,2,9,24,24,-2,,,,,,1,0,1,0,0,4,Less Selective (>75% or open),Bacc/Associate
443711,University of North Texas System,TX,0,1,1,2,9,-2,-2,-2,,,,,,1,1,0,0,0,4,Less Selective (>75% or open),Other
443748,Altierus Career College-Norcross,GA,5,2,2,2,3,-2,13,-2,,,,,,0,0,1,0,0,5,2-year/Associate,Other
443766,Strayer University-Tennessee,TN,3,1,3,2,7,29,29,-2,,,,,,1,0,0,1,0,4,Less Selective (>75% or open),Other
443784,Strayer University-Pennsylvania,PA,3,1,3,2,7,20,19,-2,,,,,,1,0,0,1,0,4,Less Selective (>75% or open),Master's University
443951,Charlie's Guard-Detective Bureau and Academy Inc,PR,9,3,3,2,2,-2,-2,-2,,,,,,0,0,0,1,0,5,2-year/Associate,Other
443979,PCI Academy-Plymouth,MN,9,3,3,2,2,-2,-2,-2,,,,,,0,0,0,1,0,5,2-year/Associate,Other
444051,Creative Images Institute of Cosmetology-South Dayton,OH,6,2,3,2,4,-2,-2,-2,,,,,,0,0,0,1,0,5,2-year/Associate,Other
444088,Brookline College-Albuquerque,NM,3,1,3,2,5,26,22,-2,,,,,,1,0,0,1,0,4,Less Selective (>75% or open),Mixed Spec-Focus
444103,Byzantine Catholic Seminary of Saints Cyril and Methodius,PA,2,1,2,2,7,24,24,-2,,,,,,1,0,1,0,0,4,Less Selective (>75% or open),Bacc/Associate
444130,Northcentral University,CA,2,1,2,2,9,17,17,-2,,,,,,1,0,1,0,0,4,Less Selective (>75% or open),Doctoral / Pro
444194,Bayamon Community College,PR,9,3,3,2,2,-2,-2,-2,,,,,,0,0,0,1,0,5,2-year/Associate,Other
444219,Folsom Lake College,CA,4,2,1,2,3,2,1,-2,,,,,,0,1,0,0,0,5,2-year/Associate,Associate / CC
444228,LeGrand Institute of Cosmetology Inc,SC,9,3,3,2,2,-2,-2,-2,,,,,,0,0,0,1,0,5,2-year/Associate,Other
444255,Hussian College-Daymar College Murfreesboro,TN,3,1,3,2,5,7,14,-2,0.7777777777777778,9.0,,,,1,0,0,1,0,4,Less Selective (>75% or open),Associate / CC
444264,Cambridge Technical Institute,PR,9,3,3,2,2,-2,-2,-2,,,,,,0,0,0,1,0,5,2-year/Associate,Other
444282,Empire Beauty School-Midlothian,VA,9,3,3,2,2,-2,-2,-2,,,,,,0,0,0,1,0,5,2-year/Associate,Other
444291,Empire Beauty School-Owings Mills,MD,9,3,3,2,2,-2,-2,-2,,,,,,0,0,0,1,0,5,2-year/Associate,Other
444307,Empire Beauty School-West Mifflin,PA,9,3,3,2,2,-2,-2,-2,,,,,,0,0,0,1,0,5,2-year/Associate,Other
444325,ATI College-Whittier,CA,3,1,3,2,5,-2,-2,-2,,,,,,1,0,0,1,0,4,Less Selective (>75% or open),Other
444334,Advance Science International College,FL,6,2,3,2,3,10,-2,-2,,,,,,0,0,0,1,0,5,2-year/Associate,Associate / CC
444361,ATA College,CA,6,2,3,2,3,7,11,-2,,,,,,0,0,0,1,0,5,2-year/Associate,Associate / CC
444370,American Advanced Technicians Institute,FL,9,3,3,2,1,-2,-2,-2,,,,,,0,0,0,1,0,5,2-year/Associate,Other
444398,Baptist University of the Americas,TX,2,1,2,2,7,22,24,-2,,,,,,1,0,1,0,0,4,Less Selective (>75% or open),Bacc Diverse Fields
444404,The Beauty Institute,FL,9,3,3,2,2,-2,-2,-2,,,,,,0,0,0,1,0,5,2-year/Associate,Other
444413,Beis Medrash Heichal Dovid,NY,2,1,2,2,5,24,24,-2,0.5783132530120482,83.0,,,,1,0,1,0,0,4,Less Selective (>75% or open),Bacc/Associate
444440,Blue Cliff Career College,AL,9,3,3,2,2,-2,-2,-2,,,,,,0,0,0,1,0,5,2-year/Associate,Other
444468,Lawrenceburg Technical College,TN,9,3,3,2,2,-2,-2,-2,,,,,,0,0,0,1,0,5,2-year/Associate,Other
444486,Paul Mitchell the School-Gastonia,NC,9,3,3,2,2,-2,-2,-2,,,,,,0,0,0,1,0,5,2-year/Associate,Other
444510,CES College,CA,8,3,2,2,2,-2,-2,-2,0.6307692307692307,65.0,,,,0,0,1,0,0,5,2-year/Associate,Other
444529,Stellar Career College,CA,9,3,3,2,1,-2,-2,-2,,,,,,0,0,0,1,0,5,2-year/Associate,Other
444556,Auguste Escoffier School of Culinary Arts-Austin,TX,6,2,3,2,3,12,12,-2,,,,,,0,0,0,1,0,5,2-year/Associate,Associate / CC
444565,Culinary Institute Inc,TX,6,2,3,2,3,12,12,-2,,,,,,0,0,0,1,0,5,2-year/Associate,Associate / CC
444583,Escuela Hotelera de San Juan,PR,9,3,3,2,2,-2,-2,-2,,,,,,0,0,0,1,0,5,2-year/Associate,Other
444635,Orion Institute,OH,9,3,3,2,2,-2,-2,-2,,,,,,0,0,0,1,0,5,2-year/Associate,Other
444662,Moore Career College,LA,9,3,3,2,2,-2,-2,-2,,,,,,0,0,0,1,0,5,2-year/Associate,Other
444671,Industrial Technical College,PR,9,3,3,2,2,-2,-2,-2,,,,,,0,0,0,1,0,5,2-year/Associate,Other
444699,Institute of Clinical Acupuncture & Oriental Med,HI,3,1,3,2,9,26,26,-2,,,,,,1,0,0,1,0,4,Less Selective (>75% or open),Mixed Spec-Focus
444714,Gwinnett College-Marietta Campus,GA,6,2,3,2,3,10,10,-2,,,,,,0,0,0,1,0,5,2-year/Associate,Associate / CC
444732,Leston College,PR,9,3,3,2,2,-2,-2,-2,,,,,,0,0,0,1,0,5,2-year/Associate,Other
444778,Charlotte Christian College and Theological Seminary,NC,2,1,2,2,9,24,24,-2,,,,,,1,0,1,0,0,4,Less Selective (>75% or open),Bacc/Associate
444787,Nightingale College,UT,3,1,3,2,7,26,26,-2,,,,,,1,0,0,1,0,4,Less Selective (>75% or open),Mixed Spec-Focus
444811,PITC Institute,PA,6,2,3,2,3,-2,-2,-2,,,,,,0,0,0,1,0,5,2-year/Associate,Other
444857,Skinworks School of Advanced Skincare,UT,9,3,3,2,2,-2,-2,-2,,,,,,0,0,0,1,0,5,2-year/Associate,Other
444866,Southeastern College-Columbia,SC,6,2,3,2,3,10,-2,-2,0.970873786407767,103.0,,,,0,0,0,1,0,5,2-year/Associate,Associate / CC
444936,Turning Point Beauty College,AZ,9,3,3,2,2,-2,-2,-2,,,,,,0,0,0,1,0,5,2-year/Associate,Other
444945,Unitech Training Academy-Lafayette,LA,9,3,3,2,2,-2,-2,-2,,,,,,0,0,0,1,0,5,2-year/Associate,Other
444954,Mountwest Community and Technical College,WV,4,2,1,2,3,8,8,-2,,,,,,0,1,0,0,0,5,2-year/Associate,Associate / CC
445027,American InterContinental University System,AZ,3,1,3,2,9,18,18,-2,,,,,,1,0,0,1,0,4,Less Selective (>75% or open),Master's University
445054,Toyota Technological Institute at Chicago,IL,2,1,2,2,9,28,28,-2,,,,,,1,0,1,0,0,4,Less Selective (>75% or open),Other
445133,American InterContinental University-Houston,TX,3,1,3,2,7,20,29,-2,,,,,,1,0,0,1,0,4,Less Selective (>75% or open),Master's University
445188,University of California-Merced,CA,1,1,1,2,9,16,16,-2,0.8945855614973262,29920.0,,,,1,1,0,0,0,4,Less Selective (>75% or open),R2 (high research)
445203,Remington College-North Houston Campus,TX,5,2,2,2,3,8,23,-2,,,,,,0,0,1,0,0,5,2-year/Associate,Associate / CC
445212,Paul Mitchell the School-Orlando,FL,9,3,3,2,2,-2,-2,-2,,,,,,0,0,0,1,0,5,2-year/Associate,Other
445230,Pima Medical Institute-Las Vegas,NV,6,2,3,2,3,10,10,-2,,,,,,0,0,0,1,0,5,2-year/Associate,Associate / CC
445249,Remington College-Nashville Campus,TN,5,2,2,2,3,10,10,-2,,,,,,0,0,1,0,0,5,2-year/Associate,Associate / CC
445267,Central Methodist University-College of Graduate and Extended Studies,MO,2,1,2,2,7,20,20,-2,1.0,21.0,,,,1,0,1,0,0,4,Less Selective (>75% or open),Master's University
445364,North-West College-Riverside,CA,6,2,3,2,4,-2,-2,-2,,,,,,0,0,0,1,0,5,2-year/Associate,Other
445461,Altierus Career College-Bissonnet,TX,5,2,2,2,3,-2,-2,-2,,,,,,0,0,1,0,0,5,2-year/Associate,Other
445498,Colegio Tecnico de Electricidad Galloza,PR,9,3,3,2,2,-2,-2,-2,,,,,,0,0,0,1,0,5,2-year/Associate,Other
445540,Arthur's Beauty College,AR,9,3,3,2,2,-2,-2,-2,,,,,,0,0,0,1,0,5,2-year/Associate,Other
445647,Spa Tech Institute-Westboro,MA,9,3,3,2,1,-2,-2,-2,,,,,,0,0,0,1,0,5,2-year/Associate,Other
445656,Spa Tech Institute-Plymouth,MA,9,3,3,2,1,-2,-2,-2,,,,,,0,0,0,1,0,5,2-year/Associate,Other
445692,Neumont College of Computer Science,UT,3,1,3,2,5,28,28,-2,0.8755020080321285,1245.0,599.0,650.0,25.0,1,0,0,1,0,4,Less Selective (>75% or open),Other
445708,Johnson & Wales University-Charlotte,NC,2,1,2,2,5,22,23,-2,0.7334038054968287,4730.0,562.0,560.0,22.0,1,0,1,0,0,3,Moderately Selective (50-75%),Bacc Diverse Fields
445735,Roseman University of Health Sciences,NV,2,1,2,2,9,26,26,-2,,,,,,1,0,1,0,0,4,Less Selective (>75% or open),Mixed Spec-Focus
445744,Fortis Institute-Port Saint Lucie,FL,6,2,3,2,3,10,10,-2,,,,,,0,0,0,1,0,5,2-year/Associate,Associate / CC
445762,Aviation Institute of Maintenance-Manassas,VA,6,2,3,2,4,-2,-2,-2,,,,,,0,0,0,1,0,5,2-year/Associate,Other
445780,Cosmetology School of Arts & Sciences,ID,9,3,3,2,2,-2,-2,-2,,,,,,0,0,0,1,0,5,2-year/Associate,Other
445799,Universal Technical Institute of Pennsylvania Inc,PA,6,2,3,2,4,-2,-2,-2,,,,,,0,0,0,1,0,5,2-year/Associate,Other
445841,Kenneth Shuler School of Cosmetology-Spartanburg,SC,9,3,3,2,2,-2,-2,-2,,,,,,0,0,0,1,0,5,2-year/Associate,Other
445850,Kenneth Shuler School of Cosmetology-Columbia,SC,9,3,3,2,2,-2,-2,-2,,,,,,0,0,0,1,0,5,2-year/Associate,Other
445869,Divine Mercy University,VA,2,1,2,2,9,26,26,-2,,,,,,1,0,1,0,0,4,Less Selective (>75% or open),Mixed Spec-Focus
445911,Lincoln Technical Institute-Shelton,CT,6,2,3,2,4,-2,-2,-2,,,,,,0,0,0,1,0,5,2-year/Associate,Other
445948,Northwest Career College,NV,6,2,3,2,3,8,13,-2,,,,,,0,0,0,1,0,5,2-year/Associate,Associate / CC
445957,Soma Institute-The National School of Clinical Massage Therapy,IL,9,3,3,2,1,-2,-2,-2,,,,,,0,0,0,1,0,5,2-year/Associate,Other
446002,American Academy of Health and Wellness,MN,3,1,3,2,9,26,26,-2,,,,,,1,0,0,1,0,4,Less Selective (>75% or open),Mixed Spec-Focus
446039,Arizona School of Acupuncture and Oriental Medicine,AZ,3,1,3,2,7,26,26,-2,,,,,,1,0,0,1,0,4,Less Selective (>75% or open),Mixed Spec-Focus
446048,Ave Maria University,FL,2,1,2,2,9,21,21,-2,0.4421269095182139,3404.0,,,,1,0,1,0,0,2,Selective (25-50%),Bacc Arts & Sciences
446084,CALC Institute of Technology,IL,9,3,3,2,2,-2,-2,-2,,,,,,0,0,0,1,0,5,2-year/Associate,Other
446093,Sutter County Career Training Center,CA,9,3,3,2,2,-2,13,-2,,,,,,0,0,0,1,0,5,2-year/Associate,Other
446109,Cambridge College of Healthcare & Technology,FL,6,2,3,2,3,10,-2,-2,,,,,,0,0,0,1,0,5,2-year/Associate,Associate / CC
446118,Career Care Institute,CA,6,2,3,2,3,10,-2,-2,,,,,,0,0,0,1,0,5,2-year/Associate,Associate / CC
446127,ATA Career Education,FL,3,1,3,2,5,10,10,-2,,,,,,1,0,0,1,0,4,Less Selective (>75% or open),Associate / CC
446163,Community Christian College,CA,5,2,2,2,3,3,1,-2,,,,,,0,0,1,0,0,5,2-year/Associate,Associate / CC
446206,Culpeper Cosmetology Training Center,VA,7,3,1,2,2,-2,-2,-2,,,,,,0,1,0,0,0,5,2-year/Associate,Other
446224,Eastern School of Acupuncture and Traditional Medicine,NJ,3,1,3,2,7,26,-2,-2,,,,,,1,0,0,1,0,4,Less Selective (>75% or open),Mixed Spec-Focus
446233,Ecclesia College,AR,2,1,2,2,7,22,24,-2,0.5510204081632653,147.0,,,,1,0,1,0,0,4,Less Selective (>75% or open),Bacc Diverse Fields
446242,Employment Solutions-College for Technical Education,KY,8,3,2,2,2,-2,-2,-2,,,,,,0,0,1,0,0,5,2-year/Associate,Other
446251,Estelle Medical Academy,IL,9,3,3,2,1,-2,-2,-2,,,,,,0,0,0,1,0,5,2-year/Associate,Other
446260,Evergreen Beauty and Barber College-Everett,WA,9,3,3,2,2,-2,-2,-2,,,,,,0,0,0,1,0,5,2-year/Associate,Other
446288,Paul Mitchell the School-Great Lakes,MI,9,3,3,2,2,-2,-2,-2,,,,,,0,0,0,1,0,5,2-year/Associate,Other
446303,Healthcare Training Institute,NJ,6,2,3,2,4,-2,-2,-2,1.0,61.0,,,,0,0,0,1,0,5,2-year/Associate,Other
446349,John D Rockefeller IV Career Center,WV,7,3,1,2,2,-2,-2,-2,,,,,,0,1,0,0,0,5,2-year/Associate,Other
446385,Los Angeles College of Music,CA,3,1,3,2,7,30,30,-2,0.8283378746594006,367.0,,,,1,0,0,1,0,4,Less Selective (>75% or open),Special Focus
446516,Rosslyn Training Academy of Cosmetology,PR,9,3,3,2,2,-2,-2,-2,,,,,,0,0,0,1,0,5,2-year/Associate,Other
446525,SAE Institute of Technology-Nashville,TN,3,1,3,2,5,30,11,-2,,,,,,1,0,0,1,0,4,Less Selective (>75% or open),Special Focus
446552,Southern Technical College,FL,6,2,3,2,3,7,7,-2,,,,,,0,0,0,1,0,5,2-year/Associate,Associate / CC
446561,Stanbridge University,CA,3,1,3,2,7,26,26,-2,0.1012,2500.0,,,,1,0,0,1,0,1,Highly Selective (10-25%),Mixed Spec-Focus
446598,Universal College of Healing Arts,NE,6,2,3,2,3,10,-2,-2,,,,,,0,0,0,1,0,5,2-year/Associate,Associate / CC
446604,Uta Mesivta of Kiryas Joel,NY,2,1,2,2,5,24,24,-2,,,,,,1,0,1,0,0,4,Less Selective (>75% or open),Bacc/Associate
446640,Harrisburg University of Science and Technology,PA,2,1,2,2,9,18,18,-2,0.843103448275862,1160.0,,,,1,0,1,0,0,4,Less Selective (>75% or open),Master's University
446774,Blue Ridge Community and Technical College,WV,4,2,1,2,3,3,3,-2,,,,,,0,1,0,0,0,5,2-year/Associate,Associate / CC
446978,Colorado State University-System Office,CO,0,1,1,2,9,-2,-2,-2,,,,,,1,1,0,0,0,4,Less Selective (>75% or open),Other
447014,Daytona College,FL,3,1,3,2,5,10,10,-2,,,,,,1,0,0,1,0,4,Less Selective (>75% or open),Associate / CC
447023,Delta Technical College-Mississippi,MS,9,3,3,2,2,-2,-2,-2,,,,,,0,0,0,1,0,5,2-year/Associate,Other
447050,United States University,CA,3,1,3,2,9,26,19,-2,,,,,,1,0,0,1,0,4,Less Selective (>75% or open),Mixed Spec-Focus
447148,Empire Beauty School-Avondale,AZ,9,3,3,2,2,-2,-2,-2,,,,,,0,0,0,1,0,5,2-year/Associate,Other
447166,Empire Beauty School-Littleton,CO,9,3,3,2,2,-2,-2,-2,,,,,,0,0,0,1,0,5,2-year/Associate,Other
447175,Empire Beauty School-Aurora,CO,9,3,3,2,2,-2,-2,-2,,,,,,0,0,0,1,0,5,2-year/Associate,Other
447263,Joyce University of Nursing and Health Sciences,UT,3,1,3,2,7,26,26,-2,0.9742489270386266,233.0,,,,1,0,0,1,0,4,Less Selective (>75% or open),Mixed Spec-Focus
447351,San Joaquin Valley College-Modesto,CA,6,2,3,2,3,9,-2,-2,,,,,,0,0,0,1,0,5,2-year/Associate,Associate / CC
447421,Eagle Gate College-Layton,UT,3,1,3,2,5,26,23,-2,,,,,,1,0,0,1,0,4,Less Selective (>75% or open),Mixed Spec-Focus
447449,Academy of Hair Design-Jasper,TX,9,3,3,2,2,-2,-2,-2,,,,,,0,0,0,1,0,5,2-year/Associate,Other
447467,Unitech Training Academy-West Monroe,LA,9,3,3,2,2,-2,-2,-2,,,,,,0,0,0,1,0,5,2-year/Associate,Other
447582,New River Community and Technical College,WV,4,2,1,2,3,7,8,-2,,,,,,0,1,0,0,0,5,2-year/Associate,Associate / CC
447591,The College of Health Care Professions-Southwest Houston,TX,6,2,3,2,3,11,-2,-2,,,,,,0,0,0,1,0,5,2-year/Associate,Associate / CC
447607,UEI College-Chula Vista,CA,9,3,3,2,2,-2,-2,-2,,,,,,0,0,0,1,0,5,2-year/Associate,Other
447616,UEI College-West Covina,CA,9,3,3,2,2,-2,-2,-2,,,,,,0,0,0,1,0,5,2-year/Associate,Other
447689,Georgia Gwinnett College,GA,1,1,1,2,5,22,22,-2,0.9363668681123356,5626.0,,,,1,1,0,0,0,4,Less Selective (>75% or open),Bacc Diverse Fields
447698,Phoenix Institute of Herbal Medicine & Acupuncture,AZ,3,1,3,2,9,26,26,-2,,,,,,1,0,0,1,0,4,Less Selective (>75% or open),Mixed Spec-Focus
447704,Tucson College of Beauty,AZ,9,3,3,2,2,-2,-2,-2,,,,,,0,0,0,1,0,5,2-year/Associate,Other
447713,California Career College,CA,3,1,3,2,5,10,10,-2,,,,,,1,0,0,1,0,4,Less Selective (>75% or open),Associate / CC
447722,Palladium Technical Academy Inc,CA,9,3,3,2,2,-2,-2,-2,,,,,,0,0,0,1,0,5,2-year/Associate,Other
447731,Los Angeles College of Aesthetics,CA,9,3,3,2,2,-2,-2,-2,,,,,,0,0,0,1,0,5,2-year/Associate,Other
447759,National Polytechnic College,CA,6,2,3,2,4,10,-2,-2,,,,,,0,0,0,1,0,5,2-year/Associate,Associate / CC
447768,American Career College-Ontario,CA,6,2,3,2,3,10,10,-2,,,,,,0,0,0,1,0,5,2-year/Associate,Associate / CC
447777,Asher College,CA,6,2,3,2,3,7,7,-2,,,,,,0,0,0,1,0,5,2-year/Associate,Associate / CC
447795,American Institute of Massage Therapy,CA,9,3,3,2,2,-2,-2,-2,,,,,,0,0,0,1,0,5,2-year/Associate,Other
447801,University of East-West Medicine,CA,3,1,3,2,7,26,26,-2,,,,,,1,0,0,1,0,4,Less Selective (>75% or open),Mixed Spec-Focus
447810,Blake Austin College,CA,9,3,3,2,2,-2,-2,-2,,,,,,0,0,0,1,0,5,2-year/Associate,Other
447847,Aviator College of Aeronautical Science and Technology,FL,3,1,3,2,5,11,11,-2,,,,,,1,0,0,1,0,4,Less Selective (>75% or open),Associate / CC
447865,Trendsetters School of Beauty & Barbering,FL,9,3,3,2,2,-2,-2,-2,,,,,,0,0,0,1,0,5,2-year/Associate,Other
447883,American Institute of Beauty,FL,9,3,3,2,2,-2,-2,-2,,,,,,0,0,0,1,0,5,2-year/Associate,Other
447892,North Florida Cosmetology Institute,FL,9,3,3,2,2,-2,-2,-2,,,,,,0,0,0,1,0,5,2-year/Associate,Other
447908,Florida Academy of Health & Beauty,FL,9,3,3,2,2,-2,-2,-2,,,,,,0,0,0,1,0,5,2-year/Associate,Other
447917,Augusta School of Massage,GA,9,3,3,2,1,-2,-2,-2,,,,,,0,0,0,1,0,5,2-year/Associate,Other
447935,ATA College,KY,6,2,3,2,3,10,10,-2,,,,,,0,0,0,1,0,5,2-year/Associate,Associate / CC
447953,SUM Bible College and Theological Seminary,CA,2,1,2,2,7,24,24,-2,0.8349514563106796,103.0,,,,1,0,1,0,0,4,Less Selective (>75% or open),Bacc/Associate
447962,Compass Career College,LA,9,3,3,2,2,-2,-2,-2,,,,,,0,0,0,1,0,5,2-year/Associate,Other
447971,Hair Expressions Academy,MD,9,3,3,2,2,-2,-2,-2,,,,,,0,0,0,1,0,5,2-year/Associate,Other
447980,Nuvo College of Cosmetology,MI,9,3,3,2,2,-2,-2,-2,,,,,,0,0,0,1,0,5,2-year/Associate,Other
447999,WellSpring School of Allied Health-Kansas City,MO,6,2,3,2,3,10,10,-2,,,,,,0,0,0,1,0,5,2-year/Associate,Associate / CC
448026,The Salon Professional Academy-Fargo,ND,6,2,3,2,4,-2,-2,-2,,,,,,0,0,0,1,0,5,2-year/Associate,Other
448071,Aveda Arts & Sciences Institute-New York,NY,9,3,3,2,2,-2,-2,-2,,,,,,0,0,0,1,0,5,2-year/Associate,Other
448123,MyrAngel Beauty Institute,PR,9,3,3,2,2,-2,-2,-2,,,,,,0,0,0,1,0,5,2-year/Associate,Other
448196,Texas Health School,TX,6,2,3,2,3,-2,-2,-2,,,,,,0,0,0,1,0,5,2-year/Associate,Other
448220,Paul Mitchell the School-Logan,UT,9,3,3,2,2,-2,-2,-2,,,,,,0,0,0,1,0,5,2-year/Associate,Other
448239,Careers Unlimited,UT,3,1,3,2,5,26,26,-2,,,,,,1,0,0,1,0,4,Less Selective (>75% or open),Mixed Spec-Focus
448248,Mountainland Technical College,UT,7,3,1,2,2,-2,-2,-2,,,,,,0,1,0,0,0,5,2-year/Associate,Other
448257,Avi Career Training,VA,9,3,3,2,2,-2,-2,-2,,,,,,0,0,0,1,0,5,2-year/Associate,Other
448275,Mountain State School of Massage,WV,9,3,3,2,1,-2,-2,-2,,,,,,0,0,0,1,0,5,2-year/Associate,Other
448336,Arkansas State University System,AR,0,1,1,2,9,-2,-2,-2,,,,,,1,1,0,0,0,4,Less Selective (>75% or open),Other
448372,San Joaquin Valley College-Rancho Cordova,CA,6,2,3,2,3,10,-2,-2,,,,,,0,0,0,1,0,5,2-year/Associate,Associate / CC
448381,San Joaquin Valley College-Central Administrative Office,CA,0,1,3,2,5,-2,-2,-2,,,,,,1,0,0,1,0,4,Less Selective (>75% or open),Other
448424,Broken Arrow Beauty College,OK,9,3,3,2,2,-2,-2,-2,,,,,,0,0,0,1,0,5,2-year/Associate,Other
448433,Universal Technical Institute of Northern California Inc,CA,6,2,3,2,3,11,-2,-2,,,,,,0,0,0,1,0,5,2-year/Associate,Associate / CC
448594,Lemoore College,CA,4,2,1,2,3,2,4,-2,,,,,,0,1,0,0,0,5,2-year/Associate,Associate / CC
448600,Stautzenberger College-Brecksville,OH,6,2,3,2,3,8,10,-2,,,,,,0,0,0,1,0,5,2-year/Associate,Associate / CC
448637,West Hills Community College District,CA,0,2,1,2,3,-2,-2,-2,,,,,,0,1,0,0,0,5,2-year/Associate,Other
448646,Unitech Training Academy-Houma,LA,9,3,3,2,2,-2,-2,-2,,,,,,0,0,0,1,0,5,2-year/Associate,Other
448673,Rasmussen University-Illinois,IL,6,2,3,2,3,14,23,-2,,,,,,0,0,0,1,0,5,2-year/Associate,Associate / CC
448691,International Institute for Restorative Practices,PA,2,1,2,2,7,32,32,-2,,,,,,1,0,1,0,0,4,Less Selective (>75% or open),Special Focus
448770,Automotive Training Center-Warminster,PA,6,2,3,2,4,-2,-2,-2,,,,,,0,0,0,1,0,5,2-year/Associate,Other
448798,Empire Beauty School-Milwaukee,WI,9,3,3,2,2,-2,-2,-2,,,,,,0,0,0,1,0,5,2-year/Associate,Other
448859,Triangle Tech Inc-Bethlehem,PA,6,2,3,2,3,11,11,-2,,,,,,0,0,0,1,0,5,2-year/Associate,Associate / CC
448895,Milan Institute-Clovis,CA,9,3,3,2,2,-2,-2,-2,,,,,,0,0,0,1,0,5,2-year/Associate,Other
449038,Strayer University-Florida,FL,3,1,3,2,7,19,18,-2,,,,,,1,0,0,1,0,4,Less Selective (>75% or open),Master's University
449074,Pima Medical Institute-Renton,WA,6,2,3,2,3,10,10,-2,,,,,,0,0,0,1,0,5,2-year/Associate,Associate / CC
449083,CBT Technology Institute-Main Campus,FL,6,2,3,2,3,7,7,-2,,,,,,0,0,0,1,0,5,2-year/Associate,Associate / CC
449092,CBT Technology Institute-Hialeah,FL,6,2,3,2,3,9,7,-2,,,,,,0,0,0,1,0,5,2-year/Associate,Associate / CC
449135,Dewey University-Juana Díaz,PR,2,1,2,2,7,26,26,-2,,,,,,1,0,1,0,0,4,Less Selective (>75% or open),Mixed Spec-Focus
449250,The College of Health Care Professions-San Antonio,TX,6,2,3,2,3,10,10,-2,,,,,,0,0,0,1,0,5,2-year/Associate,Associate / CC
449311,Brittany Beauty Academy,NY,9,3,3,2,2,-2,-2,-2,,,,,,0,0,0,1,0,5,2-year/Associate,Other
449320,Lincoln Technical Institute-Whitestone,NY,9,3,3,2,2,-2,-2,-2,,,,,,0,0,0,1,0,5,2-year/Associate,Other
449339,American Public University System,WV,3,1,3,2,9,18,18,-2,,,,,,1,0,0,1,0,4,Less Selective (>75% or open),Master's University
449348,Huntsville Bible College,AL,2,1,2,2,9,24,24,-2,,,,,,1,0,1,0,0,4,Less Selective (>75% or open),Bacc/Associate
449357,Beaumont Adult School,CA,7,3,1,2,2,-2,-2,-2,,,,,,0,1,0,0,0,5,2-year/Associate,Other
449384,Gnomon,CA,3,1,3,2,5,30,-2,-2,0.49230769230769234,65.0,,,,1,0,0,1,0,4,Less Selective (>75% or open),Special Focus
449393,Coachella Valley Beauty College,CA,9,3,3,2,2,-2,-2,-2,,,,,,0,0,0,1,0,5,2-year/Associate,Other
449445,Valley College of Medical Careers,CA,6,2,3,2,3,10,-2,-2,,,,,,0,0,0,1,0,5,2-year/Associate,Associate / CC
449454,Academy of Natural Therapy Inc,CO,9,3,3,2,2,-2,10,-2,,,,,,0,0,0,1,0,5,2-year/Associate,Other
449463,Academy Di Capelli-School of Cosmetology,CT,9,3,3,2,2,-2,-2,-2,,,,,,0,0,0,1,0,5,2-year/Associate,Other
449472,Delaware Learning Institute of Cosmetology,DE,9,3,3,2,2,-2,-2,-2,,,,,,0,0,0,1,0,5,2-year/Associate,Other
449481,Dragon Rises College of Oriental Medicine,FL,2,1,2,2,7,26,26,-2,,,,,,1,0,1,0,0,4,Less Selective (>75% or open),Mixed Spec-Focus
449490,Palm Beach Academy of Health & Beauty,FL,9,3,3,2,2,-2,-2,-2,,,,,,0,0,0,1,0,5,2-year/Associate,Other
449506,SABER College,FL,5,2,2,2,3,10,10,-2,0.6896551724137931,29.0,,,,0,0,1,0,0,5,2-year/Associate,Associate / CC
449524,Taylor College,FL,6,2,3,2,3,10,10,-2,,,,,,0,0,0,1,0,5,2-year/Associate,Associate / CC
449533,Pensacola School of Massage Therapy & Health Careers,FL,9,3,3,2,1,-2,-2,-2,,,,,,0,0,0,1,0,5,2-year/Associate,Other
449597,Ideal Beauty Academy,IN,9,3,3,2,2,-2,-2,-2,,,,,,0,0,0,1,0,5,2-year/Associate,Other
449603,Denmark College,IN,9,3,3,2,2,-2,-2,-2,,,,,,0,0,0,1,0,5,2-year/Associate,Other
449612,Louisiana Culinary Institute,LA,6,2,3,2,3,12,12,-2,0.5,56.0,,,,0,0,0,1,0,5,2-year/Associate,Associate / CC
449658,Bais Medrash Toras Chesed,NJ,2,1,2,2,5,24,24,-2,0.7051282051282052,78.0,,,,1,0,1,0,0,4,Less Selective (>75% or open),Bacc/Associate
449676,Ace Institute of Technology,NY,6,2,3,2,4,-2,-2,-2,,,,,,0,0,0,1,0,5,2-year/Associate,Other
449685,New Age Training,NY,9,3,3,2,2,-2,-2,-2,,,,,,0,0,0,1,0,5,2-year/Associate,Other
449700,Dayton School of Medical Massage,OH,9,3,3,2,2,-2,-2,-2,,,,,,0,0,0,1,0,5,2-year/Associate,Other
449728,ATA College,OK,6,2,3,2,3,-2,-2,-2,,,,,,0,0,0,1,0,5,2-year/Associate,Other
449764,Visible Music College,TN,2,1,2,2,7,30,30,-2,0.20408163265306123,294.0,,,30.0,1,0,1,0,0,4,Less Selective (>75% or open),Special Focus
449773,CCI Training Center-Arlington,TX,9,3,3,2,1,-2,-2,-2,,,,,,0,0,0,1,0,5,2-year/Associate,Other
449782,Champion Beauty College,TX,9,3,3,2,2,-2,-2,-2,,,,,,0,0,0,1,0,5,2-year/Associate,Other
449807,Southeast Texas Career Institute,TX,9,3,3,2,2,-2,-2,-2,,,,,,0,0,0,1,0,5,2-year/Associate,Other
449816,Southwest Technical College,UT,7,3,1,2,2,-2,-2,-2,,,,,,0,1,0,0,0,5,2-year/Associate,Other
449834,Virginia Beach Theological Seminary,VA,2,1,2,2,9,24,24,-2,1.0,1.0,,,,1,0,1,0,0,4,Less Selective (>75% or open),Bacc/Associate
449861,Milwaukee Career College,WI,6,2,3,2,3,8,10,-2,0.5813953488372093,86.0,,,,0,0,0,1,0,5,2-year/Associate,Associate / CC
449870,University of the West,CA,2,1,2,2,9,21,21,-2,0.782608695652174,23.0,,,,1,0,1,0,0,4,Less Selective (>75% or open),Bacc Arts & Sciences
449889,American College of Education,IN,3,1,3,2,9,32,32,-2,,,,,,1,0,0,1,0,4,Less Selective (>75% or open),Special Focus
449898,South University-Tampa,FL,3,1,3,2,9,26,26,-2,,,,,,1,0,0,1,0,4,Less Selective (>75% or open),Mixed Spec-Focus
449904,Milan Institute of Cosmetology-San Antonio Military,TX,9,3,3,2,2,-2,-2,-2,,,,,,0,0,0,1,0,5,2-year/Associate,Other
449922,Appalachian College of Pharmacy,VA,2,1,2,2,9,26,26,-2,,,,,,1,0,1,0,0,4,Less Selective (>75% or open),Mixed Spec-Focus
449959,Paul Mitchell the School-Tampa,FL,9,3,3,2,2,-2,-2,-2,,,,,,0,0,0,1,0,5,2-year/Associate,Other
449968,Paul Mitchell the School-San Diego,CA,9,3,3,2,2,-2,-2,-2,,,,,,0,0,0,1,0,5,2-year/Associate,Other
449977,Paul Mitchell the School-Michigan,MI,9,3,3,2,2,-2,-2,-2,,,,,,0,0,0,1,0,5,2-year/Associate,Other
449986,Paul Mitchell the School-Sherman Oaks,CA,9,3,3,2,2,-2,-2,-2,,,,,,0,0,0,1,0,5,2-year/Associate,Other
449995,Paul Mitchell the School-Tysons Corner,VA,9,3,3,2,2,-2,-2,-2,,,,,,0,0,0,1,0,5,2-year/Associate,Other
450021,Blue Cliff College-Houma,LA,9,3,3,2,2,-2,-2,-2,,,,,,0,0,0,1,0,5,2-year/Associate,Other
450058,Fortis College-Columbus,OH,6,2,3,2,3,10,10,-2,,,,,,0,0,0,1,0,5,2-year/Associate,Associate / CC
450067,Fortis College-Cincinnati,OH,6,2,3,2,3,10,10,-2,,,,,,0,0,0,1,0,5,2-year/Associate,Associate / CC
450119,Blue Cliff College-Fayetteville,AR,9,3,3,2,2,-2,-2,-2,,,,,,0,0,0,1,0,5,2-year/Associate,Other
450128,Blue Cliff College-Alexandria,LA,6,2,3,2,3,10,10,-2,,,,,,0,0,0,1,0,5,2-year/Associate,Associate / CC
450298,Strayer University-Delaware,DE,3,1,3,2,7,29,22,-2,,,,,,1,0,0,1,0,4,Less Selective (>75% or open),Other
450304,Brite Divinity School,TX,2,1,2,2,9,24,24,-2,,,,,,1,0,1,0,0,4,Less Selective (>75% or open),Bacc/Associate
450377,Strayer University-Alabama,AL,3,1,3,2,7,20,29,-2,,,,,,1,0,0,1,0,4,Less Selective (>75% or open),Master's University
450395,Brown Aveda Institute-Strongsville,OH,6,2,3,2,4,-2,-2,-2,,,,,,0,0,0,1,0,5,2-year/Associate,Other
450401,Clary Sage College,OK,5,2,2,2,3,-2,-2,-2,,,,,,0,0,1,0,0,5,2-year/Associate,Other
450571,Rasmussen University-Wisconsin,WI,3,1,3,2,5,23,23,-2,,,,,,1,0,0,1,0,4,Less Selective (>75% or open),Bacc Diverse Fields
450599,Empire Beauty School-Richmond,VA,9,3,3,2,2,-2,-2,-2,,,,,,0,0,0,1,0,5,2-year/Associate,Other
450605,Empire Beauty School-North Hills,PA,9,3,3,2,2,-2,-2,-2,,,,,,0,0,0,1,0,5,2-year/Associate,Other
450614,Empire Beauty School-Concord,NC,9,3,3,2,2,-2,-2,-2,,,,,,0,0,0,1,0,5,2-year/Associate,Other
450632,Lexington Healing Arts Academy,KY,9,3,3,2,1,-2,-2,-2,,,,,,0,0,0,1,0,5,2-year/Associate,Other
450641,Empire Beauty School-Hooksett,NH,9,3,3,2,2,-2,-2,-2,,,,,,0,0,0,1,0,5,2-year/Associate,Other
450650,The Institute of Beauty and Wellness,WI,9,3,3,2,2,-2,-2,-2,,,,,,0,0,0,1,0,5,2-year/Associate,Other
450696,Carrington College-Stockton,CA,6,2,3,2,3,13,10,-2,,,,,,0,0,0,1,0,5,2-year/Associate,Associate / CC
450702,Carrington College-Citrus Heights,CA,6,2,3,2,3,13,10,-2,,,,,,0,0,0,1,0,5,2-year/Associate,Associate / CC
450711,Trend Barber College,TX,9,3,3,2,2,-2,-2,-2,,,,,,0,0,0,1,0,5,2-year/Associate,Other
450720,Euphoria Institute of Beauty Arts & Sciences-Summerlin,NV,9,3,3,2,2,-2,-2,-2,,,,,,0,0,0,1,0,5,2-year/Associate,Other
450933,Columbia Southern University,AL,3,1,3,2,9,18,17,-2,,,,,,1,0,0,1,0,4,Less Selective (>75% or open),Master's University
450951,Arizona Culinary Institute,AZ,9,3,3,2,2,-2,-2,-2,,,,,,0,0,0,1,0,5,2-year/Associate,Other
450960,Healthcare Career College,CA,6,2,3,2,4,10,-2,-2,,,,,,0,0,0,1,0,5,2-year/Associate,Associate / CC
450988,Coastline Beauty College,CA,9,3,3,2,2,-2,-2,-2,,,,,,0,0,0,1,0,5,2-year/Associate,Other
451042,Branford Academy of Hair and Cosmetology,CT,9,3,3,2,2,-2,-2,-2,,,,,,0,0,0,1,0,5,2-year/Associate,Other
451051,Academy of Massage and Bodywork,DE,9,3,3,2,1,-2,-2,-2,,,,,,0,0,0,1,0,5,2-year/Associate,Other
451079,Academy for Five Element Acupuncture,FL,2,1,2,2,7,26,26,-2,,,,,,1,0,1,0,0,4,Less Selective (>75% or open),Mixed Spec-Focus
451097,Academy of Career Training,FL,9,3,3,2,2,-2,-2,-2,,,,,,0,0,0,1,0,5,2-year/Associate,Other
451103,Miami Regional University,FL,3,1,3,2,9,26,26,-2,,,,,,1,0,0,1,0,4,Less Selective (>75% or open),Mixed Spec-Focus
451121,Paul Mitchell the School-Miami,FL,9,3,3,2,2,-2,-2,-2,,,,,,0,0,0,1,0,5,2-year/Associate,Other
451149,Aveda Institute-South Florida,FL,9,3,3,2,2,-2,-2,-2,,,,,,0,0,0,1,0,5,2-year/Associate,Other
451158,Aveda Institute-Tallahassee,FL,9,3,3,2,2,-2,-2,-2,,,,,,0,0,0,1,0,5,2-year/Associate,Other
451167,Shear Excellence Hair Academy,FL,9,3,3,2,2,-2,-2,-2,,,,,,0,0,0,1,0,5,2-year/Associate,Other
451194,Carlson College of Massage Therapy,IA,9,3,3,2,1,-2,-2,-2,,,,,,0,0,0,1,0,5,2-year/Associate,Other
451228,MyComputerCareer at Indianapolis,IN,6,2,3,2,3,-2,-2,-2,,,,,,0,0,0,1,0,5,2-year/Associate,Other
451237,Z Hair Academy,KS,9,3,3,2,2,-2,-2,-2,,,,,,0,0,0,1,0,5,2-year/Associate,Other
451255,DiGrigoli School of Cosmetology,MA,9,3,3,2,2,-2,-2,-2,,,,,,0,0,0,1,0,5,2-year/Associate,Other
451282,Elevate Salon Institute,MI,9,3,3,2,2,-2,-2,-2,,,,,,0,0,0,1,0,5,2-year/Associate,Other
451291,Lakewood School of Therapeutic Massage,MI,9,3,3,2,1,-2,-2,-2,,,,,,0,0,0,1,0,5,2-year/Associate,Other
451307,The Salon Professional Academy-Battle Creek,MI,9,3,3,2,2,-2,-2,-2,,,,,,0,0,0,1,0,5,2-year/Associate,Other
451316,Trend Setters School,MO,9,3,3,2,2,-2,-2,-2,,,,,,0,0,0,1,0,5,2-year/Associate,Other
451334,Academy of Hair Design-Springfield,MO,9,3,3,2,2,-2,-2,-2,,,,,,0,0,0,1,0,5,2-year/Associate,Other
451343,Corinth Academy of Cosmetology,MS,9,3,3,2,2,-2,-2,-2,,,,,,0,0,0,1,0,5,2-year/Associate,Other
451352,Southeastern College-Charlotte,NC,6,2,3,2,3,-2,-2,-2,0.8963730569948186,193.0,,,,0,0,0,1,0,5,2-year/Associate,Other
451370,Yeshivas Be'er Yitzchok,NJ,2,1,2,2,5,24,24,-2,0.8888888888888888,18.0,,,,1,0,1,0,0,4,Less Selective (>75% or open),Bacc/Associate
451398,Yeshiva Toras Chaim,NJ,2,1,2,2,5,24,24,-2,0.59,100.0,,,,1,0,1,0,0,4,Less Selective (>75% or open),Bacc/Associate
451404,Talmudical Seminary of Bobov,NY,2,1,2,2,5,24,24,-2,0.918918918918919,185.0,,,,1,0,1,0,0,4,Less Selective (>75% or open),Bacc/Associate
451413,Center for Allied Health Education,NY,6,2,3,2,4,-2,-2,-2,0.28365384615384615,208.0,,,,0,0,0,1,0,5,2-year/Associate,Other
451459,Monroe 2 Orleans BOCES-Center for Workforce Development,NY,7,3,1,2,2,-2,-2,-2,,,,,,0,1,0,0,0,5,2-year/Associate,Other
451468,Aveda Fredric's Institute-Cincinnati,OH,9,3,3,2,2,-2,-2,-2,,,,,,0,0,0,1,0,5,2-year/Associate,Other
451477,MyComputerCareer at Columbus,OH,6,2,3,2,3,11,-2,-2,,,,,,0,0,0,1,0,5,2-year/Associate,Associate / CC
451495,CDE Career Institute,PA,9,3,3,2,2,-2,-2,-2,,,,,,0,0,0,1,0,5,2-year/Associate,Other
451501,Instituto Educativo Premier,PR,9,3,3,2,2,-2,-2,-2,,,,,,0,0,0,1,0,5,2-year/Associate,Other
451510,Charleston School of Law,SC,3,1,3,2,9,31,31,-2,,,,,,1,0,0,1,0,4,Less Selective (>75% or open),Special Focus
451529,Elite College of Cosmetology,TN,9,3,3,2,2,-2,-2,-2,,,,,,0,0,0,1,0,5,2-year/Associate,Other
451547,Manuel and Theresa's School of Hair Design-Bryan,TX,9,3,3,2,2,-2,-2,-2,,,,,,0,0,0,1,0,5,2-year/Associate,Other
451556,Southwest University at El Paso,TX,3,1,3,2,7,26,23,-2,,,,,,1,0,0,1,0,4,Less Selective (>75% or open),Mixed Spec-Focus
451565,Paul Mitchell the School-Austin,TX,9,3,3,2,2,-2,-2,-2,,,,,,0,0,0,1,0,5,2-year/Associate,Other
451574,Aveda Institute-Provo,UT,9,3,3,2,2,-2,-2,-2,,,,,,0,0,0,1,0,5,2-year/Associate,Other
451583,Dixie Technical College,UT,7,3,1,2,2,-2,-2,-2,,,,,,0,1,0,0,0,5,2-year/Associate,Other
451626,Victoria's Academy of Cosmetology,WA,9,3,3,2,2,-2,-2,-2,,,,,,0,0,0,1,0,5,2-year/Associate,Other
451714,Paul Mitchell the School-San Antonio,TX,9,3,3,2,2,-2,-2,-2,,,,,,0,0,0,1,0,5,2-year/Associate,Other
451741,CEM College-Bayamon,PR,3,1,3,2,5,26,26,-2,,,,,,1,0,0,1,0,4,Less Selective (>75% or open),Mixed Spec-Focus
451750,Bryant & Stratton College-Wauwatosa,WI,2,1,2,2,5,23,26,-2,,,,,,1,0,1,0,0,4,Less Selective (>75% or open),Bacc Diverse Fields
451820,The Art Institute of Austin,TX,3,1,3,2,5,22,30,-2,,,,,,1,0,0,1,0,4,Less Selective (>75% or open),Bacc Diverse Fields
451857,Remington College-Houston Southeast Campus,TX,5,2,2,2,3,7,7,-2,,,,,,0,0,1,0,0,5,2-year/Associate,Associate / CC
451866,Remington College-Shreveport Campus,LA,2,1,2,2,5,14,32,-2,,,,,,1,0,1,0,0,4,Less Selective (>75% or open),Associate / CC
451918,TC Beauty,TN,9,3,3,2,2,-2,-2,-2,,,,,,0,0,0,1,0,5,2-year/Associate,Other
451927,Patrick Henry College,VA,2,1,2,2,5,21,-2,-2,0.7584745762711864,236.0,730.0,710.0,31.0,1,0,1,0,0,4,Less Selective (>75% or open),Bacc Arts & Sciences
452009,The Hair Academy,ND,6,2,3,2,4,-2,-2,-2,,,,,,0,0,0,1,0,5,2-year/Associate,Other
452072,Ross Medical Education Center-New Baltimore,MI,9,3,3,2,2,-2,-2,-2,,,,,,0,0,0,1,0,5,2-year/Associate,Other
452081,Ross College-Sylvania,OH,6,2,3,2,3,10,10,-2,,,,,,0,0,0,1,0,5,2-year/Associate,Associate / CC
452106,Escuela De Troqueleria Y Herramentaje,PR,4,2,1,2,4,-2,-2,-2,0.9545454545454546,22.0,,,,0,1,0,0,0,5,2-year/Associate,Other
452124,Fortis Institute-Nashville,TN,6,2,3,2,3,10,10,-2,,,,,,0,0,0,1,0,5,2-year/Associate,Associate / CC
452373,ATA College-Cincinnati,OH,3,1,3,2,5,10,8,-2,,,,,,1,0,0,1,0,4,Less Selective (>75% or open),Associate / CC
452540,Community Technology Learning Center of Portage,OH,8,3,2,2,1,-2,-2,-2,,,,,,0,0,1,0,0,5,2-year/Associate,Other
452771,Dental Assistant Pro LLC-Columbus,OH,9,3,3,2,1,-2,-2,-2,,,,,,0,0,0,1,0,5,2-year/Associate,Other
452780,Dental Assistant Pro-Lebanon,OH,9,3,3,2,1,-2,-2,-2,,,,,,0,0,0,1,0,5,2-year/Associate,Other
452887,Elite Welding Academy LLC,OH,9,3,3,2,2,-2,-2,-2,,,,,,0,0,0,1,0,5,2-year/Associate,Other
452948,Galen College of Nursing-Cincinnati,OH,3,1,3,2,5,10,10,-2,,,,,,1,0,0,1,0,4,Less Selective (>75% or open),Associate / CC
453163,Strayer University-North Carolina,NC,3,1,3,2,7,18,18,-2,,,,,,1,0,0,1,0,4,Less Selective (>75% or open),Master's University
453215,Strayer University-New Jersey,NJ,3,1,3,2,7,-2,29,-2,,,,,,1,0,0,1,0,4,Less Selective (>75% or open),Other
453297,International Culinary Arts and Sciences Institute,OH,9,3,3,2,2,-2,-2,-2,,,,,,0,0,0,1,0,5,2-year/Associate,Other
453756,Ohio Media School-Columbus,OH,9,3,3,2,2,-2,-2,-2,,,,,,0,0,0,1,0,5,2-year/Associate,Other
453792,Ohio Medical Career College,OH,6,2,3,2,3,-2,-2,-2,,,,,,0,0,0,1,0,5,2-year/Associate,Other
454184,The King's College,NY,2,1,2,2,5,21,21,-2,0.45265348595213317,961.0,700.0,640.0,31.0,1,0,1,0,0,2,Selective (25-50%),Bacc Arts & Sciences
454218,Chamberlain University-Administrative Office,IL,0,1,3,2,9,-2,-2,-2,,,,,,1,0,0,1,0,4,Less Selective (>75% or open),Other
454227,Chamberlain University-Illinois,IL,3,1,3,2,9,26,26,-2,0.9090909090909091,55.0,,,,1,0,0,1,0,4,Less Selective (>75% or open),Mixed Spec-Focus
454236,Chamberlain University-Ohio,OH,3,1,3,2,5,26,26,-2,0.7857142857142857,14.0,,,,1,0,0,1,0,4,Less Selective (>75% or open),Mixed Spec-Focus
454245,Chamberlain University-Arizona,AZ,3,1,3,2,5,26,26,-2,0.8333333333333334,12.0,,,,1,0,0,1,0,4,Less Selective (>75% or open),Mixed Spec-Focus
454537,The Salon Professional Academy-Appleton,WI,6,2,3,2,4,-2,-2,-2,,,,,,0,0,0,1,0,5,2-year/Associate,Other
454546,Milan Institute of Cosmetology-Vacaville,CA,9,3,3,2,2,-2,-2,-2,,,,,,0,0,0,1,0,5,2-year/Associate,Other
454555,Milan Institute of Cosmetology-Reno,NV,9,3,3,2,2,-2,-2,-2,,,,,,0,0,0,1,0,5,2-year/Associate,Other
454582,Ottawa University-Online,KS,2,1,2,2,8,22,22,-2,,,,,,1,0,1,0,0,4,Less Selective (>75% or open),Bacc Diverse Fields
454607,Paul Mitchell the School-Esani,GA,9,3,3,2,2,-2,-2,-2,,,,,,0,0,0,1,0,5,2-year/Associate,Other
454652,Paul Mitchell the School-Birmingham,AL,9,3,3,2,2,-2,-2,-2,,,,,,0,0,0,1,0,5,2-year/Associate,Other
454689,Taft University System,CO,3,1,3,2,9,17,32,-2,,,,,,1,0,0,1,0,4,Less Selective (>75% or open),Doctoral / Pro
454698,Mayfield College,CA,9,3,3,2,1,-2,11,-2,,,,,,0,0,0,1,0,5,2-year/Associate,Other
454722,Academy of Esthetics and Cosmetology,CA,9,3,3,2,2,-2,-2,-2,,,,,,0,0,0,1,0,5,2-year/Associate,Other
454759,Borner's Barber College,CA,9,3,3,2,2,-2,-2,-2,,,,,,0,0,0,1,0,5,2-year/Associate,Other
454768,Paul Mitchell the School-Pasadena,CA,9,3,3,2,2,-2,-2,-2,,,,,,0,0,0,1,0,5,2-year/Associate,Other
454777,San Francisco Institute of Esthetics & Cosmetology Inc,CA,9,3,3,2,2,-2,-2,-2,,,,,,0,0,0,1,0,5,2-year/Associate,Other
454786,Laurus College,CA,3,1,3,2,5,14,7,-2,,,,,,1,0,0,1,0,4,Less Selective (>75% or open),Associate / CC
454795,Healing Hands School of Holistic Health,CA,9,3,3,2,2,-2,-2,-2,,,,,,0,0,0,1,0,5,2-year/Associate,Other
454801,Career Development Institute Inc,CA,9,3,3,2,2,-2,-2,-2,,,,,,0,0,0,1,0,5,2-year/Associate,Other
454810,Auguste Escoffier School of Culinary Arts-Boulder,CO,6,2,3,2,3,12,-2,-2,,,,,,0,0,0,1,0,5,2-year/Associate,Associate / CC
454829,Aspen University,AZ,3,1,3,2,9,26,18,-2,,,,,,1,0,0,1,0,4,Less Selective (>75% or open),Mixed Spec-Focus
454838,Institute of Taoist Education and Acupuncture,CO,2,1,2,2,7,26,26,-2,,,,,,1,0,1,0,0,4,Less Selective (>75% or open),Mixed Spec-Focus
454856,Denver College of Nursing,CO,3,1,3,2,7,26,26,-2,,,,,,1,0,0,1,0,4,Less Selective (>75% or open),Mixed Spec-Focus
454865,Cambridge College of Healthcare & Technology,FL,3,1,3,2,5,10,10,-2,,,,,,1,0,0,1,0,4,Less Selective (>75% or open),Associate / CC
454874,Cozmo Beauty School,FL,9,3,3,2,2,-2,-2,-2,,,,,,0,0,0,1,0,5,2-year/Associate,Other
454917,Celebrity School of Beauty,FL,9,3,3,2,2,-2,-2,-2,,,,,,0,0,0,1,0,5,2-year/Associate,Other
454926,Paul Mitchell the School-Atlanta,GA,9,3,3,2,2,-2,-2,-2,,,,,,0,0,0,1,0,5,2-year/Associate,Other
454935,Evans Hairstyling College-Rexburg,ID,6,2,3,2,4,-2,-2,-2,,,,,,0,0,0,1,0,5,2-year/Associate,Other
454944,Paul Mitchell the School-Rexburg,ID,9,3,3,2,2,-2,-2,-2,,,,,,0,0,0,1,0,5,2-year/Associate,Other
454953,University of Aesthetics & Cosmetology,IL,9,3,3,2,1,-2,-2,-2,,,,,,0,0,0,1,0,5,2-year/Associate,Other
454962,The University of Aesthetics & Cosmetology,IL,9,3,3,2,2,-2,-2,-2,,,,,,0,0,0,1,0,5,2-year/Associate,Other
454971,Tricoci University of Beauty Culture-Chicago NW,IL,9,3,3,2,2,-2,-2,-2,,,,,,0,0,0,1,0,5,2-year/Associate,Other
454980,Tricoci University of Beauty Culture-Glendale Heights,IL,9,3,3,2,2,-2,-2,-2,,,,,,0,0,0,1,0,5,2-year/Associate,Other
454999,Tricoci University of Beauty Culture-Peoria,IL,9,3,3,2,2,-2,-2,-2,,,,,,0,0,0,1,0,5,2-year/Associate,Other
455008,Tricoci University of Beauty Culture-Rockford,IL,9,3,3,2,2,-2,-2,-2,,,,,,0,0,0,1,0,5,2-year/Associate,Other
455026,Omega Studios' School of Applied Recording Arts & Sciences,MD,9,3,3,2,2,-2,-2,-2,,,,,,0,0,0,1,0,5,2-year/Associate,Other
455062,French Academy of Cosmetology,MI,9,3,3,2,2,-2,-2,-2,,,,,,0,0,0,1,0,5,2-year/Associate,Other
455071,Healing Arts Center,MO,9,3,3,2,1,-2,-2,-2,,,,,,0,0,0,1,0,5,2-year/Associate,Other
455080,Paul Mitchell the School-Springfield,MO,9,3,3,2,2,-2,-2,-2,,,,,,0,0,0,1,0,5,2-year/Associate,Other
455099,Urshan Graduate School of Theology,MO,2,1,2,2,7,24,24,-2,,,,,,1,0,1,0,0,4,Less Selective (>75% or open),Bacc/Associate
455105,Mississippi Institute of Aesthetics Nails & Cosmetology,MS,9,3,3,2,2,-2,-2,-2,,,,,,0,0,0,1,0,5,2-year/Associate,Other
455114,College of Western Idaho,ID,4,2,1,2,3,3,3,-2,,,,,,0,1,0,0,0,5,2-year/Associate,Associate / CC
455141,Aveda Institute-Chapel Hill,NC,9,3,3,2,2,-2,-2,-2,,,,,,0,0,0,1,0,5,2-year/Associate,Other
455178,Daoist Traditions College of Chinese Medical Arts,NC,3,1,3,2,9,26,26,-2,,,,,,1,0,0,1,0,4,Less Selective (>75% or open),Mixed Spec-Focus
455187,Total Image Beauty Academy,NJ,9,3,3,2,2,-2,-2,-2,,,,,,0,0,0,1,0,5,2-year/Associate,Other
455196,Jersey College,NJ,6,2,3,2,3,10,10,-2,0.6602739726027397,365.0,570.0,535.0,,0,0,0,1,0,5,2-year/Associate,Associate / CC
455202,American Institute of Medical Sciences & Education,NJ,6,2,3,2,4,-2,-2,-2,,,,,,0,0,0,1,0,5,2-year/Associate,Other
455211,Casal Institute of Nevada,NV,9,3,3,2,2,-2,-2,-2,,,,,,0,0,0,1,0,5,2-year/Associate,Other
455220,Career School of NY,NY,8,3,2,2,2,-2,-2,-2,,,,,,0,0,1,0,0,5,2-year/Associate,Other
455257,Yeshiva of Machzikai Hadas,NY,2,1,2,2,5,24,24,-2,0.717391304347826,138.0,,,,1,0,1,0,0,4,Less Selective (>75% or open),Bacc/Associate
455275,Aveda Institute-Columbus,OH,9,3,3,2,2,-2,-2,-2,,,,,,0,0,0,1,0,5,2-year/Associate,Other
455284,Paul Mitchell the School-Cincinnati,OH,9,3,3,2,2,-2,-2,-2,,,,,,0,0,0,1,0,5,2-year/Associate,Other
455327,Hands on Therapy,TX,9,3,3,2,1,-2,-2,-2,,,,,,0,0,0,1,0,5,2-year/Associate,Other
455336,MediaTech Institute-Dallas,TX,6,2,3,2,3,12,-2,-2,,,,,,0,0,0,1,0,5,2-year/Associate,Associate / CC
455354,Aveda Arts & Sciences Institute-San Antonio,TX,9,3,3,2,2,-2,-2,-2,,,,,,0,0,0,1,0,5,2-year/Associate,Other
455381,Skin Science Institute,UT,9,3,3,2,2,-2,-2,-2,,,,,,0,0,0,1,0,5,2-year/Associate,Other
455406,Pacific Northwest University of Health Sciences,WA,2,1,2,2,9,25,25,-2,,,,,,1,0,1,0,0,4,Less Selective (>75% or open),Bacc/Associate
455433,The Chicago School at Anaheim,CA,2,1,2,2,9,26,26,-2,,,,,,1,0,1,0,0,4,Less Selective (>75% or open),Mixed Spec-Focus
455460,Fortis College-Dothan,AL,9,3,3,2,2,-2,-2,-2,,,,,,0,0,0,1,0,5,2-year/Associate,Other
455479,Fortis Institute-Pensacola,FL,6,2,3,2,3,10,10,-2,,,,,,0,0,0,1,0,5,2-year/Associate,Associate / CC
455488,Fortis College-Montgomery,AL,9,3,3,2,2,-2,-2,-2,,,,,,0,0,0,1,0,5,2-year/Associate,Other
455512,Woodland Community College,CA,4,2,1,2,3,9,8,-2,,,,,,0,1,0,0,0,5,2-year/Associate,Associate / CC
455628,Fortis Institute-Birmingham,AL,6,2,3,2,3,10,10,-2,,,,,,0,0,0,1,0,5,2-year/Associate,Associate / CC
455664,The Chicago School at Los Angeles,CA,2,1,2,2,9,26,26,-2,0.5405405405405406,74.0,,,,1,0,1,0,0,4,Less Selective (>75% or open),Mixed Spec-Focus
455707,Cardiac and Vascular Institute of Ultrasound,AL,6,2,3,2,4,-2,-2,-2,,,,,,0,0,0,1,0,5,2-year/Associate,Other
455725,Studio Academy of Beauty,AZ,9,3,3,2,2,-2,-2,-2,,,,,,0,0,0,1,0,5,2-year/Associate,Other
455734,California Nurses Educational Institute,CA,6,2,3,2,4,-2,-2,-2,,,,,,0,0,0,1,0,5,2-year/Associate,Other
455761,Paul Mitchell the School-Sacramento,CA,9,3,3,2,2,-2,-2,-2,,,,,,0,0,0,1,0,5,2-year/Associate,Other
455770,Providence Christian College,CA,2,1,2,2,5,21,21,-2,0.8712121212121212,132.0,,,,1,0,1,0,0,4,Less Selective (>75% or open),Bacc Arts & Sciences
455798,Oxford Academy of Hair Design Inc,CT,9,3,3,2,2,-2,-2,-2,,,,,,0,0,0,1,0,5,2-year/Associate,Other
455804,Institute of World Politics,DC,2,1,2,2,9,32,32,-2,,,,,,1,0,1,0,0,4,Less Selective (>75% or open),Special Focus
455813,Pontifical John Paul II Institute for Studies on Marriage and Family,DC,2,1,2,2,9,24,24,-2,,,,,,1,0,1,0,0,4,Less Selective (>75% or open),Bacc/Associate
455831,Medical Institute of Palm Beach,FL,9,3,3,2,2,-2,-2,-2,,,,,,0,0,0,1,0,5,2-year/Associate,Other
455859,Oliver Finley Academy of Cosmetology,ID,9,3,3,2,2,-2,-2,-2,,,,,,0,0,0,1,0,5,2-year/Associate,Other
455868,National Career College,CA,6,2,3,2,3,8,10,-2,,,,,,0,0,0,1,0,5,2-year/Associate,Associate / CC
455877,Aveda Institute-Chicago,IL,9,3,3,2,2,-2,-2,-2,,,,,,0,0,0,1,0,5,2-year/Associate,Other
455886,Tricoci University of Beauty Culture-Libertyville,IL,9,3,3,2,2,-2,-2,-2,,,,,,0,0,0,1,0,5,2-year/Associate,Other
455895,Tricoci University of Beauty Culture-Bridgeview,IL,9,3,3,2,2,-2,-2,-2,,,,,,0,0,0,1,0,5,2-year/Associate,Other
455901,The Temple-A Paul Mitchell Partner School,MD,9,3,3,2,2,-2,-2,-2,,,,,,0,0,0,1,0,5,2-year/Associate,Other
455910,Center for Massage,NC,9,3,3,2,1,-2,-2,-2,,,,,,0,0,0,1,0,5,2-year/Associate,Other
455929,The Academy of Hair Design LLC,OK,9,3,3,2,2,-2,-2,-2,,,,,,0,0,0,1,0,5,2-year/Associate,Other
455965,Toni & Guy Hairdressing Academy-Cranston,RI,9,3,3,2,2,-2,-2,-2,,,,,,0,0,0,1,0,5,2-year/Associate,Other
455974,South Texas Training Center,TX,9,3,3,2,1,-2,-2,-2,,,,,,0,0,0,1,0,5,2-year/Associate,Other
455983,Columbia College,VA,6,2,3,2,3,2,1,-2,,,,,,0,0,0,1,0,5,2-year/Associate,Associate / CC
455992,Vermont College of Fine Arts,VT,2,1,2,2,7,19,32,-2,,,,,,1,0,1,0,0,4,Less Selective (>75% or open),Master's University
456001,Advanced Welding Institute,VT,9,3,3,2,2,-2,-2,-2,,,,,,0,0,0,1,0,5,2-year/Associate,Other
456029,Paul Mitchell the School-Memphis,TN,9,3,3,2,2,-2,-2,-2,,,,,,0,0,0,1,0,5,2-year/Associate,Other
456038,Pima Medical Institute-East Valley,AZ,6,2,3,2,3,10,10,-2,,,,,,0,0,0,1,0,5,2-year/Associate,Associate / CC
456065,Paul Mitchell the School-Cleveland,OH,9,3,3,2,2,-2,-2,-2,,,,,,0,0,0,1,0,5,2-year/Associate,Other
456074,Paul Mitchell the School-Columbus,OH,9,3,3,2,2,-2,-2,-2,,,,,,0,0,0,1,0,5,2-year/Associate,Other
456135,Empire Beauty School-Spring Lake Park,MN,9,3,3,2,2,-2,-2,-2,,,,,,0,0,0,1,0,5,2-year/Associate,Other
456153,MediaTech Institute-Houston,TX,6,2,3,2,3,12,-2,-2,,,,,,0,0,0,1,0,5,2-year/Associate,Associate / CC
456171,Urbana Theological Seminary,IL,2,1,2,2,7,-2,-2,-2,,,,,,1,0,1,0,0,4,Less Selective (>75% or open),Other
456205,Miller-Motte College-Raleigh,NC,6,2,3,2,3,10,10,-2,,,,,,0,0,0,1,0,5,2-year/Associate,Associate / CC
456214,Lamson Institute,TX,6,2,3,2,3,-2,-2,-2,,,,,,0,0,0,1,0,5,2-year/Associate,Other
456287,College of Hair Design-East Campus,NE,6,2,3,2,4,-2,-2,-2,,,,,,0,0,0,1,0,5,2-year/Associate,Other
456454,Fortis College-Salt Lake City,UT,6,2,3,2,3,10,10,-2,,,,,,0,0,0,1,0,5,2-year/Associate,Associate / CC
456481,Polytechnic University of Puerto Rico-Miami,FL,2,1,2,2,7,22,29,-2,,,,,,1,0,1,0,0,4,Less Selective (>75% or open),Bacc Diverse Fields
456490,Polytechnic University of Puerto Rico-Orlando,FL,2,1,2,2,7,22,29,-2,,,,,,1,0,1,0,0,4,Less Selective (>75% or open),Bacc Diverse Fields
456506,Ross Medical Education Center-Fort Wayne,IN,6,2,3,2,3,-2,10,-2,,,,,,0,0,0,1,0,5,2-year/Associate,Other
456515,Ross Medical Education Center-Battle Creek,MI,9,3,3,2,2,-2,-2,-2,,,,,,0,0,0,1,0,5,2-year/Associate,Other
456542,Geisinger Commonwealth School of Medicine,PA,2,1,2,2,9,25,25,-2,,,,,,1,0,1,0,0,4,Less Selective (>75% or open),Bacc/Associate
456551,"Josef's School of Hair, Skin & Body-Fargo",ND,9,3,3,2,2,-2,-2,-2,,,,,,0,0,0,1,0,5,2-year/Associate,Other
456579,Miller-Motte College-McCann-Allentown,PA,6,2,3,2,3,7,9,-2,,,,,,0,0,0,1,0,5,2-year/Associate,Associate / CC
456588,Salon Success Academy-Fontana,CA,9,3,3,2,2,-2,-2,-2,,,,,,0,0,0,1,0,5,2-year/Associate,Other
456597,Salon Success Academy-Redlands,CA,9,3,3,2,2,-2,-2,-2,,,,,,0,0,0,1,0,5,2-year/Associate,Other
456621,Strayer University-West Virginia,WV,3,1,3,2,7,29,29,-2,,,,,,1,0,0,1,0,4,Less Selective (>75% or open),Other
456825,Paul Mitchell the School-Baton Rouge,LA,9,3,3,2,2,-2,-2,-2,,,,,,0,0,0,1,0,5,2-year/Associate,Other
456852,San Joaquin Valley College-Hesperia,CA,6,2,3,2,3,9,-2,-2,,,,,,0,0,0,1,0,5,2-year/Associate,Associate / CC
456922,South Texas Vocational Technical Institute-Brownsville,TX,9,3,3,2,2,-2,-2,-2,,,,,,0,0,0,1,0,5,2-year/Associate,Other
456931,Miller-Motte College-STVT-Corpus Christi,TX,9,3,3,2,2,-2,-2,-2,,,,,,0,0,0,1,0,5,2-year/Associate,Other
456959,University of Minnesota-Rochester,MN,1,1,1,2,5,26,26,-2,0.7170283806343907,1198.0,,,27.0,1,1,0,0,0,3,Moderately Selective (50-75%),Mixed Spec-Focus
456968,Health And Style Institute,NC,6,2,3,2,4,-2,-2,-2,,,,,,0,0,0,1,0,5,2-year/Associate,Other
456977,CBT Technology Institute-Cutler Bay,FL,6,2,3,2,3,13,13,-2,,,,,,0,0,0,1,0,5,2-year/Associate,Associate / CC
457031,Capri Beauty College,IL,9,3,3,2,2,-2,-2,-2,,,,,,0,0,0,1,0,5,2-year/Associate,Other
457077,Milan Institute-Bakersfield,CA,9,3,3,2,2,-2,-2,-2,,,,,,0,0,0,1,0,5,2-year/Associate,Other
457086,Homestead Schools,CA,2,1,2,2,7,26,26,-2,,,,,,1,0,1,0,0,4,Less Selective (>75% or open),Mixed Spec-Focus
457101,Carrington College-Las Vegas,NV,6,2,3,2,3,10,10,-2,,,,,,0,0,0,1,0,5,2-year/Associate,Associate / CC
457110,Carrington College-Reno,NV,6,2,3,2,3,10,10,-2,,,,,,0,0,0,1,0,5,2-year/Associate,Associate / CC
457129,Chamberlain University-Florida,FL,3,1,3,2,5,26,26,-2,0.9,10.0,,,,1,0,0,1,0,4,Less Selective (>75% or open),Mixed Spec-Focus
457192,Washington Barber College Inc,AR,9,3,3,2,2,-2,-2,-2,,,,,,0,0,0,1,0,5,2-year/Associate,Other
457208,InterCoast Colleges-Rancho Cordova,CA,9,3,3,2,2,-2,-2,-2,,,,,,0,0,0,1,0,5,2-year/Associate,Other
457226,Horizon University,IN,2,1,2,2,7,24,24,-2,,,,,,1,0,1,0,0,4,Less Selective (>75% or open),Bacc/Associate
457253,Beyond 21st Century Beauty Academy,CA,9,3,3,2,2,-2,-2,-2,,,,,,0,0,0,1,0,5,2-year/Associate,Other
457271,Academy for Jewish Religion California,CA,2,1,2,2,7,24,24,-2,,,,,,1,0,1,0,0,4,Less Selective (>75% or open),Bacc/Associate
457299,Angeles College,CA,3,1,3,2,7,26,26,-2,,,,,,1,0,0,1,0,4,Less Selective (>75% or open),Mixed Spec-Focus
457314,Angeles Institute,CA,9,3,3,2,2,-2,-2,-2,,,,,,0,0,0,1,0,5,2-year/Associate,Other
457323,Paul Mitchell the School-Temecula,CA,9,3,3,2,2,-2,-2,-2,,,,,,0,0,0,1,0,5,2-year/Associate,Other
457332,TIGI Hairdressing Academy Guilford,CT,9,3,3,2,2,-2,-2,-2,,,,,,0,0,0,1,0,5,2-year/Associate,Other
457341,International Institute of Cosmetology,CT,9,3,3,2,2,-2,-2,-2,,,,,,0,0,0,1,0,5,2-year/Associate,Other
457350,Florida School of Traditional Midwifery,FL,5,2,2,2,4,-2,-2,-2,,,,,,0,0,1,0,0,5,2-year/Associate,Other
457378,Emerald Coast Technical College,FL,7,3,1,2,2,-2,-2,-2,,,,,,0,1,0,0,0,5,2-year/Associate,Other
457387,Immokalee Technical College,FL,4,2,1,2,4,-2,-2,-2,,,,,,0,1,0,0,0,5,2-year/Associate,Other
457396,American Academy of Cosmetology,FL,9,3,3,2,2,-2,-2,-2,,,,,,0,0,0,1,0,5,2-year/Associate,Other
457402,University of Fort Lauderdale,FL,2,1,2,2,7,32,32,-2,,,,,,1,0,1,0,0,4,Less Selective (>75% or open),Special Focus
457411,Aviation Institute of Maintenance-Orlando,FL,6,2,3,2,4,-2,-2,-2,,,,,,0,0,0,1,0,5,2-year/Associate,Other
457420,Summit Salon Academy,FL,9,3,3,2,2,-2,-2,-2,,,,,,0,0,0,1,0,5,2-year/Associate,Other
457439,Summit Salon Academy-Gainesville,FL,9,3,3,2,2,-2,-2,-2,,,,,,0,0,0,1,0,5,2-year/Associate,Other
457448,Tenaj Salon Institute,FL,9,3,3,2,2,-2,-2,-2,,,,,,0,0,0,1,0,5,2-year/Associate,Other
457466,Profile Institute of Barber-Styling,GA,9,3,3,2,2,-2,-2,-2,,,,,,0,0,0,1,0,5,2-year/Associate,Other
457475,Keune Academy by 124,GA,9,3,3,2,2,-2,-2,-2,,,,,,0,0,0,1,0,5,2-year/Associate,Other
457484,Pacific Rim Christian University,HI,2,1,2,2,7,22,21,-2,,,,,,1,0,1,0,0,4,Less Selective (>75% or open),Bacc Diverse Fields
457493,Paul Mitchell the School-Twin Falls,ID,9,3,3,2,2,-2,-2,-2,,,,,,0,0,0,1,0,5,2-year/Associate,Other
457527,Ambria College of Nursing,IL,3,1,3,2,5,26,26,-2,,,,,,1,0,0,1,0,4,Less Selective (>75% or open),Mixed Spec-Focus
457536,Midwestern Career College,IL,6,2,3,2,3,10,10,-2,,,,,,0,0,0,1,0,5,2-year/Associate,Associate / CC
457545,Paul Mitchell the School-Normal,IL,9,3,3,2,2,-2,-2,-2,,,,,,0,0,0,1,0,5,2-year/Associate,Other
457554,Innovations Design Academy,IL,9,3,3,2,2,-2,-2,-2,,,,,,0,0,0,1,0,5,2-year/Associate,Other
457563,Aveda Fredric's Institute-Indianapolis,IN,9,3,3,2,2,-2,-2,-2,,,,,,0,0,0,1,0,5,2-year/Associate,Other
457572,Summit Salon Academy,IN,9,3,3,2,2,-2,-2,-2,,,,,,0,0,0,1,0,5,2-year/Associate,Other
457581,Eric Fisher Academy,KS,9,3,3,2,2,-2,-2,-2,,,,,,0,0,0,1,0,5,2-year/Associate,Other
457606,My Le's Beauty College,LA,9,3,3,2,2,-2,-2,-2,,,,,,0,0,0,1,0,5,2-year/Associate,Other
457615,Blackstone Valley Vocational Regional School District,MA,7,3,1,2,2,-2,-2,-2,,,,,,0,1,0,0,0,5,2-year/Associate,Other
457624,Southern Worcester County Regional Vocational School District,MA,7,3,1,2,2,-2,-2,-2,,,,,,0,1,0,0,0,5,2-year/Associate,Other
457633,L'esprit Academy,MI,9,3,3,2,2,-2,-2,-2,,,,,,0,0,0,1,0,5,2-year/Associate,Other
457642,Marketti Academy of Cosmetology,MI,9,3,3,2,2,-2,-2,-2,,,,,,0,0,0,1,0,5,2-year/Associate,Other
457679,Avalon School of Cosmetology,MN,6,2,3,2,4,-2,-2,-2,,,,,,0,0,0,1,0,5,2-year/Associate,Other
457697,City Vision University,MO,2,1,2,2,7,22,26,-2,,,,,,1,0,1,0,0,4,Less Selective (>75% or open),Bacc Diverse Fields
457749,Montana Academy of Salons,MT,9,3,3,2,2,-2,-2,-2,,,,,,0,0,0,1,0,5,2-year/Associate,Other
457767,National Career Institute,NJ,9,3,3,2,2,-2,-2,-2,,,,,,0,0,0,1,0,5,2-year/Associate,Other
457776,Paul Mitchell the School-Albuquerque,NM,9,3,3,2,2,-2,-2,-2,,,,,,0,0,0,1,0,5,2-year/Associate,Other
457785,International Academy of Style,NV,9,3,3,2,2,-2,-2,-2,,,,,,0,0,0,1,0,5,2-year/Associate,Other
457794,EDP School,NY,8,3,2,2,2,-2,-2,-2,,,,,,0,0,1,0,0,5,2-year/Associate,Other
457800,New York Medical Career Training Center,NY,6,2,3,2,4,-2,-2,-2,,,,,,0,0,0,1,0,5,2-year/Associate,Other
457819,Institute of Culinary Education,NY,9,3,3,2,1,-2,-2,-2,,,,,,0,0,0,1,0,5,2-year/Associate,Other
457837,The Salon Professional Academy-Tonawanda,NY,9,3,3,2,2,-2,-2,-2,,,,,,0,0,0,1,0,5,2-year/Associate,Other
457855,Paul Mitchell the School-NYC,NY,9,3,3,2,2,-2,-2,-2,,,,,,0,0,0,1,0,5,2-year/Associate,Other
457873,Four County Career Center,OH,7,3,1,2,2,-2,-2,-2,,,,,,0,1,0,0,0,5,2-year/Associate,Other
457916,Summit Salon Academy-Perrysburg,OH,6,2,3,2,4,-2,-2,-2,,,,,,0,0,0,1,0,5,2-year/Associate,Other
457925,Portland Actors Conservatory,OR,5,2,2,2,4,-2,-2,-2,1.0,1.0,,,,0,0,1,0,0,5,2-year/Associate,Other
457943,Somerset County Technology Center,PA,7,3,1,2,2,-2,-2,-2,,,,,,0,1,0,0,0,5,2-year/Associate,Other
457952,Metro Beauty Academy,PA,9,3,3,2,2,-2,-2,-2,,,,,,0,0,0,1,0,5,2-year/Associate,Other
457989,Academy for Careers and Technology,SC,7,3,1,2,2,-2,-2,-2,,,,,,0,1,0,0,0,5,2-year/Associate,Other
458007,Love Beauty School Inc,TN,9,3,3,2,2,-2,-2,-2,,,,,,0,0,0,1,0,5,2-year/Associate,Other
458034,Houston International College Cardiotech Ultrasound School,TX,6,2,3,2,4,10,10,-2,1.0,3.0,,,,0,0,0,1,0,5,2-year/Associate,Associate / CC
458043,DuVall's School of Cosmetology,TX,9,3,3,2,2,-2,-2,-2,,,,,,0,0,0,1,0,5,2-year/Associate,Other
458061,Texas Beauty College,TX,9,3,3,2,2,-2,-2,-2,,,,,,0,0,0,1,0,5,2-year/Associate,Other
458070,Avenue Five Institute,TX,9,3,3,2,2,-2,-2,-2,,,,,,0,0,0,1,0,5,2-year/Associate,Other
458098,The Salon Professional Academy-Lewisville,TX,9,3,3,2,2,-2,-2,-2,,,,,,0,0,0,1,0,5,2-year/Associate,Other
458104,Renaissance Academie,UT,9,3,3,2,2,-2,-2,-2,,,,,,0,0,0,1,0,5,2-year/Associate,Other
458113,Ascent College,VA,2,1,2,2,5,24,24,-2,,,,,,1,0,1,0,0,4,Less Selective (>75% or open),Bacc/Associate
458122,Institute of Advanced Medical Esthetics,VA,9,3,3,2,1,-2,-2,-2,,,,,,0,0,0,1,0,5,2-year/Associate,Other
458131,Aveda Arts & Sciences Institute Seattle,WA,9,3,3,2,2,-2,-2,-2,,,,,,0,0,0,1,0,5,2-year/Associate,Other
458140,Northwest School of Wooden Boat Building,WA,5,2,2,2,3,11,11,-2,,,,,,0,0,1,0,0,5,2-year/Associate,Associate / CC
458168,The Salon Professional Academy-Onalaska,WI,6,2,3,2,4,-2,-2,-2,,,,,,0,0,0,1,0,5,2-year/Associate,Other
458210,West Coast University-Orange County,CA,3,1,3,2,9,26,26,-2,,,,,,1,0,0,1,0,4,Less Selective (>75% or open),Mixed Spec-Focus
458229,West Coast University-Ontario,CA,3,1,3,2,5,26,26,-2,,,,,,1,0,0,1,0,4,Less Selective (>75% or open),Mixed Spec-Focus
458274,Paul Mitchell the School-Chicago,IL,9,3,3,2,2,-2,-2,-2,,,,,,0,0,0,1,0,5,2-year/Associate,Other
458405,Miller-Motte College-Fayetteville,NC,6,2,3,2,3,10,10,-2,,,,,,0,0,0,1,0,5,2-year/Associate,Associate / CC
458423,European Massage Therapy School-Las Vegas,NV,9,3,3,2,1,-2,-2,-2,,,,,,0,0,0,1,0,5,2-year/Associate,Other
458441,Miller-Motte College-Columbus,GA,6,2,3,2,3,7,10,-2,,,,,,0,0,0,1,0,5,2-year/Associate,Associate / CC
458496,The Art Institute of Virginia Beach,VA,3,1,3,2,5,22,22,-2,,,,,,1,0,0,1,0,4,Less Selective (>75% or open),Bacc Diverse Fields
458681,Fortis College-Indianapolis,IN,6,2,3,2,3,10,10,-2,,,,,,0,0,0,1,0,5,2-year/Associate,Associate / CC
458803,Empire Beauty School-E Memphis,TN,9,3,3,2,2,-2,-2,-2,,,,,,0,0,0,1,0,5,2-year/Associate,Other
458812,Empire Beauty School-Nashville,TN,9,3,3,2,2,-2,-2,-2,,,,,,0,0,0,1,0,5,2-year/Associate,Other
458821,Empire Beauty School-Jackson,TN,9,3,3,2,2,-2,-2,-2,,,,,,0,0,0,1,0,5,2-year/Associate,Other
458830,Empire Beauty School-Springfield,PA,9,3,3,2,2,-2,-2,-2,,,,,,0,0,0,1,0,5,2-year/Associate,Other
458858,Empire Beauty School-Speedway,IN,9,3,3,2,2,-2,-2,-2,,,,,,0,0,0,1,0,5,2-year/Associate,Other
458867,Empire Beauty School-Morrow,GA,9,3,3,2,2,-2,-2,-2,,,,,,0,0,0,1,0,5,2-year/Associate,Other
458885,Strayer University-Arkansas,AR,3,1,3,2,7,22,29,-2,,,,,,1,0,0,1,0,4,Less Selective (>75% or open),Bacc Diverse Fields
458919,Strayer University-Georgia,GA,3,1,3,2,7,29,29,-2,,,,,,1,0,0,1,0,4,Less Selective (>75% or open),Other
458955,Strayer University-Mississippi,MS,3,1,3,2,7,29,29,-2,,,,,,1,0,0,1,0,4,Less Selective (>75% or open),Other
458964,Strayer University-South Carolina,SC,3,1,3,2,7,29,29,-2,,,,,,1,0,0,1,0,4,Less Selective (>75% or open),Other
458973,Strayer University-Texas,TX,3,1,3,2,7,29,29,-2,,,,,,1,0,0,1,0,4,Less Selective (>75% or open),Other
458982,The Art Institute of San Antonio,TX,3,1,3,2,5,22,22,-2,,,,,,1,0,0,1,0,4,Less Selective (>75% or open),Bacc Diverse Fields
459019,Empire Beauty School-Charlotte,NC,9,3,3,2,2,-2,-2,-2,,,,,,0,0,0,1,0,5,2-year/Associate,Other
459046,Empire Beauty School-Winston-Salem,NC,9,3,3,2,2,-2,-2,-2,,,,,,0,0,0,1,0,5,2-year/Associate,Other
459055,Empire Beauty School-West Palm,FL,9,3,3,2,2,-2,-2,-2,,,,,,0,0,0,1,0,5,2-year/Associate,Other
459064,Empire Beauty School-Pineville,NC,9,3,3,2,2,-2,-2,-2,,,,,,0,0,0,1,0,5,2-year/Associate,Other
459116,Paul Mitchell the School-Phoenix,AZ,9,3,3,2,2,-2,-2,-2,,,,,,0,0,0,1,0,5,2-year/Associate,Other
459170,Paul Mitchell the School-Modesto,CA,9,3,3,2,2,-2,-2,-2,,,,,,0,0,0,1,0,5,2-year/Associate,Other
459189,Cosmo Beauty Academy,CA,9,3,3,2,2,-2,-2,-2,,,,,,0,0,0,1,0,5,2-year/Associate,Other
459198,Paul Mitchell the School-Fresno,CA,9,3,3,2,2,-2,-2,-2,,,,,,0,0,0,1,0,5,2-year/Associate,Other
459204,Unitek College,CA,3,1,3,2,5,26,26,-2,,,,,,1,0,0,1,0,4,Less Selective (>75% or open),Mixed Spec-Focus
459213,Gurnick Academy of Medical Arts,CA,3,1,3,2,7,26,26,-2,,,,,,1,0,0,1,0,4,Less Selective (>75% or open),Mixed Spec-Focus
459231,Paul Mitchell the School-East Bay,CA,9,3,3,2,2,-2,-2,-2,,,,,,0,0,0,1,0,5,2-year/Associate,Other
459259,South University-Richmond,VA,3,1,3,2,9,26,26,-2,,,,,,1,0,0,1,0,4,Less Selective (>75% or open),Mixed Spec-Focus
459268,South University-Virginia Beach,VA,3,1,3,2,7,22,20,-2,,,,,,1,0,0,1,0,4,Less Selective (>75% or open),Bacc Diverse Fields
459277,Aveda Institute-Denver,CO,9,3,3,2,2,-2,-2,-2,,,,,,0,0,0,1,0,5,2-year/Associate,Other
459286,Paul Mitchell the School-Colorado Springs,CO,9,3,3,2,2,-2,-2,-2,,,,,,0,0,0,1,0,5,2-year/Associate,Other
459295,The Salon Professional Academy-Colorado Springs,CO,9,3,3,2,2,-2,-2,-2,,,,,,0,0,0,1,0,5,2-year/Associate,Other
459301,Paul Mitchell the School-Delaware,DE,9,3,3,2,2,-2,-2,-2,,,,,,0,0,0,1,0,5,2-year/Associate,Other
459329,Fred K Marchman Technical College,FL,4,2,1,2,4,-2,-2,-2,,,,,,0,1,0,0,0,5,2-year/Associate,Other
459347,The Salon Professional Academy-Ft Myers,FL,9,3,3,2,2,-2,-2,-2,,,,,,0,0,0,1,0,5,2-year/Associate,Other
459374,Universal Spa Training Academy,IL,9,3,3,2,1,-2,-2,-2,,,,,,0,0,0,1,0,5,2-year/Associate,Other
459392,The Salon Professional Academy-Evansville,IN,9,3,3,2,2,-2,-2,-2,,,,,,0,0,0,1,0,5,2-year/Associate,Other
459408,Tri County Regional Vocational Technical High School,MA,7,3,1,2,2,-2,-2,-2,,,,,,0,1,0,0,0,5,2-year/Associate,Other
459417,Compass College of Film and Media,MI,2,1,2,2,5,30,30,-2,1.0,25.0,570.0,530.0,,1,0,1,0,0,4,Less Selective (>75% or open),Special Focus
459426,Nova Academy of Cosmetology,MN,9,3,3,2,2,-2,-2,-2,,,,,,0,0,0,1,0,5,2-year/Associate,Other
459499,Sage School of Massage & Esthetics,OR,9,3,3,2,1,-2,-2,-2,,,,,,0,0,0,1,0,5,2-year/Associate,Other
459514,Peloton College,TX,6,2,3,2,3,7,-2,-2,,,,,,0,0,0,1,0,5,2-year/Associate,Associate / CC
459523,ABC Beauty Academy,TX,9,3,3,2,2,-2,-2,-2,,,,,,0,0,0,1,0,5,2-year/Associate,Other
459532,Salon & Spa Institute,TX,9,3,3,2,2,-2,-2,-2,,,,,,0,0,0,1,0,5,2-year/Associate,Other
459541,American Beauty Academy,UT,9,3,3,2,2,-2,-2,-2,,,,,,0,0,0,1,0,5,2-year/Associate,Other
459550,Summit Salon Academy,WA,6,2,3,2,4,-2,-2,-2,,,,,,0,0,0,1,0,5,2-year/Associate,Other
459578,Paul Mitchell the School-Milwaukee,WI,9,3,3,2,2,-2,-2,-2,,,,,,0,0,0,1,0,5,2-year/Associate,Other
459727,Touro University Worldwide,CA,2,1,2,2,9,18,18,-2,,,,,,1,0,1,0,0,4,Less Selective (>75% or open),Master's University
459736,Touro University California,CA,2,1,2,2,9,25,25,-2,,,,,,1,0,1,0,0,4,Less Selective (>75% or open),Bacc/Associate
459745,The Chicago School at Washington DC,DC,2,1,2,2,9,26,26,-2,,,,,,1,0,1,0,0,4,Less Selective (>75% or open),Mixed Spec-Focus
459824,Touro University Nevada,NV,2,1,2,2,9,25,25,-2,,,,,,1,0,1,0,0,4,Less Selective (>75% or open),Bacc/Associate
459842,Herzing University-Kenosha,WI,2,1,2,2,8,26,26,-2,0.9347826086956522,92.0,,,,1,0,1,0,0,4,Less Selective (>75% or open),Mixed Spec-Focus
459851,Herzing University-Brookfield,WI,2,1,2,2,8,26,26,-2,0.9508196721311475,61.0,,,,1,0,1,0,0,4,Less Selective (>75% or open),Mixed Spec-Focus
459949,Texas A&M University-San Antonio,TX,1,1,1,2,7,18,18,-2,0.9609220636663007,9110.0,540.0,530.0,20.0,1,1,0,0,0,4,Less Selective (>75% or open),Master's University
459958,Fortis Institute,TX,6,2,3,2,4,10,10,-2,,,,,,0,0,0,1,0,5,2-year/Associate,Associate / CC
459967,Southern Careers Institute-Brownsville,TX,6,2,3,2,3,-2,-2,-2,,,,,,0,0,0,1,0,5,2-year/Associate,Other
459985,Southern Careers Institute-Harlingen,TX,6,2,3,2,3,-2,-2,-2,,,,,,0,0,0,1,0,5,2-year/Associate,Other
459994,Strayer University-Global Region,DC,3,1,3,2,7,29,29,-2,,,,,,1,0,0,1,0,4,Less Selective (>75% or open),Other
460011,Kenneth Shuler School of Cosmetology-Florence,SC,9,3,3,2,2,-2,-2,-2,,,,,,0,0,0,1,0,5,2-year/Associate,Other
460020,Fortis College-Columbia,SC,6,2,3,2,3,10,10,-2,,,,,,0,0,0,1,0,5,2-year/Associate,Associate / CC
460093,Ross Medical Education Center-Davison,MI,9,3,3,2,2,-2,-2,-2,,,,,,0,0,0,1,0,5,2-year/Associate,Other
460109,Ross Medical Education Center-Granger,IN,9,3,3,2,2,10,10,-2,,,,,,0,0,0,1,0,5,2-year/Associate,Associate / CC
460118,Ross Medical Education Center-Niles,OH,9,3,3,2,2,-2,-2,-2,,,,,,0,0,0,1,0,5,2-year/Associate,Other
460127,Ross Medical Education Center-Canton,MI,9,3,3,2,2,-2,-2,-2,,,,,,0,0,0,1,0,5,2-year/Associate,Other
460136,Pima Medical Institute-Houston,TX,6,2,3,2,3,10,10,-2,,,,,,0,0,0,1,0,5,2-year/Associate,Associate / CC
460145,Illinois Media School-Chicago Campus,IL,9,3,3,2,2,-2,-2,-2,,,,,,0,0,0,1,0,5,2-year/Associate,Other
460172,Miller-Motte College-STVT-San Antonio,TX,9,3,3,2,2,-2,-2,-2,,,,,,0,0,0,1,0,5,2-year/Associate,Other
460181,Concorde Career College-Dallas,TX,6,2,3,2,3,10,10,-2,0.9455252918287937,257.0,,,,0,0,0,1,0,5,2-year/Associate,Associate / CC
460190,Concorde Career Institute-Orlando,FL,6,2,3,2,3,10,10,-2,0.9056603773584906,106.0,,,,0,0,0,1,0,5,2-year/Associate,Associate / CC
460206,Concorde Career College-San Antonio,TX,6,2,3,2,3,10,10,-2,1.0,161.0,,,,0,0,0,1,0,5,2-year/Associate,Associate / CC
460349,Johnson & Wales University-Online,RI,2,1,2,2,9,18,29,-2,0.675,400.0,,,,1,0,1,0,0,4,Less Selective (>75% or open),Master's University
460376,Fairfax University of America,VA,2,1,2,2,7,22,28,-2,0.010582010582010581,378.0,,,,1,0,1,0,0,4,Less Selective (>75% or open),Bacc Diverse Fields
460385,Geisinger-Lewistown Hospital School of Nursing,PA,5,2,2,2,4,-2,-2,-2,0.1282051282051282,39.0,,,,0,0,1,0,0,5,2-year/Associate,Other
460394,Moreno Valley College,CA,4,2,1,2,4,2,2,-2,,,,,,0,1,0,0,0,5,2-year/Associate,Associate / CC
460464,Norco College,CA,4,2,1,2,4,2,2,-2,,,,,,0,1,0,0,0,5,2-year/Associate,Associate / CC
460482,Dorsey College-Saginaw,MI,9,3,3,2,2,-2,-2,-2,,,,,,0,0,0,1,0,5,2-year/Associate,Other
460525,Milan Institute-Boise,ID,9,3,3,2,1,-2,-2,-2,,,,,,0,0,0,1,0,5,2-year/Associate,Other
460534,Milan Institute of Cosmetology-El Paso,TX,9,3,3,2,2,-2,-2,-2,,,,,,0,0,0,1,0,5,2-year/Associate,Other
460543,Universal Technical Institute-Dallas Fort Worth,TX,6,2,3,2,3,11,-2,-2,,,,,,0,0,0,1,0,5,2-year/Associate,Associate / CC
460677,ICPR Junior College,PR,6,2,3,2,3,7,10,-2,,,,,,0,0,0,1,0,5,2-year/Associate,Associate / CC
460701,Artistic Nails and Beauty Academy-Lakeland,FL,9,3,3,2,2,-2,-2,-2,,,,,,0,0,0,1,0,5,2-year/Associate,Other
460756,Hawaii Medical College,HI,6,2,3,2,3,10,10,-2,,,,,,0,0,0,1,0,5,2-year/Associate,Associate / CC
460765,Carolina College of Hair Design Inc,NC,9,3,3,2,2,-2,-2,-2,,,,,,0,0,0,1,0,5,2-year/Associate,Other
460808,Integrated Massage Therapy Services,ID,9,3,3,2,1,-2,-2,-2,,,,,,0,0,0,1,0,5,2-year/Associate,Other
460817,Miller-Motte College-Jacksonville,NC,6,2,3,2,3,13,10,-2,,,,,,0,0,0,1,0,5,2-year/Associate,Associate / CC
460826,Miller-Motte College-Augusta,GA,6,2,3,2,3,8,10,-2,,,,,,0,0,0,1,0,5,2-year/Associate,Associate / CC
460835,Miller-Motte College-Conway,SC,6,2,3,2,3,7,10,-2,,,,,,0,0,0,1,0,5,2-year/Associate,Associate / CC
460862,Aveda Institute-Portland,OR,6,2,3,2,4,-2,-2,-2,,,,,,0,0,0,1,0,5,2-year/Associate,Other
460871,Chamberlain University-Virginia,VA,3,1,3,2,5,26,26,-2,0.5,4.0,,,,1,0,0,1,0,4,Less Selective (>75% or open),Mixed Spec-Focus
460914,Penrose Academy,AZ,9,3,3,2,2,-2,-2,-2,,,,,,0,0,0,1,0,5,2-year/Associate,Other
460932,Skin Institute,MO,9,3,3,2,2,-2,-2,-2,,,,,,0,0,0,1,0,5,2-year/Associate,Other
460969,Beauty Academy of South Florida,FL,9,3,3,2,2,-2,-2,-2,,,,,,0,0,0,1,0,5,2-year/Associate,Other
460978,Ogle School Hair Skin Nails-North Dallas,TX,9,3,3,2,2,-2,-2,-2,,,,,,0,0,0,1,0,5,2-year/Associate,Other
460987,The Salon Professional Academy,AR,9,3,3,2,2,-2,-2,-2,,,,,,0,0,0,1,0,5,2-year/Associate,Other
460996,The Salon Professional Academy-St Charles,MO,9,3,3,2,2,-2,-2,-2,,,,,,0,0,0,1,0,5,2-year/Associate,Other
461014,Mildred Elley-New York Campus,NY,6,2,3,2,3,10,10,-2,,,,,,0,0,0,1,0,5,2-year/Associate,Associate / CC
461023,National Paralegal College,AZ,3,1,3,2,7,31,32,-2,,,,,,1,0,0,1,0,4,Less Selective (>75% or open),Special Focus
461032,Carolina College of Biblical Studies,NC,2,1,2,2,7,24,24,-2,,,,,,1,0,1,0,0,4,Less Selective (>75% or open),Bacc/Associate
461087,Northeast Technology Center,OK,7,3,1,2,2,-2,-2,-2,,,,,,0,1,0,0,0,5,2-year/Associate,Other
461111,Allstate Hairstyling & Barber College,OH,6,2,3,2,4,-2,-2,-2,,,,,,0,0,0,1,0,5,2-year/Associate,Other
461120,Omega Graduate School,TN,2,1,2,2,9,20,32,-2,,,,,,1,0,1,0,0,4,Less Selective (>75% or open),Master's University
461139,Jung Tao School of Classical Chinese Medicine,NC,2,1,2,2,7,26,26,-2,,,,,,1,0,1,0,0,4,Less Selective (>75% or open),Mixed Spec-Focus
461148,New York Film Academy,CA,3,1,3,2,7,30,30,-2,,,,,,1,0,0,1,0,4,Less Selective (>75% or open),Special Focus
461175,International College of Cosmetology,CA,9,3,3,2,2,-2,-2,-2,,,,,,0,0,0,1,0,5,2-year/Associate,Other
461193,Bella Capelli Academy,PA,9,3,3,2,2,-2,-2,-2,,,,,,0,0,0,1,0,5,2-year/Associate,Other
461218,Institute of Medical Careers,PA,6,2,3,2,3,10,10,-2,,,,,,0,0,0,1,0,5,2-year/Associate,Associate / CC
461245,Flagler Technical College,FL,4,2,1,2,4,-2,-2,-2,,,,,,0,1,0,0,0,5,2-year/Associate,Other
461254,Galaxy Medical College,CA,6,2,3,2,3,-2,-2,-2,0.9,40.0,,,,0,0,0,1,0,5,2-year/Associate,Other
461263,American Medical Sciences Center,CA,3,1,3,2,5,10,-2,-2,,,,,,1,0,0,1,0,4,Less Selective (>75% or open),Associate / CC
461272,Mandalyn Academy,UT,9,3,3,2,2,-2,-2,-2,,,,,,0,0,0,1,0,5,2-year/Associate,Other
461281,Jose Maria Vargas University,FL,3,1,3,2,7,32,32,-2,,,,,,1,0,0,1,0,4,Less Selective (>75% or open),Special Focus
461306,D A Dorsey Technical College,FL,7,3,1,2,2,-2,-2,-2,,,,,,0,1,0,0,0,5,2-year/Associate,Other
461315,Keweenaw Bay Ojibwa Community College,MI,4,2,1,2,4,33,33,-2,,,,,,0,1,0,0,0,5,2-year/Associate,Tribal
461324,Meridian Institute of Surgical Assisting,TN,6,2,3,2,3,10,10,-2,,,,,,0,0,0,1,0,5,2-year/Associate,Associate / CC
461333,Mauna Loa Helicopters,HI,9,3,3,2,1,-2,-2,-2,,,,,,0,0,0,1,0,5,2-year/Associate,Other
461342,Acaydia School of Aesthetics,UT,9,3,3,2,2,-2,-2,-2,,,,,,0,0,0,1,0,5,2-year/Associate,Other
461379,Holistic Massage Training Institute,MD,9,3,3,2,1,-2,-2,-2,,,,,,0,0,0,1,0,5,2-year/Associate,Other
461388,Diamonds College,TX,9,3,3,2,2,-2,-2,-2,,,,,,0,0,0,1,0,5,2-year/Associate,Other
461412,Northern Virginia School of Therapeutic Massage,VA,9,3,3,2,1,-2,-2,-2,,,,,,0,0,0,1,0,5,2-year/Associate,Other
461421,Paul Mitchell the School-St Louis,MO,9,3,3,2,2,-2,-2,-2,,,,,,0,0,0,1,0,5,2-year/Associate,Other
461430,Advanced Training Institute,NV,9,3,3,2,2,-2,-2,-2,,,,,,0,0,0,1,0,5,2-year/Associate,Other
461485,Shepherds Theological Seminary,NC,2,1,2,2,9,24,24,-2,,,,,,1,0,1,0,0,4,Less Selective (>75% or open),Bacc/Associate
461494,Taylor Andrews Academy of Hair Design-West Jordan,UT,9,3,3,2,2,-2,-2,-2,,,,,,0,0,0,1,0,5,2-year/Associate,Other
461500,Santa Ana Beauty Academy,CA,9,3,3,2,2,-2,-2,-2,,,,,,0,0,0,1,0,5,2-year/Associate,Other
461528,Manna University,NC,2,1,2,2,9,22,24,-2,1.0,25.0,,,,1,0,1,0,0,4,Less Selective (>75% or open),Bacc Diverse Fields
461537,Evolve Beauty Academy,MO,9,3,3,2,2,-2,-2,-2,,,,,,0,0,0,1,0,5,2-year/Associate,Other
461555,Aveda Institute-New Mexico,NM,9,3,3,2,2,-2,-2,-2,,,,,,0,0,0,1,0,5,2-year/Associate,Other
461573,American Trade School,MO,6,2,3,2,3,11,11,-2,,,,,,0,0,0,1,0,5,2-year/Associate,Associate / CC
461582,Estelle Skin Care and Spa Institute,IL,9,3,3,2,1,-2,-2,-2,,,,,,0,0,0,1,0,5,2-year/Associate,Other
461591,Paul Mitchell the School-Honolulu,HI,6,2,3,2,4,-2,-2,-2,,,,,,0,0,0,1,0,5,2-year/Associate,Other
461607,Elite Cosmetology School,CA,9,3,3,2,2,-2,-2,-2,,,,,,0,0,0,1,0,5,2-year/Associate,Other
461625,American Technical Institute,PR,9,3,3,2,2,-2,-2,-2,,,,,,0,0,0,1,0,5,2-year/Associate,Other
461643,Bergin University of Canine Studies,CA,2,1,2,2,7,22,32,-2,,,,,,1,0,1,0,0,4,Less Selective (>75% or open),Bacc Diverse Fields
461652,Aveda Institute-Boise,ID,9,3,3,2,2,-2,-2,-2,,,,,,0,0,0,1,0,5,2-year/Associate,Other
461689,Pima Medical Institute-Aurora,CO,6,2,3,2,3,10,10,-2,,,,,,0,0,0,1,0,5,2-year/Associate,Associate / CC
461704,Capilo School of Hair Design,ME,9,3,3,2,2,-2,-2,-2,,,,,,0,0,0,1,0,5,2-year/Associate,Other
461713,Pure Aesthetics Natural Skincare School,AZ,9,3,3,2,1,-2,-2,-2,,,,,,0,0,0,1,0,5,2-year/Associate,Other
461722,Lindsey Institute of Cosmetology,KY,9,3,3,2,2,-2,-2,-2,,,,,,0,0,0,1,0,5,2-year/Associate,Other
461740,Buckner Barber School,TX,9,3,3,2,2,-2,-2,-2,,,,,,0,0,0,1,0,5,2-year/Associate,Other
461759,Simmons College of Kentucky,KY,2,1,2,1,7,21,24,-2,0.6713286713286714,286.0,,,,1,0,1,0,1,4,Less Selective (>75% or open),Bacc Arts & Sciences
461768,Atelier Esthetique Institute of Esthetics,NY,9,3,3,2,2,-2,-2,-2,,,,,,0,0,0,1,0,5,2-year/Associate,Other
461786,Advanced College of Cosmetology,WI,9,3,3,2,2,-2,-2,-2,,,,,,0,0,0,1,0,5,2-year/Associate,Other
461795,North American University,TX,2,1,2,2,7,19,19,-2,,,,,,1,0,1,0,0,4,Less Selective (>75% or open),Master's University
461810,United Beauty College,CO,9,3,3,2,2,-2,-2,-2,,,,,,0,0,0,1,0,5,2-year/Associate,Other
461829,Cinta Aveda Institute,CA,9,3,3,2,2,-2,-2,-2,,,,,,0,0,0,1,0,5,2-year/Associate,Other
461838,Long Island Nail Skin & Hair Institute,NY,9,3,3,2,1,-2,-2,-2,,,,,,0,0,0,1,0,5,2-year/Associate,Other
461847,Keser Torah-Mayan Hatalmud,NJ,2,1,2,2,5,24,-2,-2,0.8125,16.0,,,,1,0,1,0,0,4,Less Selective (>75% or open),Bacc/Associate
461856,Southern California Health Institute,CA,9,3,3,2,2,-2,-2,-2,,,,,,0,0,0,1,0,5,2-year/Associate,Other
461865,Best Care College,NJ,6,2,3,2,3,-2,-2,-2,,,,,,0,0,0,1,0,5,2-year/Associate,Other
461874,First Class Cosmetology School,WI,9,3,3,2,2,-2,-2,-2,,,,,,0,0,0,1,0,5,2-year/Associate,Other
461883,Millennia Atlantic University,FL,3,1,3,2,7,29,29,-2,,,,,,1,0,0,1,0,4,Less Selective (>75% or open),Other
461892,Abcott Institute,MI,9,3,3,2,2,-2,-2,-2,,,,,,0,0,0,1,0,5,2-year/Associate,Other
461908,The Salon Professional Academy-Kenosha,WI,9,3,3,2,2,-2,-2,-2,,,,,,0,0,0,1,0,5,2-year/Associate,Other
461917,Paul Mitchell the School-Indianapolis,IN,9,3,3,2,2,-2,-2,-2,,,,,,0,0,0,1,0,5,2-year/Associate,Other
461926,Taylor Andrews Academy-St George,UT,9,3,3,2,2,-2,-2,-2,,,,,,0,0,0,1,0,5,2-year/Associate,Other
461944,Protege Academy,MI,9,3,3,2,2,-2,-2,-2,,,,,,0,0,0,1,0,5,2-year/Associate,Other
461953,Colorado Academy of Veterinary Technology,CO,6,2,3,2,3,10,10,-2,1.0,1.0,,,,0,0,0,1,0,5,2-year/Associate,Associate / CC
461962,Northeast Technical Institute,ME,9,3,3,2,1,-2,-2,-2,,,,,,0,0,0,1,0,5,2-year/Associate,Other
461999,Elite School of Cosmetology,OH,6,2,3,2,4,-2,-2,-2,,,,,,0,0,0,1,0,5,2-year/Associate,Other
462008,Paul Mitchell the School-Las Vegas,NV,9,3,3,2,2,-2,-2,-2,,,,,,0,0,0,1,0,5,2-year/Associate,Other
462017,Summit Salon Academy-Kokomo,IN,9,3,3,2,2,-2,-2,-2,,,,,,0,0,0,1,0,5,2-year/Associate,Other
462035,Florida Academy,FL,9,3,3,2,2,-2,-2,-2,,,,,,0,0,0,1,0,5,2-year/Associate,Other
462044,Institute for Doctoral Studies in the Visual Arts,ME,2,1,2,2,9,20,32,-2,,,,,,1,0,1,0,0,4,Less Selective (>75% or open),Master's University
462053,State Career College,IL,9,3,3,2,2,-2,-2,-2,,,,,,0,0,0,1,0,5,2-year/Associate,Other
462062,Academy for Salon Professionals,CA,9,3,3,2,2,-2,-2,-2,,,,,,0,0,0,1,0,5,2-year/Associate,Other
462071,Paul Mitchell the School-Spokane,WA,9,3,3,2,2,-2,-2,-2,,,,,,0,0,0,1,0,5,2-year/Associate,Other
462336,International College of Beauty Arts & Sciences,CA,9,3,3,2,2,-2,-2,-2,,,,,,0,0,0,1,0,5,2-year/Associate,Other
462345,The Salon Professional Academy,IL,9,3,3,2,2,-2,-2,-2,,,,,,0,0,0,1,0,5,2-year/Associate,Other
462354,John Paul the Great Catholic University,CA,2,1,2,2,5,22,22,-2,0.7958656330749354,387.0,574.0,551.0,22.0,1,0,1,0,0,4,Less Selective (>75% or open),Bacc Diverse Fields
463056,University of Connecticut-Hartford Campus,CT,1,1,1,2,5,-2,-2,-2,0.9729835552075177,2554.0,620.0,610.0,28.0,1,1,0,0,0,4,Less Selective (>75% or open),Other
464226,Ottawa University-Surprise,AZ,2,1,2,2,8,22,-2,-2,0.2865800865800866,1155.0,620.0,610.0,23.0,1,0,1,0,0,2,Selective (25-50%),Bacc Diverse Fields
466921,Chamberlain University-Missouri,MO,3,1,3,2,5,26,26,-2,0.7142857142857143,7.0,,,,1,0,0,1,0,4,Less Selective (>75% or open),Mixed Spec-Focus
466930,Chamberlain University-Texas,TX,3,1,3,2,5,26,26,-2,0.8571428571428571,28.0,,,,1,0,0,1,0,4,Less Selective (>75% or open),Mixed Spec-Focus
467094,Continental School of Beauty Culture-Mattydale,NY,9,3,3,2,2,-2,-2,-2,,,,,,0,0,0,1,0,5,2-year/Associate,Other
467368,Carrington College-Ontario,CA,6,2,3,2,3,13,10,-2,,,,,,0,0,0,1,0,5,2-year/Associate,Associate / CC
467863,Paul Mitchell the School-Columbia,SC,9,3,3,2,2,-2,-2,-2,,,,,,0,0,0,1,0,5,2-year/Associate,Other
467872,Paul Mitchell the School-Charleston,SC,9,3,3,2,2,-2,-2,-2,,,,,,0,0,0,1,0,5,2-year/Associate,Other
467906,Kenneth Shuler School of Cosmetology-Greenville,SC,9,3,3,2,2,-2,-2,-2,,,,,,0,0,0,1,0,5,2-year/Associate,Other
468246,Northwest College-Eugene,OR,6,2,3,2,4,-2,-2,-2,,,,,,0,0,0,1,0,5,2-year/Associate,Other
468255,Northwest College-Tualatin,OR,6,2,3,2,4,-2,-2,-2,,,,,,0,0,0,1,0,5,2-year/Associate,Other
468291,San Joaquin Valley College-Hanford Classroom,CA,9,3,3,2,2,-2,-2,-2,,,,,,0,0,0,1,0,5,2-year/Associate,Other
468769,CET-Soledad,CA,8,3,2,2,2,-2,-2,-2,,,,,,0,0,1,0,0,5,2-year/Associate,Other
468848,UEI College-Oceanside,CA,9,3,3,2,2,-2,-2,-2,,,,,,0,0,0,1,0,5,2-year/Associate,Other
468893,Paul Mitchell the School-New Orleans,LA,9,3,3,2,2,-2,-2,-2,,,,,,0,0,0,1,0,5,2-year/Associate,Other
468909,UEI College-Garden Grove,CA,9,3,3,2,2,-2,-2,-2,,,,,,0,0,0,1,0,5,2-year/Associate,Other
468963,New England Tractor Trailer Training School of Massachusetts,MA,9,3,3,2,2,-2,-2,-2,,,,,,0,0,0,1,0,5,2-year/Associate,Other
469416,Dewey University-Manati,PR,2,1,2,2,5,26,26,-2,,,,,,1,0,1,0,0,4,Less Selective (>75% or open),Mixed Spec-Focus
469610,Allen School-Phoenix,AZ,9,3,3,2,1,-2,10,-2,,,,,,0,0,0,1,0,5,2-year/Associate,Other
469629,Oklahoma Technical College,OK,5,2,2,2,3,-2,-2,-2,,,,,,0,0,1,0,0,5,2-year/Associate,Other
469911,Unitech Training Academy-Alexandria,LA,9,3,3,2,2,-2,-2,-2,,,,,,0,0,0,1,0,5,2-year/Associate,Other
470038,UEI College-Riverside,CA,9,3,3,2,2,-2,-2,-2,,,,,,0,0,0,1,0,5,2-year/Associate,Other
470047,WellSpring School of Allied Health-Lawrence,KS,6,2,3,2,3,10,-2,-2,,,,,,0,0,0,1,0,5,2-year/Associate,Associate / CC
470296,Manuel and Theresa's School of Hair Design-Victoria,TX,9,3,3,2,2,-2,-2,-2,,,,,,0,0,0,1,0,5,2-year/Associate,Other
470393,Tricoci University of Beauty Culture-Chicago NE,IL,9,3,3,2,2,-2,-2,-2,,,,,,0,0,0,1,0,5,2-year/Associate,Other
474863,Los Angeles Pacific University,CA,2,1,2,2,7,19,20,-2,,,,,,1,0,1,0,0,4,Less Selective (>75% or open),Master's University
474915,Avalon Institute-Phoenix,AZ,9,3,3,2,2,-2,-2,-2,,,,,,0,0,0,1,0,5,2-year/Associate,Other
474924,Avalon Institute-Layton,UT,9,3,3,2,2,-2,-2,-2,,,,,,0,0,0,1,0,5,2-year/Associate,Other
475015,Aveda Institute-Des Moines,IA,6,2,3,2,4,-2,-2,-2,,,,,,0,0,0,1,0,5,2-year/Associate,Other
475024,Fortis Institute-Lawrenceville,NJ,9,3,3,2,2,-2,-2,-2,,,,,,0,0,0,1,0,5,2-year/Associate,Other
475033,Relay Graduate School of Education,NY,2,1,2,2,7,32,32,-2,,,,,,1,0,1,0,0,4,Less Selective (>75% or open),Special Focus
475060,Miller-Motte College-Macon,GA,6,2,3,2,3,13,10,-2,,,,,,0,0,0,1,0,5,2-year/Associate,Associate / CC
475121,South University-Savannah Online,GA,3,1,3,2,9,17,26,-2,,,,,,1,0,0,1,0,4,Less Selective (>75% or open),Doctoral / Pro
475176,San Joaquin Valley College-Temecula,CA,6,2,3,2,3,9,-2,-2,,,,,,0,0,0,1,0,5,2-year/Associate,Associate / CC
475200,Whitworth University-Adult Degree Programs,WA,2,1,2,2,5,22,22,-2,,,,,,1,0,1,0,0,4,Less Selective (>75% or open),Bacc Diverse Fields
475228,The Colleges of Law at Santa Barbara,CA,2,1,2,2,9,31,31,-2,,,,,,1,0,1,0,0,4,Less Selective (>75% or open),Special Focus
475237,The University of America,CA,2,1,2,2,9,-2,-2,-2,,,,,,1,0,1,0,0,4,Less Selective (>75% or open),Other
475273,"Springfield College-Regional, Online, and Continuing Education",MA,2,1,2,2,7,20,32,-2,,,,,,1,0,1,0,0,4,Less Selective (>75% or open),Master's University
475282,Marian Health Careers Center-Van Nuys Campus,CA,9,3,3,2,2,-2,-2,-2,,,,,,0,0,0,1,0,5,2-year/Associate,Other
475325,Milan Institute-Las Vegas,NV,9,3,3,2,2,-2,-2,-2,,,,,,0,0,0,1,0,5,2-year/Associate,Other
475398,Catholic Distance University,WV,2,1,2,2,7,24,24,-2,,,,,,1,0,1,0,0,4,Less Selective (>75% or open),Bacc/Associate
475404,New York School of Esthetics & Day Spa,NY,9,3,3,2,1,-2,-2,-2,,,,,,0,0,0,1,0,5,2-year/Associate,Other
475422,Finger Lakes Health College of Nursing & Health Sciences,NY,5,2,2,2,3,10,10,-2,,0.0,,,,0,0,1,0,0,5,2-year/Associate,Associate / CC
475431,ASI Career Institute,NJ,9,3,3,2,1,-2,-2,-2,,,,,,0,0,0,1,0,5,2-year/Associate,Other
475468,Christine Valmy International School of Esthetics & Cosmetology,NJ,9,3,3,2,2,-2,-2,-2,,,,,,0,0,0,1,0,5,2-year/Associate,Other
475477,City College-Hollywood,FL,3,1,3,2,5,8,10,-2,0.25892857142857145,112.0,,,,1,0,0,1,0,4,Less Selective (>75% or open),Associate / CC
475486,Paul Mitchell the School-Arlington,TX,9,3,3,2,2,-2,-2,-2,,,,,,0,0,0,1,0,5,2-year/Associate,Other
475495,Rocky Mountain University of Health Professions,UT,3,1,3,2,9,26,26,-2,,,,,,1,0,0,1,0,4,Less Selective (>75% or open),Mixed Spec-Focus
475547,Paul Mitchell the School-Fort Myers,FL,9,3,3,2,2,-2,-2,-2,,,,,,0,0,0,1,0,5,2-year/Associate,Other
475556,Paul Mitchell the School-Raleigh,NC,9,3,3,2,2,-2,-2,-2,,,,,,0,0,0,1,0,5,2-year/Associate,Other
475565,CUNY Stella and Charles Guttman Community College,NY,4,2,1,2,3,1,1,-2,,,,,,0,1,0,0,0,5,2-year/Associate,Associate / CC
475574,Lil Lou's Beauty and Barber College,IN,9,3,3,2,2,-2,-2,-2,,,,,,0,0,0,1,0,5,2-year/Associate,Other
475608,Criswell College,TX,2,1,2,2,7,22,24,-2,1.0,31.0,,,,1,0,1,0,0,4,Less Selective (>75% or open),Bacc Diverse Fields
475635,Beverly Hills Design Institute,CA,3,1,3,2,5,32,30,-2,,,,,,1,0,0,1,0,4,Less Selective (>75% or open),Special Focus
475653,Reflections Academy of Beauty,IL,9,3,3,2,2,-2,-2,-2,,,,,,0,0,0,1,0,5,2-year/Associate,Other
475662,UCAS University of Cosmetology Arts & Sciences-La Joya,TX,9,3,3,2,2,-2,-2,-2,,,,,,0,0,0,1,0,5,2-year/Associate,Other
475705,Annenberg School of Nursing,CA,8,3,2,2,2,-2,-2,-2,,0.0,,,,0,0,1,0,0,5,2-year/Associate,Other
475714,American Medical Academy,FL,3,1,3,2,5,10,10,-2,,,,,,1,0,0,1,0,4,Less Selective (>75% or open),Associate / CC
475723,Tooele Technical College,UT,7,3,1,2,2,-2,-2,-2,,,,,,0,1,0,0,0,5,2-year/Associate,Other
475732,Chamberlain University-Georgia,GA,3,1,3,2,5,26,26,-2,0.6842105263157895,19.0,,,,1,0,0,1,0,4,Less Selective (>75% or open),Mixed Spec-Focus
475741,Chamberlain University-Indiana,IN,3,1,3,2,5,26,26,-2,1.0,2.0,,,,1,0,0,1,0,4,Less Selective (>75% or open),Mixed Spec-Focus
475839,Sessions College for Professional Design,AZ,3,1,3,2,5,12,12,-2,,,,,,1,0,0,1,0,4,Less Selective (>75% or open),Associate / CC
476063,Tulsa Welding School-Jacksonville,FL,9,3,3,2,2,-2,-2,-2,,,,,,0,0,0,1,0,5,2-year/Associate,Other
476179,Empire Beauty School-Virginia Beach,VA,9,3,3,2,2,-2,-2,-2,,,,,,0,0,0,1,0,5,2-year/Associate,Other
476230,Ross Medical Education Center-Morgantown,WV,9,3,3,2,2,-2,-2,-2,,,,,,0,0,0,1,0,5,2-year/Associate,Other
476355,Miami Ad School-New York,NY,6,2,3,2,4,-2,-2,-2,,,,,,0,0,0,1,0,5,2-year/Associate,Other
476489,Larry's Barber College,IL,9,3,3,2,2,-2,-2,-2,,,,,,0,0,0,1,0,5,2-year/Associate,Other
476498,Futura Career Institute,FL,9,3,3,2,2,-2,-2,-2,,,,,,0,0,0,1,0,5,2-year/Associate,Other
476513,Flair Beauty College,CA,9,3,3,2,2,-2,-2,-2,,,,,,0,0,0,1,0,5,2-year/Associate,Other
476540,Vogue College of Cosmetology-San Antonio Fredericksburg,TX,9,3,3,2,2,-2,-2,-2,,,,,,0,0,0,1,0,5,2-year/Associate,Other
476559,Vogue College of Cosmetology,TX,9,3,3,2,2,-2,-2,-2,,,,,,0,0,0,1,0,5,2-year/Associate,Other
476568,Tomorrow's Image Barber And Beauty Academy of Virginia,VA,9,3,3,2,2,-2,-2,-2,,,,,,0,0,0,1,0,5,2-year/Associate,Other
476595,Medical Allied Career Center,CA,9,3,3,2,2,-2,-2,-2,,,,,,0,0,0,1,0,5,2-year/Associate,Other
476601,Bais HaMedrash and Mesivta of Baltimore,MD,2,1,2,2,5,24,24,-2,1.0,25.0,,,,1,0,1,0,0,4,Less Selective (>75% or open),Bacc/Associate
476610,Barber & Beauty Institute of New York,NY,9,3,3,2,1,-2,-2,-2,,,,,,0,0,0,1,0,5,2-year/Associate,Other
476629,Salon Institute-Toledo Campus,OH,6,2,3,2,4,-2,-2,-2,,,,,,0,0,0,1,0,5,2-year/Associate,Other
476683,Athena Career Academy,OH,6,2,3,2,3,13,-2,-2,0.8666666666666667,30.0,,,,0,0,0,1,0,5,2-year/Associate,Associate / CC
476692,Yeshiva Gedolah Zichron Leyma,NJ,2,1,2,2,5,24,24,-2,0.4883720930232558,43.0,,,,1,0,1,0,0,4,Less Selective (>75% or open),Bacc/Associate
476708,The Barber School,UT,9,3,3,2,2,-2,-2,-2,,,,,,0,0,0,1,0,5,2-year/Associate,Other
476717,Be'er Yaakov Talmudic Seminary,NY,2,1,2,2,5,24,24,-2,,,,,,1,0,1,0,0,4,Less Selective (>75% or open),Bacc/Associate
476726,Rio Grande Valley College,TX,6,2,3,2,3,10,-2,-2,,,,,,0,0,0,1,0,5,2-year/Associate,Associate / CC
476735,Alexander Academy,MA,9,3,3,2,2,-2,-2,-2,,,,,,0,0,0,1,0,5,2-year/Associate,Other
476753,Aveda Institute-Tucson,AZ,9,3,3,2,2,-2,-2,-2,1.0,33.0,,,,0,0,0,1,0,5,2-year/Associate,Other
476780,Diamond Beauty College,CA,9,3,3,2,2,-2,-2,-2,,,,,,0,0,0,1,0,5,2-year/Associate,Other
476799,Unitek College,CA,9,3,3,2,2,-2,-2,-2,,,,,,0,0,0,1,0,5,2-year/Associate,Other
476805,University Academy of Hair Design,AL,9,3,3,2,2,-2,-2,-2,,,,,,0,0,0,1,0,5,2-year/Associate,Other
476814,Florida Institute of Recording Sound and Technology,FL,9,3,3,2,2,-2,-2,-2,,,,,,0,0,0,1,0,5,2-year/Associate,Other
476841,Paul Mitchell the School-Reno,NV,9,3,3,2,2,-2,-2,-2,,,,,,0,0,0,1,0,5,2-year/Associate,Other
476850,Boise Barber College,ID,9,3,3,2,2,-2,-2,-2,,,,,,0,0,0,1,0,5,2-year/Associate,Other
476869,Austin Kade Academy,ID,9,3,3,2,2,-2,-2,-2,,,,,,0,0,0,1,0,5,2-year/Associate,Other
476878,Aesthetic Science Institute,NY,9,3,3,2,2,-2,-2,-2,,,,,,0,0,0,1,0,5,2-year/Associate,Other
476887,Elaine Sterling Institute,GA,9,3,3,2,2,-2,-2,-2,,,,,,0,0,0,1,0,5,2-year/Associate,Other
476896,Wade Gordon Hairdressing Academy,TX,9,3,3,2,2,-2,-2,-2,,,,,,0,0,0,1,0,5,2-year/Associate,Other
476902,Mitsu Sato Hair Academy,KS,9,3,3,2,2,-2,-2,-2,,,,,,0,0,0,1,0,5,2-year/Associate,Other
476939,FVI School of Nursing and Technology,FL,6,2,3,2,3,-2,-2,-2,1.0,290.0,,,,0,0,0,1,0,5,2-year/Associate,Other
476957,Academy di Firenze,ID,9,3,3,2,2,-2,-2,-2,,,,,,0,0,0,1,0,5,2-year/Associate,Other
476975,Colorado State University Global,CO,1,1,1,2,7,18,18,-2,0.96875,128.0,,,,1,1,0,0,0,4,Less Selective (>75% or open),Master's University
476984,Paul Mitchell the School-Overland Park,KS,9,3,3,2,2,-2,-2,-2,,,,,,0,0,0,1,0,5,2-year/Associate,Other
476993,Medspa Academies,UT,9,3,3,2,2,-2,-2,-2,,,,,,0,0,0,1,0,5,2-year/Associate,Other
477002,Brighton Institute of Cosmetology,MI,9,3,3,2,2,-2,-2,-2,,,,,,0,0,0,1,0,5,2-year/Associate,Other
477039,West Coast University-Dallas,TX,3,1,3,2,9,26,26,-2,,,,,,1,0,0,1,0,4,Less Selective (>75% or open),Mixed Spec-Focus
477233,Evangel University-James River Assembly of God Church,MO,5,2,2,2,3,-2,-2,-2,0.9615384615384616,52.0,,,,0,0,1,0,0,5,2-year/Associate,Other
478582,Empire Beauty School-Savannah,GA,9,3,3,2,2,-2,-2,-2,,,,,,0,0,0,1,0,5,2-year/Associate,Other
478591,Ogle School Hair Skin Nails-Denton,TX,9,3,3,2,2,-2,-2,-2,,,,,,0,0,0,1,0,5,2-year/Associate,Other
478616,Empire Beauty School-West Greensboro,NC,9,3,3,2,2,-2,-2,-2,,,,,,0,0,0,1,0,5,2-year/Associate,Other
478917,Hays Academy of Hair Design,KS,9,3,3,2,2,-2,-2,-2,,,,,,0,0,0,1,0,5,2-year/Associate,Other
478953,Bellus Academy,KS,9,3,3,2,2,-2,-2,-2,,,,,,0,0,0,1,0,5,2-year/Associate,Other
479062,MotoRing Technical Training Institute,RI,9,3,3,2,2,-2,-2,-2,,,,,,0,0,0,1,0,5,2-year/Associate,Other
479424,Unitek College,CA,9,3,3,2,2,-2,-2,-2,,,,,,0,0,0,1,0,5,2-year/Associate,Other
479956,Pennsylvania State University-World Campus,PA,1,1,1,2,9,-2,18,-2,0.8168028004667445,857.0,650.0,610.0,29.0,1,1,0,0,0,4,Less Selective (>75% or open),Other
479965,Medical Career Institute,NJ,6,2,3,2,4,-2,-2,-2,,,,,,0,0,0,1,0,5,2-year/Associate,Other
479974,Advance Beauty Techs Academy,CA,9,3,3,2,2,-2,-2,-2,,,,,,0,0,0,1,0,5,2-year/Associate,Other
479983,Elevate Salon Institute-Westminster,CO,9,3,3,2,2,-2,-2,-2,,,,,,0,0,0,1,0,5,2-year/Associate,Other
479992,Brand College,CA,9,3,3,2,2,-2,-2,-2,0.5,2.0,,,,0,0,0,1,0,5,2-year/Associate,Other
480000,Hinton Barber and Beauty College,CA,9,3,3,2,2,-2,-2,-2,,,,,,0,0,0,1,0,5,2-year/Associate,Other
480019,Advanced Career Institute,CA,9,3,3,2,1,-2,-2,-2,,,,,,0,0,0,1,0,5,2-year/Associate,Other
480028,Digital Film Academy,NY,6,2,3,2,3,-2,-2,-2,,,,,,0,0,0,1,0,5,2-year/Associate,Other
480037,MyComputerCareer at Raleigh,NC,6,2,3,2,3,-2,-2,-2,,,,,,0,0,0,1,0,5,2-year/Associate,Other
480073,South University-Austin,TX,3,1,3,2,7,22,22,-2,,,,,,1,0,0,1,0,4,Less Selective (>75% or open),Bacc Diverse Fields
480091,Bryant & Stratton College-Online,NY,2,1,2,2,5,23,23,-2,,,,,,1,0,1,0,0,4,Less Selective (>75% or open),Bacc Diverse Fields
480125,Ogle School Hair Skin Nails-San Antonio,TX,9,3,3,2,2,-2,-2,-2,,,,,,0,0,0,1,0,5,2-year/Associate,Other
480161,Ideal Beauty Academy,KY,9,3,3,2,2,-2,-2,-2,,,,,,0,0,0,1,0,5,2-year/Associate,Other
480198,Warner Pacific University Professional and Graduate Studies,OR,2,1,2,2,7,22,22,-2,,,,,,1,0,1,0,0,4,Less Selective (>75% or open),Bacc Diverse Fields
480204,Platt College-Riverside,CA,3,1,3,2,5,23,23,-2,,,,,,1,0,0,1,0,4,Less Selective (>75% or open),Bacc Diverse Fields
480310,Empire Beauty School-Glen Burnie,MD,9,3,3,2,2,-2,-2,-2,,,,,,0,0,0,1,0,5,2-year/Associate,Other
480347,International School of Cosmetology,AZ,9,3,3,2,2,-2,-2,-2,,,,,,0,0,0,1,0,5,2-year/Associate,Other
480471,UEI College-Stockton,CA,9,3,3,2,2,-2,-2,-2,,,,,,0,0,0,1,0,5,2-year/Associate,Other
480523,Ross Medical Education Center-Dayton,OH,9,3,3,2,2,-2,-2,-2,,,,,,0,0,0,1,0,5,2-year/Associate,Other
480532,Ross Medical Education Center-Ontario,OH,9,3,3,2,2,-2,-2,-2,,,,,,0,0,0,1,0,5,2-year/Associate,Other
480550,Ross Medical Education Center-Bowling Green,KY,9,3,3,2,2,-2,-2,-2,,,,,,0,0,0,1,0,5,2-year/Associate,Other
480569,Florida Institute of Technology-Online,FL,2,1,2,2,7,18,18,-2,0.9203539823008849,113.0,,,,1,0,1,0,0,4,Less Selective (>75% or open),Master's University
480657,Rasmussen University-Kansas,KS,3,1,3,2,5,23,14,-2,,,,,,1,0,0,1,0,4,Less Selective (>75% or open),Bacc Diverse Fields
480727,School of Missionary Aviation Technology,MI,5,2,2,2,4,-2,-2,-2,,,,,,0,0,1,0,0,5,2-year/Associate,Other
480781,California Miramar University,CA,3,1,3,2,9,29,29,-2,0.22413793103448276,232.0,,,,1,0,0,1,0,4,Less Selective (>75% or open),Other
480790,Rocky Vista University,CO,3,1,3,2,9,25,25,-2,,,,,,1,0,0,1,0,4,Less Selective (>75% or open),Bacc/Associate
480824,The College of Health Care Professions-Dallas,TX,6,2,3,2,3,10,-2,-2,,,,,,0,0,0,1,0,5,2-year/Associate,Associate / CC
480833,The College of Health Care Professions-Fort Worth,TX,6,2,3,2,3,10,10,-2,,,,,,0,0,0,1,0,5,2-year/Associate,Associate / CC
480842,Shear Finesse Beauty Academy,FL,9,3,3,2,2,-2,-2,-2,,,,,,0,0,0,1,0,5,2-year/Associate,Other
480851,Miami Media School,FL,6,2,3,2,3,12,-2,-2,,,,,,0,0,0,1,0,5,2-year/Associate,Associate / CC
480879,Academy of Salon Professionals,MO,9,3,3,2,2,-2,-2,-2,,,,,,0,0,0,1,0,5,2-year/Associate,Other
480888,CyberTex Institute of Technology,TX,9,3,3,2,2,-2,-2,-2,,,,,,0,0,0,1,0,5,2-year/Associate,Other
480903,New England Tractor Trailer Training School of CT-Bridgeport,CT,9,3,3,2,1,-2,-2,-2,,,,,,0,0,0,1,0,5,2-year/Associate,Other
480921,Designer Barber & Stylist School,AR,9,3,3,2,2,-2,-2,-2,,,,,,0,0,0,1,0,5,2-year/Associate,Other
480930,Paul Mitchell the School-Woodbridge,VA,9,3,3,2,2,-2,-2,-2,,,,,,0,0,0,1,0,5,2-year/Associate,Other
480967,College of the Muscogee Nation,OK,4,2,1,2,3,33,33,-2,,,,,,0,1,0,0,0,5,2-year/Associate,Tribal
480976,The Salon Professional Academy-Huntsville,AL,9,3,3,2,2,-2,-2,-2,,,,,,0,0,0,1,0,5,2-year/Associate,Other
480985,Midwives College of Utah,UT,2,1,2,2,7,26,26,-2,0.42857142857142855,7.0,,,,1,0,1,0,0,4,Less Selective (>75% or open),Mixed Spec-Focus
480994,Aspen Beauty Academy of Laurel,MD,9,3,3,2,2,-2,-2,-2,,,,,,0,0,0,1,0,5,2-year/Associate,Other
481003,M T Training Center,TX,9,3,3,2,2,-2,-2,-2,,,,,,0,0,0,1,0,5,2-year/Associate,Other
481021,Berks Career & Technology Center,PA,7,3,1,2,2,-2,-2,-2,,,,,,0,1,0,0,0,5,2-year/Associate,Other
481030,Future Generations University,WV,2,1,2,2,7,32,32,-2,,,,,,1,0,1,0,0,4,Less Selective (>75% or open),Special Focus
481049,Carthage R9 School District-Carthage Technical Center,MO,7,3,1,2,2,-2,-2,-2,,,,,,0,1,0,0,0,5,2-year/Associate,Other
481058,Grace Mission University,CA,2,1,2,2,9,24,24,-2,,,,,,1,0,1,0,0,4,Less Selective (>75% or open),Bacc/Associate
481067,World A Cuts Barber Institute,PA,9,3,3,2,2,-2,-2,-2,,,,,,0,0,0,1,0,5,2-year/Associate,Other
481085,Verve College,IL,9,3,3,2,2,-2,-2,-2,,,,,,0,0,0,1,0,5,2-year/Associate,Other
481094,Sotheby's Institute of Art-NY,NY,3,1,3,2,7,30,30,-2,,,,,,1,0,0,1,0,4,Less Selective (>75% or open),Special Focus
481100,Top Nails & Hair Beauty School,UT,9,3,3,2,2,-2,-2,-2,,,,,,0,0,0,1,0,5,2-year/Associate,Other
481128,Santa Ana Beauty College,CA,9,3,3,2,2,-2,-2,-2,,,,,,0,0,0,1,0,5,2-year/Associate,Other
481137,Shepherds College,WI,5,2,2,2,4,-2,-2,-2,0.7936507936507936,63.0,,,,0,0,1,0,0,5,2-year/Associate,Other
481146,Woodruff Medical and Wellness Training,GA,9,3,3,2,2,-2,-2,-2,,,,,,0,0,0,1,0,5,2-year/Associate,Other
481155,Helms College,GA,5,2,2,2,3,12,12,-2,,,,,,0,0,1,0,0,5,2-year/Associate,Associate / CC
481182,Ukiah Adult School,CA,7,3,1,2,2,-2,-2,-2,,0.0,,,,0,1,0,0,0,5,2-year/Associate,Other
481191,Riverside County Office of Education-School of Career Education,CA,7,3,1,2,2,-2,-2,-2,,,,,,0,1,0,0,0,5,2-year/Associate,Other
481207,Institute of Health Sciences,MD,9,3,3,2,2,-2,-2,-2,,,,,,0,0,0,1,0,5,2-year/Associate,Other
481225,Mid-South Christian College,TN,2,1,2,2,9,24,24,-2,1.0,8.0,,,,1,0,1,0,0,4,Less Selective (>75% or open),Bacc/Associate
481243,New York Institute of Beauty,NY,9,3,3,2,2,-2,-2,-2,,,,,,0,0,0,1,0,5,2-year/Associate,Other
481252,Ultrasound Medical Institute,FL,6,2,3,2,3,10,10,-2,,,,,,0,0,0,1,0,5,2-year/Associate,Associate / CC
481289,Xavier College School of Nursing,CA,6,2,3,2,3,-2,-2,-2,,,,,,0,0,0,1,0,5,2-year/Associate,Other
481298,Lawrence & Company College of Cosmetology,CA,9,3,3,2,2,-2,-2,-2,,,,,,0,0,0,1,0,5,2-year/Associate,Other
481313,Kaizen Beauty Academy,FL,9,3,3,2,2,-2,-2,-2,,,,,,0,0,0,1,0,5,2-year/Associate,Other
481322,Southern Texas Careers Academy,TX,9,3,3,2,2,-2,-2,-2,,,,,,0,0,0,1,0,5,2-year/Associate,Other
481331,Sharp Edgez Barber Institute,NY,9,3,3,2,1,-2,-2,-2,,,,,,0,0,0,1,0,5,2-year/Associate,Other
481340,The Salon Professional Academy-Nashville,TN,9,3,3,2,2,-2,-2,-2,,,,,,0,0,0,1,0,5,2-year/Associate,Other
481368,Prestige Health & Beauty Sciences Academy,FL,9,3,3,2,2,-2,-2,-2,,,,,,0,0,0,1,0,5,2-year/Associate,Other
481386,California Career Institute,CA,6,2,3,2,3,-2,-2,-2,,,,,,0,0,0,1,0,5,2-year/Associate,Other
481401,Grace School of Theology,TX,2,1,2,2,9,24,24,-2,,,,,,1,0,1,0,0,4,Less Selective (>75% or open),Bacc/Associate
481410,Yeshiva Gedolah Kesser Torah,NY,2,1,2,2,5,24,24,-2,0.5227272727272727,44.0,,,,1,0,1,0,0,4,Less Selective (>75% or open),Bacc/Associate
481429,Universal Training Institute,NJ,9,3,3,2,2,-2,-2,-2,,,,,,0,0,0,1,0,5,2-year/Associate,Other
481438,Yeshiva Yesodei Hatorah,NJ,2,1,2,2,5,24,24,-2,0.9259259259259259,27.0,,,,1,0,1,0,0,4,Less Selective (>75% or open),Bacc/Associate
481447,Center for the Healing Arts,NJ,9,3,3,2,1,-2,-2,-2,,,,,,0,0,0,1,0,5,2-year/Associate,Other
481456,Bonnie Joseph Academy of Cosmetology & Barbering,UT,9,3,3,2,2,-2,-2,-2,,,,,,0,0,0,1,0,5,2-year/Associate,Other
481465,Healthcare Training Institute,LA,6,2,3,2,4,-2,-2,-2,,,,,,0,0,0,1,0,5,2-year/Associate,Other
481474,J D Academy of Salon and Spa,CA,9,3,3,2,2,-2,-2,-2,,,,,,0,0,0,1,0,5,2-year/Associate,Other
481483,Boca Beauty Academy,FL,9,3,3,2,2,-2,-2,-2,,,,,,0,0,0,1,0,5,2-year/Associate,Other
481517,City Pointe Beauty Academy,MO,9,3,3,2,2,-2,-2,-2,,,,,,0,0,0,1,0,5,2-year/Associate,Other
481526,The Chrysm Institute of Esthetics,VA,9,3,3,2,1,-2,-2,-2,,,,,,0,0,0,1,0,5,2-year/Associate,Other
481535,Sanford Burnham Prebys Medical Discovery Institute,CA,2,1,2,2,9,26,26,-2,,,,,,1,0,1,0,0,4,Less Selective (>75% or open),Mixed Spec-Focus
481571,Belle Academy of Cosmetology LLC,CT,9,3,3,2,2,-2,-2,-2,,,,,,0,0,0,1,0,5,2-year/Associate,Other
481678,Empire Beauty School-Augusta,GA,9,3,3,2,2,-2,-2,-2,,,,,,0,0,0,1,0,5,2-year/Associate,Other
481720,South University-High Point,NC,3,1,3,2,7,26,22,-2,,,,,,1,0,0,1,0,4,Less Selective (>75% or open),Mixed Spec-Focus
481739,Empire Beauty School-Vernon Hills,IL,9,3,3,2,2,-2,-2,-2,,,,,,0,0,0,1,0,5,2-year/Associate,Other
481748,Empire Beauty School-Stone Park,IL,9,3,3,2,2,-2,-2,-2,,,,,,0,0,0,1,0,5,2-year/Associate,Other
481775,San Joaquin Valley College-Lancaster,CA,6,2,3,2,3,13,-2,-2,,,,,,0,0,0,1,0,5,2-year/Associate,Associate / CC
481845,Empire Beauty School-Rochester,NY,9,3,3,2,2,-2,-2,-2,,,,,,0,0,0,1,0,5,2-year/Associate,Other
481863,Ross Medical Education Center-Kokomo,IN,9,3,3,2,2,-2,10,-2,,,,,,0,0,0,1,0,5,2-year/Associate,Other
481890,Ross Medical Education Center-Erlanger,KY,9,3,3,2,2,-2,-2,-2,,,,,,0,0,0,1,0,5,2-year/Associate,Other
481906,Ross Medical Education Center-Charleston,WV,9,3,3,2,2,-2,-2,-2,,,,,,0,0,0,1,0,5,2-year/Associate,Other
481960,InterCoast Colleges-Fairfield,CA,9,3,3,2,2,-2,-2,-2,,,,,,0,0,0,1,0,5,2-year/Associate,Other
482015,Southern Careers Institute-San Antonio,TX,6,2,3,2,3,-2,-2,-2,,,,,,0,0,0,1,0,5,2-year/Associate,Other
482060,Milan Institute-Merced,CA,9,3,3,2,2,-2,-2,-2,,,,,,0,0,0,1,0,5,2-year/Associate,Other
482097,Midwest Technical Institute-Missouri,MO,9,3,3,2,2,-2,-2,-2,,,,,,0,0,0,1,0,5,2-year/Associate,Other
482149,Augusta University,GA,1,1,1,2,9,16,17,-2,0.8553265266807937,5191.0,620.0,590.0,26.0,1,1,0,0,0,4,Less Selective (>75% or open),R2 (high research)
482158,Middle Georgia State University,GA,1,1,1,2,9,19,22,-2,0.997093023255814,3440.0,580.0,560.0,23.0,1,1,0,0,0,4,Less Selective (>75% or open),Master's University
482167,Trenz Beauty Academy,IL,9,3,3,2,2,-2,-2,-2,,,,,,0,0,0,1,0,5,2-year/Associate,Other
482176,Paul Mitchell the School-Denver,CO,9,3,3,2,2,-2,-2,-2,,,,,,0,0,0,1,0,5,2-year/Associate,Other
482185,Academy of Interactive Entertainment,WA,5,2,2,2,4,-2,-2,-2,0.7983870967741935,124.0,,,,0,0,1,0,0,5,2-year/Associate,Other
482194,Arrojo Cosmetology School,NY,9,3,3,2,2,-2,-2,-2,,,,,,0,0,0,1,0,5,2-year/Associate,Other
482200,Cosmetology Academy of Texarkana,TX,9,3,3,2,2,-2,-2,-2,,,,,,0,0,0,1,0,5,2-year/Associate,Other
482228,Veritas Baptist College,IN,2,1,2,2,9,24,24,-2,1.0,25.0,,,,1,0,1,0,0,4,Less Selective (>75% or open),Bacc/Associate
482246,Lynnes Welding Training,ND,9,3,3,2,1,-2,-2,-2,,,,,,0,0,0,1,0,5,2-year/Associate,Other
482255,Aviation Institute of Maintenance-Las Vegas,NV,6,2,3,2,4,-2,-2,-2,,,,,,0,0,0,1,0,5,2-year/Associate,Other
482291,UEI College-Bakersfield,CA,9,3,3,2,2,-2,-2,-2,,,,,,0,0,0,1,0,5,2-year/Associate,Other
482413,DeVry College of New York,NY,3,1,3,2,7,29,29,-2,0.26666666666666666,15.0,,,,1,0,0,1,0,4,Less Selective (>75% or open),Other
482422,DeVry University-Arizona,AZ,3,1,3,2,7,22,19,-2,,0.0,,,,1,0,0,1,0,4,Less Selective (>75% or open),Bacc Diverse Fields
482431,DeVry University-California,CA,3,1,3,2,7,19,18,-2,0.4011299435028249,354.0,,,,1,0,0,1,0,4,Less Selective (>75% or open),Master's University
482440,DeVry University-Colorado,CO,3,1,3,2,7,32,20,-2,,0.0,,,,1,0,0,1,0,4,Less Selective (>75% or open),Special Focus
482459,DeVry University-Florida,FL,3,1,3,2,7,29,18,-2,0.3333333333333333,3.0,,,,1,0,0,1,0,4,Less Selective (>75% or open),Other
482468,DeVry University-Georgia,GA,3,1,3,2,7,29,18,-2,0.5,6.0,,,,1,0,0,1,0,4,Less Selective (>75% or open),Other
482477,DeVry University-Illinois,IL,3,1,3,2,7,18,18,-2,0.4301703975943869,5986.0,575.0,540.0,,1,0,0,1,0,2,Selective (25-50%),Master's University
482538,DeVry University-Missouri,MO,3,1,3,2,7,32,20,-2,,0.0,,,,1,0,0,1,0,4,Less Selective (>75% or open),Special Focus
482547,DeVry University-Nevada,NV,3,1,3,2,7,29,29,-2,,0.0,,,,1,0,0,1,0,4,Less Selective (>75% or open),Other
482556,DeVry University-New Jersey,NJ,3,1,3,2,7,22,20,-2,1.0,3.0,,,,1,0,0,1,0,4,Less Selective (>75% or open),Bacc Diverse Fields
482565,DeVry University-North Carolina,NC,3,1,3,2,7,29,29,-2,,0.0,,,,1,0,0,1,0,4,Less Selective (>75% or open),Other
482574,DeVry University-Ohio,OH,3,1,3,2,7,22,19,-2,0.5,2.0,,,,1,0,0,1,0,4,Less Selective (>75% or open),Bacc Diverse Fields
482617,DeVry University-Tennessee,TN,3,1,3,2,7,29,29,-2,,0.0,,,,1,0,0,1,0,4,Less Selective (>75% or open),Other
482635,DeVry University-Texas,TX,3,1,3,2,7,29,29,-2,0.0,1.0,,,,1,0,0,1,0,4,Less Selective (>75% or open),Other
482653,DeVry University-Virginia,VA,3,1,3,2,7,29,29,-2,0.3333333333333333,6.0,,,,1,0,0,1,0,4,Less Selective (>75% or open),Other
482680,University of North Georgia,GA,1,1,1,2,9,18,19,-2,0.6963087248322147,11920.0,600.0,580.0,25.0,1,1,0,0,0,3,Moderately Selective (50-75%),Master's University
482699,South Georgia State College,GA,1,1,1,2,5,23,23,-2,,,,,,1,1,0,0,0,4,Less Selective (>75% or open),Bacc Diverse Fields
482705,Northeastern University Professional Programs,MA,2,1,2,2,9,17,17,-2,,,,,,1,0,1,0,0,4,Less Selective (>75% or open),Doctoral / Pro
482936,Florida Polytechnic University,FL,1,1,1,2,7,22,22,-2,0.5602734796689457,2779.0,680.0,690.0,30.0,1,1,0,0,0,3,Moderately Selective (50-75%),Bacc Diverse Fields
482963,American Institute-Toms River,NJ,6,2,3,2,4,-2,-2,-2,,,,,,0,0,0,1,0,5,2-year/Associate,Other
482981,Alamo City Barber College,TX,9,3,3,2,2,-2,-2,-2,,,,,,0,0,0,1,0,5,2-year/Associate,Other
482990,Arizona College-Mesa,AZ,9,3,3,2,2,10,26,-2,,,,,,0,0,0,1,0,5,2-year/Associate,Associate / CC
483009,American College of Healthcare and Technology,CA,9,3,3,2,2,-2,-2,-2,,,,,,0,0,0,1,0,5,2-year/Associate,Other
483018,Antioch College,OH,2,1,2,2,5,21,21,-2,0.8295454545454546,176.0,,,,1,0,1,0,0,4,Less Selective (>75% or open),Bacc Arts & Sciences
483036,Texas A&M University-Central Texas,TX,1,1,1,2,7,19,19,-2,0.9571428571428572,70.0,,,,1,1,0,0,0,4,Less Selective (>75% or open),Master's University
483045,Central Georgia Technical College,GA,4,2,1,2,4,8,8,-2,,,,,,0,1,0,0,0,5,2-year/Associate,Associate / CC
483054,Barber School of Pittsburgh,PA,9,3,3,2,2,-2,-2,-2,,,,,,0,0,0,1,0,5,2-year/Associate,Other
483106,Innovate Salon Academy,NJ,9,3,3,2,2,-2,-2,-2,,,,,,0,0,0,1,0,5,2-year/Associate,Other
483124,Arizona State University Digital Immersion,AZ,1,1,1,2,9,16,16,-2,0.6448243114909782,8424.0,,,,1,1,0,0,0,3,Moderately Selective (50-75%),R2 (high research)
483212,Louisiana Delta Community College,LA,4,2,1,2,3,7,8,-2,,,,,,0,1,0,0,0,5,2-year/Associate,Associate / CC
483221,Learnet Academy Inc,CA,3,1,3,2,7,13,13,-2,,,,,,1,0,0,1,0,4,Less Selective (>75% or open),Associate / CC
483230,The Fab School,CA,9,3,3,2,1,-2,-2,-2,,,,,,0,0,0,1,0,5,2-year/Associate,Other
483258,Networks Barber College,IL,9,3,3,2,2,-2,-2,-2,,,,,,0,0,0,1,0,5,2-year/Associate,Other
483276,JB's Hair Design and Barber College,OK,9,3,3,2,2,-2,-2,-2,,,,,,0,0,0,1,0,5,2-year/Associate,Other
483328,Paul Mitchell the School-Lombard,IL,9,3,3,2,2,-2,-2,-2,,,,,,0,0,0,1,0,5,2-year/Associate,Other
483337,Paul Mitchell the School-Greenville,SC,9,3,3,2,2,-2,-2,-2,,,,,,0,0,0,1,0,5,2-year/Associate,Other
483346,Barber and Beauty Academy of Pennsylvania,PA,9,3,3,2,2,-2,-2,-2,,,,,,0,0,0,1,0,5,2-year/Associate,Other
483355,Delta College of Arts & Technology-Lafayette Campus,LA,9,3,3,2,2,-2,-2,-2,,,,,,0,0,0,1,0,5,2-year/Associate,Other
483364,Delta College-Slidell Campus,LA,9,3,3,2,2,-2,-2,-2,,,,,,0,0,0,1,0,5,2-year/Associate,Other
483373,Integrity College of Health,CA,3,1,3,2,5,-2,-2,-2,,,,,,1,0,0,1,0,4,Less Selective (>75% or open),Other
483382,Electrical and HVAC/R Training Center,NY,9,3,3,2,1,-2,-2,-2,,,,,,0,0,0,1,0,5,2-year/Associate,Other
483425,Alexander Paul Institute of Hair Design,NC,9,3,3,2,2,-2,-2,-2,,,,,,0,0,0,1,0,5,2-year/Associate,Other
483470,More Tech Institute,FL,9,3,3,2,2,-2,-2,-2,,,,,,0,0,0,1,0,5,2-year/Associate,Other
483504,Dorsey College-Dearborn,MI,6,2,3,2,3,-2,-2,-2,,,,,,0,0,0,1,0,5,2-year/Associate,Other
483513,Neecee's Barber College,TX,9,3,3,2,2,-2,-2,-2,,,,,,0,0,0,1,0,5,2-year/Associate,Other
483559,Bella Cosmetology and Barber College,TX,9,3,3,2,2,-2,-2,-2,,,,,,0,0,0,1,0,5,2-year/Associate,Other
483577,Franklin Hair Academy School of Cosmetology,TN,9,3,3,2,2,-2,-2,-2,,,,,,0,0,0,1,0,5,2-year/Associate,Other
483595,Ana G. Mendez University,FL,2,1,2,2,9,32,21,-2,,,,,,1,0,1,0,0,4,Less Selective (>75% or open),Special Focus
483647,Ohio Institute of Allied Health,OH,5,2,2,2,3,-2,-2,-2,,,,,,0,0,1,0,0,5,2-year/Associate,Other
483708,Access Careers,NY,9,3,3,2,2,-2,-2,-2,,,,,,0,0,0,1,0,5,2-year/Associate,Other
483726,Luckes Beauty Academy LLC,VA,9,3,3,2,2,-2,-2,-2,,,,,,0,0,0,1,0,5,2-year/Associate,Other
483735,Total Transformation Institute of Cosmetology,TX,9,3,3,2,2,-2,-2,-2,,,,,,0,0,0,1,0,5,2-year/Associate,Other
483744,Vibe Barber College,TN,9,3,3,2,2,-2,-2,-2,,,,,,0,0,0,1,0,5,2-year/Associate,Other
483753,Champ's Barber School,PA,9,3,3,2,2,-2,-2,-2,,,,,,0,0,0,1,0,5,2-year/Associate,Other
483780,Washington University of Science and Technology,VA,3,1,3,2,7,19,29,-2,,,,,,1,0,0,1,0,4,Less Selective (>75% or open),Master's University
483799,East-West Healing Arts Institute,WI,9,3,3,2,1,-2,-2,-2,,,,,,0,0,0,1,0,5,2-year/Associate,Other
483814,Standard Healthcare Services-College of Nursing,VA,6,2,3,2,3,10,10,-2,0.32679738562091504,153.0,,,,0,0,0,1,0,5,2-year/Associate,Associate / CC
483823,Philadelphia Technician Training,PA,8,3,2,2,2,-2,-2,-2,,,,,,0,0,1,0,0,5,2-year/Associate,Other
483841,Grace International Beauty School,NY,9,3,3,2,2,-2,-2,-2,,,,,,0,0,0,1,0,5,2-year/Associate,Other
483850,Alliance Computing Solutions,NY,9,3,3,2,2,-2,-2,-2,,,,,,0,0,0,1,0,5,2-year/Associate,Other
483869,InterAmerican Technical Institute,FL,9,3,3,2,1,-2,-2,-2,,,,,,0,0,0,1,0,5,2-year/Associate,Other
483878,Bay Area Medical Academy,CA,9,3,3,2,2,-2,-2,-2,,,,,,0,0,0,1,0,5,2-year/Associate,Other
483887,Mind Body Institute,TN,9,3,3,2,1,-2,-2,-2,,,,,,0,0,0,1,0,5,2-year/Associate,Other
483896,Parisian Spa Institute,FL,9,3,3,2,2,-2,-2,-2,,,,,,0,0,0,1,0,5,2-year/Associate,Other
483911,Creative Touch Cosmetology School,IL,9,3,3,2,2,-2,-2,-2,,,,,,0,0,0,1,0,5,2-year/Associate,Other
483920,LaBarberia Institute of Hair,OH,6,2,3,2,4,-2,-2,-2,,,,,,0,0,0,1,0,5,2-year/Associate,Other
483948,Bos-Man's Barber College,LA,9,3,3,2,2,-2,-2,-2,1.0,1.0,,,,0,0,0,1,0,5,2-year/Associate,Other
483957,Lawrence & Company College of Cosmetology,CA,9,3,3,2,2,-2,-2,-2,,,,,,0,0,0,1,0,5,2-year/Associate,Other
483975,Alabama College of Osteopathic Medicine,AL,2,1,2,2,9,25,25,-2,,,,,,1,0,1,0,0,4,Less Selective (>75% or open),Bacc/Associate
484002,High Desert Medical College,CA,6,2,3,2,4,10,-2,-2,,,,,,0,0,0,1,0,5,2-year/Associate,Associate / CC
484011,Paul Mitchell the School-Schenectady,NY,9,3,3,2,2,-2,-2,-2,,,,,,0,0,0,1,0,5,2-year/Associate,Other
484020,Beyond Measure Barbering Institute,NC,9,3,3,2,2,-2,-2,-2,,,,,,0,0,0,1,0,5,2-year/Associate,Other
484048,Barber Institute of Texas,TX,9,3,3,2,2,-2,-2,-2,,,,,,0,0,0,1,0,5,2-year/Associate,Other
484057,Jupiter Beauty Academy,MA,9,3,3,2,2,-2,-2,-2,,,,,,0,0,0,1,0,5,2-year/Associate,Other
484066,MedQuest College,KY,6,2,3,2,3,10,-2,-2,,,,,,0,0,0,1,0,5,2-year/Associate,Associate / CC
484075,First Coast Barber Academy,FL,9,3,3,2,2,-2,-2,-2,,,,,,0,0,0,1,0,5,2-year/Associate,Other
484084,Debutantes School of Cosmetology and Nail Technology,IL,9,3,3,2,2,-2,-2,-2,,,,,,0,0,0,1,0,5,2-year/Associate,Other
484093,Paul Mitchell the School-Farmington Hills,MI,9,3,3,2,2,-2,-2,-2,,,,,,0,0,0,1,0,5,2-year/Associate,Other
484109,Paul Mitchell the School-Merrillville,IN,9,3,3,2,2,-2,-2,-2,,,,,,0,0,0,1,0,5,2-year/Associate,Other
484127,TIGI Hairdressing Academy Newtown,CT,9,3,3,2,2,-2,-2,-2,,,,,,0,0,0,1,0,5,2-year/Associate,Other
484136,Yahweh Beauty Academy,TX,9,3,3,2,2,-2,-2,-2,,,,,,0,0,0,1,0,5,2-year/Associate,Other
484163,Arizona School of Integrative Studies,AZ,9,3,3,2,1,-2,-2,-2,,,,,,0,0,0,1,0,5,2-year/Associate,Other
484172,Lee Professional Institute,FL,9,3,3,2,1,-2,-2,-2,,,,,,0,0,0,1,0,5,2-year/Associate,Other
484190,Park Place Premier Barber School,LA,9,3,3,2,2,-2,-2,-2,,,,,,0,0,0,1,0,5,2-year/Associate,Other
484206,The Salon Professional Academy-San Jose,CA,9,3,3,2,2,-2,-2,-2,,,,,,0,0,0,1,0,5,2-year/Associate,Other
484233,Tri-Community Adult Education,CA,4,2,1,2,4,-2,-2,-2,,,,,,0,1,0,0,0,5,2-year/Associate,Other
484330,Ross Medical Education Center-Owensboro,KY,9,3,3,2,2,-2,-2,-2,,,,,,0,0,0,1,0,5,2-year/Associate,Other
484349,Ross Medical Education Center-Evansville,IN,9,3,3,2,2,-2,10,-2,,,,,,0,0,0,1,0,5,2-year/Associate,Other
484358,Ross Medical Education Center-Johnson City,TN,9,3,3,2,2,-2,-2,-2,,,,,,0,0,0,1,0,5,2-year/Associate,Other
484367,North-West College-Anaheim,CA,6,2,3,2,4,-2,-2,-2,,,,,,0,0,0,1,0,5,2-year/Associate,Other
484376,North-West College-Long Beach,CA,6,2,3,2,4,-2,-2,-2,,,,,,0,0,0,1,0,5,2-year/Associate,Other
484394,Taylor Andrews Academy of Hair Design-Provo,UT,9,3,3,2,2,-2,-2,-2,,,,,,0,0,0,1,0,5,2-year/Associate,Other
484473,University of Florida-Online,FL,1,1,1,2,5,22,22,-2,0.6464309539693128,1499.0,700.0,690.0,31.0,1,1,0,0,0,3,Moderately Selective (50-75%),Bacc Diverse Fields
484604,Ogle School Hair Skin Nails-Stafford,TX,9,3,3,2,2,-2,-2,-2,,,,,,0,0,0,1,0,5,2-year/Associate,Other
484613,University of Phoenix-Arizona,AZ,3,1,3,2,9,17,17,-2,,,,,,1,0,0,1,0,4,Less Selective (>75% or open),Doctoral / Pro
484631,University of Phoenix-California,CA,3,1,3,2,7,18,18,-2,,,,,,1,0,0,1,0,4,Less Selective (>75% or open),Master's University
484710,University of Phoenix-Nevada,NV,3,1,3,2,7,22,20,-2,,,,,,1,0,0,1,0,4,Less Selective (>75% or open),Bacc Diverse Fields
484756,University of Phoenix-Texas,TX,3,1,3,2,7,29,29,-2,,,,,,1,0,0,1,0,4,Less Selective (>75% or open),Other
484844,Minerva University,CA,2,1,2,2,7,-2,-2,-2,0.009992313604919293,20816.0,,,,1,0,1,0,0,0,Elite (<10%),Other
484862,University of West Los Angeles,CA,3,1,3,2,9,31,-2,-2,,,,,,1,0,0,1,0,4,Less Selective (>75% or open),Special Focus
484871,Rabbinical College Ohr Yisroel,NY,2,1,2,2,5,24,24,-2,,,,,,1,0,1,0,0,4,Less Selective (>75% or open),Bacc/Associate
484899,Aveda Institute-Phoenix,AZ,9,3,3,2,2,-2,-2,-2,,,,,,0,0,0,1,0,5,2-year/Associate,Other
484905,University of North Texas at Dallas,TX,1,1,1,2,9,18,19,-2,0.9361358124494745,2474.0,468.0,418.0,25.0,1,1,0,0,0,4,Less Selective (>75% or open),Master's University
484923,Dermal Science International Aesthetics and Nail Academy,VA,9,3,3,2,1,-2,-2,-2,,,,,,0,0,0,1,0,5,2-year/Associate,Other
484932,BridgeValley Community & Technical College,WV,4,2,1,2,3,7,7,-2,,,,,,0,1,0,0,0,5,2-year/Associate,Associate / CC
484950,Northwest College-Medford,OR,6,2,3,2,4,-2,-2,-2,,,,,,0,0,0,1,0,5,2-year/Associate,Other
484996,Houston Training Schools-Gessner,TX,9,3,3,2,2,-2,-2,-2,,,,,,0,0,0,1,0,5,2-year/Associate,Other
485014,Empire Beauty School-Buffalo,NY,9,3,3,2,2,-2,-2,-2,,,,,,0,0,0,1,0,5,2-year/Associate,Other
485032,Paul Mitchell the School-Toledo,OH,9,3,3,2,2,-2,-2,-2,,,,,,0,0,0,1,0,5,2-year/Associate,Other
485111,Georgia Military College,GA,1,1,1,2,5,14,14,-2,,,,,,1,1,0,0,0,4,Less Selective (>75% or open),Associate / CC
485166,Beau Monde Academy of Barbering and Cosmetology,OR,9,3,3,2,2,-2,-2,-2,,,,,,0,0,0,1,0,5,2-year/Associate,Other
485236,Fountain of Youth Academy of Cosmetology,PA,9,3,3,2,2,-2,-2,-2,,,,,,0,0,0,1,0,5,2-year/Associate,Other
485272,West Coast University-Miami,FL,3,1,3,2,5,26,26,-2,,,,,,1,0,0,1,0,4,Less Selective (>75% or open),Mixed Spec-Focus
485342,Aparicio-Levy Technical College,FL,7,3,1,2,2,-2,-2,-2,,,,,,0,1,0,0,0,5,2-year/Associate,Other
485360,The Vocational Nursing Institute Inc,TX,8,3,2,2,2,-2,-2,-2,1.0,1.0,,,,0,0,1,0,0,5,2-year/Associate,Other
485379,Hollywood Institute of Beauty Careers-West Palm Beach,FL,9,3,3,2,2,-2,-2,-2,,,,,,0,0,0,1,0,5,2-year/Associate,Other
485388,Hollywood Institute of Beauty Careers-Casselberry,FL,9,3,3,2,2,-2,-2,-2,,,,,,0,0,0,1,0,5,2-year/Associate,Other
485397,Empire Beauty School-Cheltenham,PA,9,3,3,2,2,-2,-2,-2,,,,,,0,0,0,1,0,5,2-year/Associate,Other
485403,High Tech High Graduate School of Education,CA,2,1,2,2,7,32,32,-2,,,,,,1,0,1,0,0,4,Less Selective (>75% or open),Special Focus
485412,Coachella Valley Beauty College-Hemet,CA,9,3,3,2,2,-2,-2,-2,,,,,,0,0,0,1,0,5,2-year/Associate,Other
485458,Coastal Pines Technical College,GA,4,2,1,2,4,9,9,-2,,,,,,0,1,0,0,0,5,2-year/Associate,Associate / CC
485467,Carrington College-Administrative Office,CA,0,1,3,2,5,-2,-2,-2,,,,,,1,0,0,1,0,4,Less Selective (>75% or open),Other
485476,Studio Beauty School,WA,9,3,3,2,2,-2,-2,-2,,,,,,0,0,0,1,0,5,2-year/Associate,Other
485485,Latin Beauty Academy,FL,9,3,3,2,2,-2,-2,-2,,,,,,0,0,0,1,0,5,2-year/Associate,Other
485494,Associated Barber College of San Diego,CA,9,3,3,2,2,-2,-2,-2,,,,,,0,0,0,1,0,5,2-year/Associate,Other
485500,ABCO Technology,CA,6,2,3,2,3,-2,-2,-2,,,,,,0,0,0,1,0,5,2-year/Associate,Other
485519,Lionel University,CA,3,1,3,2,7,13,13,-2,,,,,,1,0,0,1,0,4,Less Selective (>75% or open),Associate / CC
485546,California Intercontinental University,SD,3,1,3,2,9,17,29,-2,,,,,,1,0,0,1,0,4,Less Selective (>75% or open),Doctoral / Pro
485564,Infinity College,LA,6,2,3,2,3,-2,-2,-2,,,,,,0,0,0,1,0,5,2-year/Associate,Other
485573,Universal Healthcare Careers College,CA,9,3,3,2,2,-2,-2,-2,,,,,,0,0,0,1,0,5,2-year/Associate,Other
485591,New Beginnings Beauty Academy,AR,9,3,3,2,2,-2,-2,-2,,,,,,0,0,0,1,0,5,2-year/Associate,Other
485607,Dolce The Academy,CT,9,3,3,2,2,-2,-2,-2,,,,,,0,0,0,1,0,5,2-year/Associate,Other
485698,American College of the Building Arts,SC,2,1,2,2,5,32,-2,-2,0.7666666666666667,30.0,610.0,585.0,24.0,1,0,1,0,0,4,Less Selective (>75% or open),Special Focus
485704,River Valley School of Massage,AR,9,3,3,2,1,-2,-2,-2,,,,,,0,0,0,1,0,5,2-year/Associate,Other
485768,Atlantis University,FL,3,1,3,2,7,19,22,-2,,,,,,1,0,0,1,0,4,Less Selective (>75% or open),Master's University
485801,Westchester School for Medical & Dental Assistants,NY,9,3,3,2,2,-2,-2,-2,,,,,,0,0,0,1,0,5,2-year/Associate,Other
485856,Studio Incamminati,PA,5,2,2,2,4,-2,-2,-2,1.0,2.0,,,,0,0,1,0,0,5,2-year/Associate,Other
485874,Salon Boutique Academy,TX,9,3,3,2,2,-2,-2,-2,,,,,,0,0,0,1,0,5,2-year/Associate,Other
485926,GA Beauty & Barber School,TX,9,3,3,2,2,-2,-2,-2,,,,,,0,0,0,1,0,5,2-year/Associate,Other
485953,The Recording Conservatory of Austin,TX,6,2,3,2,3,-2,-2,-2,,,,,,0,0,0,1,0,5,2-year/Associate,Other
485962,VH Barber & Styling Academy,LA,9,3,3,2,2,-2,-2,-2,,,,,,0,0,0,1,0,5,2-year/Associate,Other
485999,Bet Medrash Gadol Ateret Torah,NY,2,1,2,2,5,24,24,-2,0.9210526315789473,38.0,,,,1,0,1,0,0,4,Less Selective (>75% or open),Bacc/Associate
486017,Yeshiva Ohr Yisrael,NY,2,1,2,2,5,24,24,-2,1.0,4.0,,,,1,0,1,0,0,4,Less Selective (>75% or open),Bacc/Associate
486026,Yeshiva Sholom Shachna,NY,2,1,2,2,5,24,24,-2,1.0,51.0,,,,1,0,1,0,0,4,Less Selective (>75% or open),Bacc/Associate
486053,Bethlehem College & Seminary,MN,2,1,2,2,7,24,24,-2,,,,,,1,0,1,0,0,4,Less Selective (>75% or open),Bacc/Associate
486080,Elmezzi Graduate School of Molecular Medicine,NY,2,1,2,2,9,26,26,-2,,,,,,1,0,1,0,0,4,Less Selective (>75% or open),Mixed Spec-Focus
486123,Theatre of Arts,CA,6,2,3,2,3,12,12,-2,,,,,,0,0,0,1,0,5,2-year/Associate,Associate / CC
486141,Westchester College of Nursing & Allied Health,CA,9,3,3,2,2,-2,-2,-2,,,,,,0,0,0,1,0,5,2-year/Associate,Other
486150,Treasure Coast Technical College,FL,7,3,1,2,2,-2,-2,-2,,,,,,0,1,0,0,0,5,2-year/Associate,Other
486169,American College of Barbering,KY,9,3,3,2,2,-2,-2,-2,,,,,,0,0,0,1,0,5,2-year/Associate,Other
486196,Beth Medrash Meor Yitzchok,NY,2,1,2,2,5,24,24,-2,0.56,150.0,,,,1,0,1,0,0,4,Less Selective (>75% or open),Bacc/Associate
486202,Mingo Extended Learning Center,WV,7,3,1,2,2,-2,-2,-2,0.8823529411764706,17.0,,,,0,1,0,0,0,5,2-year/Associate,Other
486239,San Ignacio University,FL,3,1,3,2,7,29,29,-2,,,,,,1,0,0,1,0,4,Less Selective (>75% or open),Other
486248,ZMS The Academy,CA,9,3,3,2,2,-2,-2,-2,,,,,,0,0,0,1,0,5,2-year/Associate,Other
486257,Valor Christian College,OH,2,1,2,2,5,13,13,-2,,,,,,1,0,1,0,0,4,Less Selective (>75% or open),Associate / CC
486284,Bethany Global University,MN,2,1,2,2,7,24,24,-2,0.9615384615384616,104.0,,,,1,0,1,0,0,4,Less Selective (>75% or open),Bacc/Associate
486345,HVAC Technical Institute,IL,9,3,3,2,1,-2,-2,-2,,,,,,0,0,0,1,0,5,2-year/Associate,Other
486354,United International College,FL,3,1,3,2,7,29,29,-2,,,,,,1,0,0,1,0,4,Less Selective (>75% or open),Other
486372,San Francisco Film School,CA,6,2,3,2,3,12,-2,-2,,,,,,0,0,0,1,0,5,2-year/Associate,Associate / CC
486381,Center for Ultrasound Research & Education,NY,6,2,3,2,4,-2,-2,-2,,,,,,0,0,0,1,0,5,2-year/Associate,Other
486390,Culinary Tech Center,NY,9,3,3,2,1,-2,-2,-2,,,,,,0,0,0,1,0,5,2-year/Associate,Other
486406,Randolph Technical Center,WV,7,3,1,2,2,-2,-2,-2,,,,,,0,1,0,0,0,5,2-year/Associate,Other
486415,AMG School of Nursing,NY,6,2,3,2,3,-2,-2,-2,,,,,,0,0,0,1,0,5,2-year/Associate,Other
486424,Saint Michael College of Allied Health,DC,6,2,3,2,3,10,10,-2,0.576,125.0,,,,0,0,0,1,0,5,2-year/Associate,Associate / CC
486433,Presidio Graduate School,CA,2,1,2,2,7,29,20,-2,,,,,,1,0,1,0,0,4,Less Selective (>75% or open),Other
486442,Sandra Academy of Salon Services,TN,9,3,3,2,2,-2,-2,-2,,,,,,0,0,0,1,0,5,2-year/Associate,Other
486460,Wright Graduate University for the Realization of Human Potential,WI,2,1,2,2,9,32,32,-2,,,,,,1,0,1,0,0,4,Less Selective (>75% or open),Special Focus
486488,California Jazz Conservatory,CA,2,1,2,2,5,30,30,-2,,0.0,,,,1,0,1,0,0,4,Less Selective (>75% or open),Special Focus
486497,California Barber and Beauty College,CA,9,3,3,2,2,-2,-2,-2,,,,,,0,0,0,1,0,5,2-year/Associate,Other
486503,Laredo CHI Academy Beauty School,TX,9,3,3,2,2,-2,-2,-2,,,,,,0,0,0,1,0,5,2-year/Associate,Other
486512,Florida International Training Institute,FL,9,3,3,2,2,-2,-2,-2,0.8348909657320872,321.0,,,,0,0,0,1,0,5,2-year/Associate,Other
486530,Gould's Academy,TN,9,3,3,2,2,-2,-2,-2,,,,,,0,0,0,1,0,5,2-year/Associate,Other
486558,Aviation Institute of Maintenance-Fremont,CA,6,2,3,2,4,-2,-2,-2,,,,,,0,0,0,1,0,5,2-year/Associate,Other
486567,Paul Mitchell the School-Tulsa,OK,9,3,3,2,2,-2,-2,-2,,,,,,0,0,0,1,0,5,2-year/Associate,Other
486576,PPG Technical College,PR,9,3,3,2,2,-2,-2,-2,,,,,,0,0,0,1,0,5,2-year/Associate,Other
486619,Academy of Professional Cosmetology,AR,9,3,3,2,2,-2,-2,-2,,,,,,0,0,0,1,0,5,2-year/Associate,Other
486691,Empire Beauty School-Northlake,GA,9,3,3,2,2,-2,-2,-2,,,,,,0,0,0,1,0,5,2-year/Associate,Other
486707,Ross Medical Education Center-Huntsville,AL,9,3,3,2,2,-2,-2,-2,,,,,,0,0,0,1,0,5,2-year/Associate,Other
486716,Ross Medical Education Center-Knoxville,TN,9,3,3,2,2,-2,-2,-2,,,,,,0,0,0,1,0,5,2-year/Associate,Other
486752,Ross Medical Education Center-Muncie,IN,9,3,3,2,2,-2,-2,-2,,,,,,0,0,0,1,0,5,2-year/Associate,Other
486770,Cortiva Institute-Arlington,TX,9,3,3,2,1,-2,-2,-2,,,,,,0,0,0,1,0,5,2-year/Associate,Other
486798,Tulsa Welding School-Houston,TX,9,3,3,2,2,-2,-2,-2,,,,,,0,0,0,1,0,5,2-year/Associate,Other
486813,Pima Medical Institute-El Paso,TX,6,2,3,2,3,10,10,-2,,,,,,0,0,0,1,0,5,2-year/Associate,Associate / CC
486822,Pima Medical Institute-Phoenix,AZ,6,2,3,2,3,8,10,-2,,,,,,0,0,0,1,0,5,2-year/Associate,Associate / CC
486840,Kennesaw State University,GA,1,1,1,2,9,16,16,21,0.678480053065479,21106.0,620.0,590.0,25.0,1,1,0,0,0,3,Moderately Selective (50-75%),R2 (high research)
486859,Entourage Institute of Beauty and Esthetics,NE,6,2,3,2,4,-2,-2,-2,,,,,,0,0,0,1,0,5,2-year/Associate,Other
486877,Eastern Suffolk BOCES,NY,7,3,1,2,2,-2,-2,-2,,,,,,0,1,0,0,0,5,2-year/Associate,Other
486886,Eastern Suffolk BOCES,NY,7,3,1,2,2,-2,-2,-2,,,,,,0,1,0,0,0,5,2-year/Associate,Other
486901,Milligan University,TN,2,1,2,2,9,19,19,22,0.6670616113744076,844.0,,,27.0,1,0,1,0,0,3,Moderately Selective (50-75%),Master's University
486938,Chamberlain University-Nevada,NV,3,1,3,2,5,26,26,-2,0.8181818181818182,11.0,,,,1,0,0,1,0,4,Less Selective (>75% or open),Mixed Spec-Focus
486947,Chamberlain University-Michigan,MI,3,1,3,2,5,26,26,-2,0.4,5.0,,,,1,0,0,1,0,4,Less Selective (>75% or open),Mixed Spec-Focus
486956,Chamberlain University-New Jersey,NJ,3,1,3,2,5,26,-2,-2,0.9,10.0,,,,1,0,0,1,0,4,Less Selective (>75% or open),Mixed Spec-Focus
486965,Hussian College-Los Angeles,CA,3,1,3,2,5,30,-2,-2,0.4767025089605735,558.0,,,,1,0,0,1,0,2,Selective (25-50%),Special Focus
486983,Paul Mitchell the School-Madison,WI,9,3,3,2,2,-2,-2,-2,,,,,,0,0,0,1,0,5,2-year/Associate,Other
487010,The University of Tennessee Health Science Center,TN,1,1,1,2,9,27,25,-2,,,,,,1,1,0,0,0,4,Less Selective (>75% or open),Mixed Spec-Focus
487047,Unitech Training Academy-New Orleans,LA,9,3,3,2,2,-2,-2,-2,,,,,,0,0,0,1,0,5,2-year/Associate,Other
487065,Wade Gordon Hairdressing Academy-Lubbock,TX,9,3,3,2,2,-2,-2,-2,,,,,,0,0,0,1,0,5,2-year/Associate,Other
487083,Protege Academy,MI,9,3,3,2,2,-2,-2,-2,,,,,,0,0,0,1,0,5,2-year/Associate,Other
487092,Emory University-Oxford College,GA,5,2,2,2,3,1,1,-2,0.15000746305786358,20099.0,750.0,790.0,34.0,0,0,1,0,0,5,2-year/Associate,Associate / CC
487153,The Chicago School at Xavier University of Louisiana,LA,2,1,2,2,9,-2,-2,-2,,,,,,1,0,1,0,0,4,Less Selective (>75% or open),Other
487162,Southern Regional Technical College,GA,4,2,1,2,4,8,9,-2,,,,,,0,1,0,0,0,5,2-year/Associate,Associate / CC
487232,Texas College of Cosmetology-Lubbock,TX,9,3,3,2,2,-2,-2,-2,,,,,,0,0,0,1,0,5,2-year/Associate,Other
487302,Fortis College-Cuyahoga Falls,OH,6,2,3,2,3,10,10,-2,,,,,,0,0,0,1,0,5,2-year/Associate,Associate / CC
487311,Jones Technical Institute,FL,5,2,2,2,3,9,8,-2,,,,,,0,0,1,0,0,5,2-year/Associate,Associate / CC
487320,Texas State Technical College,TX,4,2,1,2,4,7,8,40,,,,,,0,1,0,0,0,5,2-year/Associate,Associate / CC
487348,Aveda Institute Portland-Vancouver Campus,WA,9,3,3,2,2,-2,-2,-2,,,,,,0,0,0,1,0,5,2-year/Associate,Other
487375,Arizona College of Nursing-Las Vegas,NV,3,1,3,2,5,26,-2,-2,1.0,72.0,,,,1,0,0,1,0,4,Less Selective (>75% or open),Mixed Spec-Focus
487384,Florida Career College-Pembroke Pines,FL,9,3,3,2,2,10,10,-2,,,,,,0,0,0,1,0,5,2-year/Associate,Associate / CC
487393,Florida Career College-West Palm Beach,FL,6,2,3,2,3,-2,11,-2,,,,,,0,0,0,1,0,5,2-year/Associate,Other
487409,Florida Career College-Hialeah,FL,6,2,3,2,3,10,11,-2,,,,,,0,0,0,1,0,5,2-year/Associate,Associate / CC
487418,Florida Career College-Lauderdale Lakes,FL,6,2,3,2,3,10,10,-2,,,,,,0,0,0,1,0,5,2-year/Associate,Associate / CC
487427,Florida Career College-Tampa,FL,9,3,3,2,2,-2,11,-2,,,,,,0,0,0,1,0,5,2-year/Associate,Other
487436,Florida Career College-Jacksonville,FL,9,3,3,2,2,-2,10,-2,,,,,,0,0,0,1,0,5,2-year/Associate,Other
487445,Florida Career College-Boynton Beach,FL,6,2,3,2,3,10,10,-2,,,,,,0,0,0,1,0,5,2-year/Associate,Associate / CC
487454,Florida Career College-Margate,FL,6,2,3,2,3,-2,11,-2,,,,,,0,0,0,1,0,5,2-year/Associate,Other
487472,Florida Career College-Orlando,FL,9,3,3,2,2,-2,8,-2,,,,,,0,0,0,1,0,5,2-year/Associate,Other
487481,UEI College-Phoenix,AZ,9,3,3,2,2,-2,10,-2,,,,,,0,0,0,1,0,5,2-year/Associate,Other
487490,Florida Career College-Houston,TX,6,2,3,2,3,10,11,-2,,,,,,0,0,0,1,0,5,2-year/Associate,Associate / CC
487506,Aveda Institute-Madison,WI,9,3,3,2,2,-2,-2,-2,,,,,,0,0,0,1,0,5,2-year/Associate,Other
487524,Husson University,ME,2,1,2,2,9,17,17,22,0.9130605822187254,2542.0,610.0,600.0,,1,0,1,0,0,4,Less Selective (>75% or open),Doctoral / Pro
487533,Tricoci University of Beauty Culture-Elgin,IL,9,3,3,2,2,-2,-2,-2,,,,,,0,0,0,1,0,5,2-year/Associate,Other
487588,Concorde Career College-Southaven,MS,6,2,3,2,3,-2,10,-2,0.9946808510638298,188.0,,,,0,0,0,1,0,5,2-year/Associate,Other
487597,Universal Technical Institute-Southern California,CA,6,2,3,2,4,11,-2,-2,,,,,,0,0,0,1,0,5,2-year/Associate,Associate / CC
487603,Northwest University-Center for Online and Extended Education,WA,2,1,2,2,7,22,22,-2,,,,,,1,0,1,0,0,4,Less Selective (>75% or open),Bacc Diverse Fields
487621,Celebrity Barber School,LA,9,3,3,2,2,-2,-2,-2,,,,,,0,0,0,1,0,5,2-year/Associate,Other
487649,California Institute of Advanced Management,CA,2,1,2,2,7,29,29,-2,,,,,,1,0,1,0,0,4,Less Selective (>75% or open),Other
487658,Academy of Interactive Entertainment,LA,5,2,2,2,4,-2,-2,-2,0.42592592592592593,216.0,,,,0,0,1,0,0,5,2-year/Associate,Other
487676,The Temple Annapolis-A Paul Mitchell Partner School,MD,9,3,3,2,2,-2,-2,-2,,,,,,0,0,0,1,0,5,2-year/Associate,Other
487746,Yeshiva Zichron Aryeh,NY,2,1,2,2,5,24,24,-2,0.3333333333333333,3.0,,,,1,0,1,0,0,4,Less Selective (>75% or open),Bacc/Associate
487773,Butte County Regional Occupational Program,CA,7,3,1,2,2,-2,-2,-2,,,,,,0,1,0,0,0,5,2-year/Associate,Other
487791,Arclabs,SC,9,3,3,2,2,-2,-2,-2,,,,,,0,0,0,1,0,5,2-year/Associate,Other
487807,Top of the Line Barber College,SC,9,3,3,2,2,-2,-2,-2,,,,,,0,0,0,1,0,5,2-year/Associate,Other
487816,Midfield Institute of Cosmetology,AL,8,3,2,2,2,-2,-2,-2,,,,,,0,0,1,0,0,5,2-year/Associate,Other
487852,American Institute of Alternative Medicine,NJ,9,3,3,2,1,-2,-2,-2,,,,,,0,0,0,1,0,5,2-year/Associate,Other
487861,Felbry College,OH,3,1,3,2,5,10,-2,-2,0.7246376811594203,69.0,,,,1,0,0,1,0,4,Less Selective (>75% or open),Associate / CC
487889,Regional Center for Border Health,AZ,8,3,2,2,1,-2,-2,-2,,,,,,0,0,1,0,0,5,2-year/Associate,Other
487898,B-Unique Beauty and Barber Academy,SC,9,3,3,2,2,-2,-2,-2,,,,,,0,0,0,1,0,5,2-year/Associate,Other
487904,Kentucky Horseshoeing School,KY,9,3,3,2,2,-2,-2,-2,,,,,,0,0,0,1,0,5,2-year/Associate,Other
487922,Image Maker Beauty Institute,TN,9,3,3,2,2,-2,-2,-2,,,,,,0,0,0,1,0,5,2-year/Associate,Other
487959,Dalton Institute of Esthetics and Cosmetology,GA,9,3,3,2,2,-2,-2,-2,,,,,,0,0,0,1,0,5,2-year/Associate,Other
487968,CAAN Academy of Nursing,IL,5,2,2,2,3,-2,-2,-2,,,,,,0,0,1,0,0,5,2-year/Associate,Other
487977,Martinsburg College,WV,3,1,3,2,6,10,9,-2,1.0,732.0,,,,1,0,0,1,0,4,Less Selective (>75% or open),Associate / CC
487995,Alhambra Medical University,CA,3,1,3,2,9,26,26,-2,,,,,,1,0,0,1,0,4,Less Selective (>75% or open),Mixed Spec-Focus
488004,Central Yeshiva Beth Joseph,NY,2,1,2,2,5,24,24,-2,,,,,,1,0,1,0,0,4,Less Selective (>75% or open),Bacc/Associate
488013,Garden State Science and Technology Institute,NJ,9,3,3,2,2,-2,-2,-2,,,,,,0,0,0,1,0,5,2-year/Associate,Other
488022,Barber Tech Academy,SC,9,3,3,2,2,-2,-2,-2,,,,,,0,0,0,1,0,5,2-year/Associate,Other
488031,Abraham Lincoln University,CA,3,1,3,2,9,31,31,-2,,,,,,1,0,0,1,0,4,Less Selective (>75% or open),Special Focus
488059,Med College,FL,6,2,3,2,3,10,-2,-2,,,,,,0,0,0,1,0,5,2-year/Associate,Associate / CC
488068,Huntington University of Health Sciences,TN,3,1,3,2,9,23,21,-2,,,,,,1,0,0,1,0,4,Less Selective (>75% or open),Bacc Diverse Fields
488077,Sonoran Desert Institute,AZ,6,2,3,2,3,11,11,-2,,,,,,0,0,0,1,0,5,2-year/Associate,Associate / CC
488110,Natural Images Beauty College,TX,9,3,3,2,2,-2,-2,-2,,,,,,0,0,0,1,0,5,2-year/Associate,Other
488129,Textures Institute of Cosmetology,IN,9,3,3,2,2,-2,-2,-2,,,,,,0,0,0,1,0,5,2-year/Associate,Other
488138,Williams Technical College,LA,9,3,3,2,2,-2,-2,-2,,,,,,0,0,0,1,0,5,2-year/Associate,Other
488147,PiBerry Institute,FL,9,3,3,2,2,-2,-2,-2,,,,,,0,0,0,1,0,5,2-year/Associate,Other
488174,Ea La Mar's Cosmetology & Barber College,MO,9,3,3,2,2,-2,-2,-2,,,,,,0,0,0,1,0,5,2-year/Associate,Other
488183,Regina Webb Academy,KY,9,3,3,2,2,-2,-2,-2,,,,,,0,0,0,1,0,5,2-year/Associate,Other
488192,DeHart Technical School,CA,9,3,3,2,2,-2,-2,-2,,,,,,0,0,0,1,0,5,2-year/Associate,Other
488217,Medical Career & Technical College,KY,9,3,3,2,2,-2,-2,-2,,,,,,0,0,0,1,0,5,2-year/Associate,Other
488226,Center for Neurosomatic Studies,FL,9,3,3,2,2,-2,-2,-2,,,,,,0,0,0,1,0,5,2-year/Associate,Other
488253,Focus Personal Training Institute,NY,9,3,3,2,1,-2,-2,-2,,,,,,0,0,0,1,0,5,2-year/Associate,Other
488262,Hair Academy School of Barbering & Beauty,DE,9,3,3,2,2,-2,-2,-2,,,,,,0,0,0,1,0,5,2-year/Associate,Other
488271,Fosbre Academy of Hair Design,WA,9,3,3,2,2,-2,-2,-2,,,,,,0,0,0,1,0,5,2-year/Associate,Other
488280,National Personal Training Institute,FL,9,3,3,2,1,-2,-2,-2,,,,,,0,0,0,1,0,5,2-year/Associate,Other
488299,Mission Beauty Institute,TX,9,3,3,2,2,-2,-2,-2,,,,,,0,0,0,1,0,5,2-year/Associate,Other
488305,Elim Bible Institute and College,NY,2,1,2,2,5,13,13,-2,0.975609756097561,41.0,,,,1,0,1,0,0,4,Less Selective (>75% or open),Associate / CC
488314,Beth Medrash of Asbury Park,NJ,2,1,2,2,5,24,24,-2,0.75,40.0,,,,1,0,1,0,0,4,Less Selective (>75% or open),Bacc/Associate
488332,Hope College of Arts and Sciences,FL,6,2,3,2,3,10,26,-2,,,,,,0,0,0,1,0,5,2-year/Associate,Associate / CC
488350,Yeshiva Gedolah Shaarei Shmuel,NJ,2,1,2,2,5,24,24,-2,0.46308724832214765,149.0,,,,1,0,1,0,0,4,Less Selective (>75% or open),Bacc/Associate
488369,Premier Barber Institute,PA,9,3,3,2,2,-2,-2,-2,,,,,,0,0,0,1,0,5,2-year/Associate,Other
488378,International Beauty Education Center,WA,9,3,3,2,2,-2,-2,-2,,,,,,0,0,0,1,0,5,2-year/Associate,Other
488387,Claremont Lincoln University,CA,2,1,2,2,7,29,29,-2,,,,,,1,0,1,0,0,4,Less Selective (>75% or open),Other
488396,Phipps Academy of Barbering,IL,9,3,3,2,2,-2,-2,-2,,,,,,0,0,0,1,0,5,2-year/Associate,Other
488411,Hoss Lee Academy,CA,9,3,3,2,2,-2,-2,-2,,,,,,0,0,0,1,0,5,2-year/Associate,Other
488420,Indiana Wellness College,IN,9,3,3,2,2,-2,-2,-2,0.6344827586206897,145.0,,,,0,0,0,1,0,5,2-year/Associate,Other
488439,Kenny's Academy of Barbering,IN,9,3,3,2,2,-2,-2,-2,,,,,,0,0,0,1,0,5,2-year/Associate,Other
488448,Seattle Film Institute,WA,3,1,3,2,7,30,30,-2,,,,,,1,0,0,1,0,4,Less Selective (>75% or open),Special Focus
488527,Arkansas Colleges of Health Education,AR,2,1,2,2,9,25,-2,-2,,,,,,1,0,1,0,0,4,Less Selective (>75% or open),Bacc/Associate
488554,Burrell College of Osteopathic Medicine,NM,3,1,3,2,9,25,-2,-2,,,,,,1,0,0,1,0,4,Less Selective (>75% or open),Bacc/Associate
488563,California College of Music,CA,6,2,3,2,3,-2,-2,-2,0.6923076923076923,13.0,,,,0,0,0,1,0,5,2-year/Associate,Other
488572,California Health Sciences University,CA,3,1,3,2,9,26,-2,-2,,,,,,1,0,0,1,0,4,Less Selective (>75% or open),Mixed Spec-Focus
488590,Christian Culinary Academy,OR,8,3,2,2,2,-2,-2,-2,0.9,10.0,,,,0,0,1,0,0,5,2-year/Associate,Other
488651,Glitz School of Cosmetology,NM,9,3,3,2,2,-2,-2,-2,,,,,,0,0,0,1,0,5,2-year/Associate,Other
488679,Indiana Wesleyan University-National & Global,IN,2,1,2,2,9,17,18,-2,,,,,,1,0,1,0,0,4,Less Selective (>75% or open),Doctoral / Pro
488721,NationsUniversity,LA,2,1,2,2,7,-2,-2,-2,,,,,,1,0,1,0,0,4,Less Selective (>75% or open),Other
488730,Northeast Lakeview College,TX,4,2,1,2,3,2,2,-2,,,,,,0,1,0,0,0,5,2-year/Associate,Associate / CC
488749,Paul Mitchell the School-Jessup,MD,9,3,3,2,2,-2,-2,-2,,,,,,0,0,0,1,0,5,2-year/Associate,Other
488776,John Patrick University of Health and Applied Sciences,IN,3,1,3,2,7,26,26,-2,1.0,4.0,,,,1,0,0,1,0,4,Less Selective (>75% or open),Mixed Spec-Focus
488785,University of Saint Katherine,CA,2,1,2,2,7,22,-2,-2,0.6555555555555556,90.0,,,,1,0,1,0,0,4,Less Selective (>75% or open),Bacc Diverse Fields
488800,Teachers College of San Joaquin,CA,1,1,1,2,7,32,32,-2,,,,,,1,1,0,0,0,4,Less Selective (>75% or open),Special Focus
488837,U.S. Truck Driver Training School,MI,9,3,3,2,1,-2,-2,-2,,,,,,0,0,0,1,0,5,2-year/Associate,Other
488846,University of the People,CA,2,1,2,2,7,18,23,-2,,,,,,1,0,1,0,0,4,Less Selective (>75% or open),Master's University
488891,South Dade Technical College-South Dade Skills Center Campus,FL,7,3,1,2,2,-2,-2,-2,,,,,,0,1,0,0,0,5,2-year/Associate,Other
488907,Wongu University of Oriental Medicine,NV,2,1,2,2,7,26,26,-2,,,,,,1,0,1,0,0,4,Less Selective (>75% or open),Mixed Spec-Focus
488916,Alabama School of Nail Technology & Cosmetology,AL,9,3,3,2,2,-2,-2,-2,,,,,,0,0,0,1,0,5,2-year/Associate,Other
488934,Tulsa Technology Center,OK,4,2,1,2,4,-2,-2,-2,,,,,,0,1,0,0,0,5,2-year/Associate,Other
488952,Ross Medical Education Center-Elyria,OH,9,3,3,2,2,-2,-2,-2,,,,,,0,0,0,1,0,5,2-year/Associate,Other
488961,Ross Medical Education Center-Lafayette,IN,9,3,3,2,2,-2,-2,-2,,,,,,0,0,0,1,0,5,2-year/Associate,Other
488970,Ross Medical Education Center-Midland,MI,9,3,3,2,2,-2,-2,-2,,,,,,0,0,0,1,0,5,2-year/Associate,Other
488989,Paul Mitchell the School-Clear Lake,TX,9,3,3,2,2,-2,-2,-2,,,,,,0,0,0,1,0,5,2-year/Associate,Other
488998,Paul Mitchell the School-Nampa,ID,9,3,3,2,2,-2,-2,-2,,,,,,0,0,0,1,0,5,2-year/Associate,Other
489122,Academy of Beauty Professionals,WI,9,3,3,2,2,-2,-2,-2,,,,,,0,0,0,1,0,5,2-year/Associate,Other
489131,Academy of Beauty Professionals,WI,9,3,3,2,2,-2,-2,-2,,,,,,0,0,0,1,0,5,2-year/Associate,Other
489140,Academy of Beauty Professionals,WI,9,3,3,2,2,-2,-2,-2,,,,,,0,0,0,1,0,5,2-year/Associate,Other
489159,Kenneth Shuler School of Cosmetology-Goose Creek,SC,9,3,3,2,2,-2,-2,-2,,,,,,0,0,0,1,0,5,2-year/Associate,Other
489201,Clovis Community College,CA,4,2,1,2,4,3,1,-2,,,,,,0,1,0,0,0,5,2-year/Associate,Associate / CC
489238,Boca Beauty Academy-Parkland,FL,9,3,3,2,2,-2,-2,-2,,,,,,0,0,0,1,0,5,2-year/Associate,Other
489247,American Beauty Academy-West Valley Campus,UT,9,3,3,2,2,-2,-2,-2,,,,,,0,0,0,1,0,5,2-year/Associate,Other
489256,Caribbean Aviation Training Institute Inc,PR,9,3,3,2,2,-2,-2,-2,,,,,,0,0,0,1,0,5,2-year/Associate,Other
489283,The College of Health Care Professions-McAllen Campus,TX,6,2,3,2,3,10,-2,-2,,,,,,0,0,0,1,0,5,2-year/Associate,Associate / CC
489335,Institute of Buddhist Studies,CA,2,1,2,2,7,-2,-2,-2,,,,,,1,0,1,0,0,4,Less Selective (>75% or open),Other
489344,Chamberlain University-North Carolina,NC,3,1,3,2,5,26,-2,-2,0.5,8.0,,,,1,0,0,1,0,4,Less Selective (>75% or open),Mixed Spec-Focus
489353,Chamberlain University-California,CA,3,1,3,2,5,26,-2,-2,0.0,2.0,,,,1,0,0,1,0,4,Less Selective (>75% or open),Mixed Spec-Focus
489371,Spartan College of Aeronautics and Technology,CA,6,2,3,2,4,-2,-2,-2,,,,,,0,0,0,1,0,5,2-year/Associate,Other
489779,Purdue University Global,IN,1,1,1,2,9,17,22,-2,,,,,,1,1,0,0,0,4,Less Selective (>75% or open),Doctoral / Pro
489812,Pima Medical Institute-Dillon,MT,6,2,3,2,3,10,10,-2,,,,,,0,0,0,1,0,5,2-year/Associate,Associate / CC
489830,Arthur's Beauty College,AR,9,3,3,2,2,-2,-2,-2,,,,,,0,0,0,1,0,5,2-year/Associate,Other
489858,West Coast University-Center for Graduate Studies,CA,3,1,3,2,9,26,26,-2,,,,,,1,0,0,1,0,4,Less Selective (>75% or open),Mixed Spec-Focus
489937,Carolina University,NC,2,1,2,2,9,20,24,51,0.5201698513800425,471.0,,,,1,0,1,0,0,4,Less Selective (>75% or open),Master's University
490018,National Personal Training Institute-Tampa,FL,9,3,3,2,1,-2,-2,-2,,,,,,0,0,0,1,0,5,2-year/Associate,Other
490045,Presbyterian Theological Seminary in America,CA,2,1,2,2,9,24,24,-2,,,,,,1,0,1,0,0,4,Less Selective (>75% or open),Bacc/Associate
490054,HCI College,FL,3,1,3,2,5,26,10,-2,0.47315436241610737,596.0,,,,1,0,0,1,0,2,Selective (25-50%),Mixed Spec-Focus
490081,America Evangelical University,CA,2,1,2,2,9,24,24,-2,,,,,,1,0,1,0,0,4,Less Selective (>75% or open),Bacc/Associate
490090,Gadsden Technical College,FL,7,3,1,2,2,-2,-2,-2,,,,,,0,1,0,0,0,5,2-year/Associate,Other
490106,Virginia University of Integrative Medicine,VA,2,1,2,2,9,26,26,-2,,,,,,1,0,1,0,0,4,Less Selective (>75% or open),Mixed Spec-Focus
490115,Nashville Film Institute,TN,6,2,3,2,3,-2,-2,-2,,,,,,0,0,0,1,0,5,2-year/Associate,Other
490124,Los Angeles Academy of Figurative Art,CA,3,1,3,2,5,30,30,-2,,,,,,1,0,0,1,0,4,Less Selective (>75% or open),Special Focus
490133,Westcliff University,CA,3,1,3,2,9,29,29,-2,0.6741889985895627,709.0,,,,1,0,0,1,0,3,Moderately Selective (50-75%),Other
490142,World Class Academy of Beauty Careers,FL,9,3,3,2,2,-2,-2,-2,,,,,,0,0,0,1,0,5,2-year/Associate,Other
490151,Allied Health Careers Institute,TN,9,3,3,2,2,-2,-2,-2,,,,,,0,0,0,1,0,5,2-year/Associate,Other
490160,Sacramento Ultrasound Institute,CA,6,2,3,2,3,-2,-2,-2,,,,,,0,0,0,1,0,5,2-year/Associate,Other
490197,Regan Career Institute,CA,6,2,3,2,3,-2,-2,-2,,,,,,0,0,0,1,0,5,2-year/Associate,Other
490203,Bolivar Technical College,MO,2,1,2,2,5,10,10,-2,1.0,12.0,,,,1,0,1,0,0,4,Less Selective (>75% or open),Associate / CC
490221,MAK Beauty Institute,GA,9,3,3,2,2,-2,-2,-2,0.5833333333333334,12.0,,,,0,0,0,1,0,5,2-year/Associate,Other
490230,Reformed University,GA,2,1,2,2,7,24,-2,-2,0.65,40.0,,,,1,0,1,0,0,4,Less Selective (>75% or open),Bacc/Associate
490249,Mobile Technical Training,NJ,9,3,3,2,1,-2,-2,-2,,,,,,0,0,0,1,0,5,2-year/Associate,Other
490258,American Barber and Beauty Academy,PA,9,3,3,2,2,-2,-2,-2,,,,,,0,0,0,1,0,5,2-year/Associate,Other
490267,Master's Barber & Styling College,TN,9,3,3,2,2,-2,-2,-2,,,,,,0,0,0,1,0,5,2-year/Associate,Other
490276,Yeshiva Shaar Ephraim,NY,2,1,2,2,5,24,24,-2,,,,,,1,0,1,0,0,4,Less Selective (>75% or open),Bacc/Associate
490285,California Institute of Arts & Technology,CA,3,1,3,2,5,11,-2,-2,,,,,,1,0,0,1,0,4,Less Selective (>75% or open),Associate / CC
490294,"Elite Cosmetology, Barber & Spa Academy",WA,9,3,3,2,2,-2,-2,-2,,,,,,0,0,0,1,0,5,2-year/Associate,Other
490300,Cutting Edge Academy,NJ,9,3,3,2,2,-2,-2,-2,,,,,,0,0,0,1,0,5,2-year/Associate,Other
490319,Yeshiva Bais Aharon,NJ,2,1,2,2,5,24,24,-2,0.6,5.0,,,,1,0,1,0,0,4,Less Selective (>75% or open),Bacc/Associate
490328,Mechon L'hoyroa,NY,2,1,2,2,5,24,24,-2,,0.0,,,,1,0,1,0,0,4,Less Selective (>75% or open),Bacc/Associate
490346,Elyon College,NY,5,2,2,2,3,13,13,-2,,,,,,0,0,1,0,0,5,2-year/Associate,Associate / CC
490373,Western Michigan University Homer Stryker M.D. School of Medicine,MI,2,1,2,2,9,25,25,-2,,,,,,1,0,1,0,0,4,Less Selective (>75% or open),Bacc/Associate
490382,Harmony Health Care Institute,NH,9,3,3,2,2,-2,-2,-2,1.0,13.0,,,,0,0,0,1,0,5,2-year/Associate,Other
490391,American Beauty Schools,FL,9,3,3,2,2,-2,-2,-2,,,,,,0,0,0,1,0,5,2-year/Associate,Other
490407,Hogan Institute of Cosmetology and Esthetics,GA,9,3,3,2,2,-2,-2,-2,,,,,,0,0,0,1,0,5,2-year/Associate,Other
490416,J's Barber College,LA,9,3,3,2,2,-2,-2,-2,,,,,,0,0,0,1,0,5,2-year/Associate,Other
490425,Ann Webb Skin Institute,TX,9,3,3,2,1,-2,-2,-2,,,,,,0,0,0,1,0,5,2-year/Associate,Other
490434,Apex Academy Hair Skin Nails School of Cosmetology,OH,9,3,3,2,2,-2,-2,-2,,,,,,0,0,0,1,0,5,2-year/Associate,Other
490443,The Esthetic Institute,VA,9,3,3,2,1,-2,-2,-2,,,,,,0,0,0,1,0,5,2-year/Associate,Other
490452,Kor Beauty Academy,AZ,9,3,3,2,2,-2,-2,-2,,,,,,0,0,0,1,0,5,2-year/Associate,Other
490461,EduMed Partners,TN,9,3,3,2,1,-2,-2,-2,,,,,,0,0,0,1,0,5,2-year/Associate,Other
490470,Massage Institute of Memphis,TN,9,3,3,2,1,-2,-2,-2,,,,,,0,0,0,1,0,5,2-year/Associate,Other
490489,Metro Detroit Barber College,MI,5,2,2,2,4,-2,-2,-2,,,,,,0,0,1,0,0,5,2-year/Associate,Other
490498,Digital Media Institute,LA,5,2,2,2,3,-2,-2,-2,0.42857142857142855,70.0,,,,0,0,1,0,0,5,2-year/Associate,Other
490504,Yeshiva Ohr Naftoli,NY,2,1,2,2,5,24,24,-2,1.0,6.0,,,,1,0,1,0,0,4,Less Selective (>75% or open),Bacc/Associate
490513,Bais Medrash Mayan Hatorah,NJ,2,1,2,2,5,24,24,-2,0.425,40.0,,,,1,0,1,0,0,4,Less Selective (>75% or open),Bacc/Associate
490522,Allgood Beauty Institute,TX,9,3,3,2,2,-2,-2,-2,,,,,,0,0,0,1,0,5,2-year/Associate,Other
490531,Ray J's College of Hair,LA,9,3,3,2,2,-2,-2,-2,,,,,,0,0,0,1,0,5,2-year/Associate,Other
490559,Gwinnett Institute,FL,3,1,3,2,5,10,10,-2,,,,,,1,0,0,1,0,4,Less Selective (>75% or open),Associate / CC
490601,Kansas City University,MO,2,1,2,2,9,-2,-2,-2,,,,,,1,0,1,0,0,4,Less Selective (>75% or open),Other
490674,Manuel and Theresa's School of Hair Design,TX,9,3,3,2,2,-2,-2,-2,,,,,,0,0,0,1,0,5,2-year/Associate,Other
490692,Cincinnati School of Barbering & Hair Design,OH,6,2,3,2,4,-2,-2,-2,,,,,,0,0,0,1,0,5,2-year/Associate,Other
490717,L Makeup Institute,NV,9,3,3,2,2,-2,-2,-2,,,,,,0,0,0,1,0,5,2-year/Associate,Other
490735,Peloton College,TX,9,3,3,2,2,-2,-2,-2,,,,,,0,0,0,1,0,5,2-year/Associate,Other
490744,Northern Technical College,AR,9,3,3,2,2,-2,-2,-2,,,,,,0,0,0,1,0,5,2-year/Associate,Other
490753,Maine Media College,ME,2,1,2,2,7,30,-2,-2,,,,,,1,0,1,0,0,4,Less Selective (>75% or open),Special Focus
490805,Purdue University Northwest,IN,1,1,1,2,9,18,18,21,0.7282186948853615,5670.0,590.0,580.0,24.0,1,1,0,0,0,3,Moderately Selective (50-75%),Master's University
490814,Ross Medical Education Center-Portage,MI,9,3,3,2,2,-2,-2,-2,,,,,,0,0,0,1,0,5,2-year/Associate,Other
490832,Ross College-Canton,OH,6,2,3,2,3,7,10,-2,,,,,,0,0,0,1,0,5,2-year/Associate,Associate / CC
490841,Ross College-Grand Rapids North,MI,6,2,3,2,3,-2,-2,-2,,,,,,0,0,0,1,0,5,2-year/Associate,Other
490869,American Institute-Somerset,NJ,6,2,3,2,4,-2,-2,-2,,,,,,0,0,0,1,0,5,2-year/Associate,Other
490878,Platt College-Anaheim,CA,3,1,3,2,5,23,-2,-2,,,,,,1,0,0,1,0,4,Less Selective (>75% or open),Bacc Diverse Fields
490896,Advantage Career Institute,NJ,9,3,3,2,1,-2,-2,-2,,,,,,0,0,0,1,0,5,2-year/Associate,Other
490948,Bull City Durham Beauty and Barber College,NC,9,3,3,2,2,-2,-2,-2,,,,,,0,0,0,1,0,5,2-year/Associate,Other
490975,Fortis College-Cutler Bay,FL,6,2,3,2,3,10,10,-2,,,,,,0,0,0,1,0,5,2-year/Associate,Associate / CC
491057,Yeshiva Kollel Tifereth Elizer,NY,2,1,2,2,5,24,24,-2,0.8235294117647058,34.0,,,,1,0,1,0,0,4,Less Selective (>75% or open),Bacc/Associate
491066,Strand Institute of Beauty & Esthetics,TX,9,3,3,2,2,-2,-2,-2,,,,,,0,0,0,1,0,5,2-year/Associate,Other
491075,Arkansas Welding Academy,AR,9,3,3,2,2,-2,-2,-2,,,,,,0,0,0,1,0,5,2-year/Associate,Other
491084,Unitech Training Academy-Baton Rouge,LA,9,3,3,2,2,-2,-2,-2,,,,,,0,0,0,1,0,5,2-year/Associate,Other
491136,Empire Beauty School-Tampa,FL,9,3,3,2,2,-2,-2,-2,,,,,,0,0,0,1,0,5,2-year/Associate,Other
491145,Empire Beauty School-Lakeland,FL,9,3,3,2,2,-2,-2,-2,,,,,,0,0,0,1,0,5,2-year/Associate,Other
491181,Galen College of Nursing-ARH,KY,6,2,3,2,3,10,-2,-2,,,,,,0,0,0,1,0,5,2-year/Associate,Associate / CC
491190,The Chicago School at San Diego,CA,2,1,2,2,9,26,-2,-2,1.0,1.0,,,,1,0,1,0,0,4,Less Selective (>75% or open),Mixed Spec-Focus
491215,Commercial Divers International,AZ,9,3,3,2,1,-2,-2,-2,,,,,,0,0,0,1,0,5,2-year/Associate,Other
491224,Tricoci University of Beauty Culture-Janesville,WI,9,3,3,2,2,-2,-2,-2,,,,,,0,0,0,1,0,5,2-year/Associate,Other
491233,Unlimited Cosmetology School,MS,9,3,3,2,2,-2,-2,-2,,,,,,0,0,0,1,0,5,2-year/Associate,Other
491242,Johnny Matthew's Hairdressing Training School,OR,9,3,3,2,2,-2,-2,-2,,,,,,0,0,0,1,0,5,2-year/Associate,Other
491251,The Culinary School of Fort Worth,TX,9,3,3,2,2,-2,-2,-2,1.0,35.0,,,,0,0,0,1,0,5,2-year/Associate,Other
491260,Centralia Beauty College,WA,9,3,3,2,2,-2,-2,-2,,,,,,0,0,0,1,0,5,2-year/Associate,Other
491288,University of Wisconsin-Milwaukee Flex,WI,1,1,1,2,5,22,22,-2,0.375,8.0,,,,1,1,0,0,0,4,Less Selective (>75% or open),Bacc Diverse Fields
491297,University of Wisconsin-Parkside Flex,WI,1,1,1,2,5,29,-2,-2,0.0,1.0,,,,1,1,0,0,0,4,Less Selective (>75% or open),Other
491394,Miller-Motte College-STVT-Arlington,TX,9,3,3,2,2,-2,-2,-2,,,,,,0,0,0,1,0,5,2-year/Associate,Other
491446,Bnos Zion Of Bobov Seminary,NY,5,2,2,2,3,13,-2,-2,0.9090909090909091,143.0,,,,0,0,1,0,0,5,2-year/Associate,Associate / CC
491464,ABC Adult School,CA,7,3,1,2,2,-2,-2,-2,,,,,,0,1,0,0,0,5,2-year/Associate,Other
491473,Polytech Adult Education,DE,7,3,1,2,2,-2,-2,-2,,,,,,0,1,0,0,0,5,2-year/Associate,Other
491507,California Institute of Medical Science,CA,9,3,3,2,1,-2,-2,-2,,,,,,0,0,0,1,0,5,2-year/Associate,Other
491525,Union Bible College,IN,2,1,2,2,5,24,-2,-2,0.8909090909090909,55.0,,,,1,0,1,0,0,4,Less Selective (>75% or open),Bacc/Associate
491534,Pets Playground Grooming School,FL,9,3,3,2,1,-2,-2,-2,,,,,,0,0,0,1,0,5,2-year/Associate,Other
491543,San Bernardino Beauty College,CA,9,3,3,2,2,-2,-2,-2,,,,,,0,0,0,1,0,5,2-year/Associate,Other
491552,Christina and Company Education Center,IN,9,3,3,2,2,-2,-2,-2,,,,,,0,0,0,1,0,5,2-year/Associate,Other
491570,Institute of Medical Ultrasound,GA,9,3,3,2,2,-2,-2,-2,,,,,,0,0,0,1,0,5,2-year/Associate,Other
491589,Mystros Barber Academy,TX,8,3,2,2,2,-2,-2,-2,,,,,,0,0,1,0,0,5,2-year/Associate,Other
491598,European Medical School of Massage,PA,9,3,3,2,1,-2,-2,-2,,,,,,0,0,0,1,0,5,2-year/Associate,Other
491613,Yeshiva Gedolah Tiferes Boruch,NJ,2,1,2,2,5,-2,-2,-2,0.8636363636363636,22.0,,,,1,0,1,0,0,4,Less Selective (>75% or open),Other
491622,Yeshiva Chemdas Hatorah,NJ,2,1,2,2,5,24,-2,-2,0.5555555555555556,27.0,,,,1,0,1,0,0,4,Less Selective (>75% or open),Bacc/Associate
491631,Women's Institute of Torah Seminary and College,MD,2,1,2,2,5,24,-2,-2,1.0,55.0,,,,1,0,1,0,0,4,Less Selective (>75% or open),Bacc/Associate
491640,Yeshiva Gedolah Keren Hatorah,NJ,2,1,2,2,5,13,-2,-2,1.0,41.0,,,,1,0,1,0,0,4,Less Selective (>75% or open),Associate / CC
491659,ICOHS College,CA,5,2,2,2,3,-2,-2,-2,,,,,,0,0,1,0,0,5,2-year/Associate,Other
491668,Neo-Esthetique European Institute,PR,9,3,3,2,2,-2,-2,-2,,,,,,0,0,0,1,0,5,2-year/Associate,Other
491677,Lehigh Valley Barber School,PA,9,3,3,2,2,-2,-2,-2,,,,,,0,0,0,1,0,5,2-year/Associate,Other
491686,International Barber College,AZ,9,3,3,2,2,-2,-2,-2,,,,,,0,0,0,1,0,5,2-year/Associate,Other
491695,Brown Beauty Barber School,AL,9,3,3,2,2,-2,-2,-2,,,,,,0,0,0,1,0,5,2-year/Associate,Other
491701,Rexburg College of Massage Therapy,ID,9,3,3,2,1,-2,-2,-2,,,,,,0,0,0,1,0,5,2-year/Associate,Other
491710,Yeshiva Gedolah of Cliffwood,NJ,2,1,2,2,5,24,-2,-2,0.5,30.0,,,,1,0,1,0,0,4,Less Selective (>75% or open),Bacc/Associate
491729,Goshen School of Cosmetology,MS,9,3,3,2,2,-2,-2,-2,,,,,,0,0,0,1,0,5,2-year/Associate,Other
491738,IBS School of Cosmetology and Massage,HI,6,2,3,2,4,-2,-2,-2,,,,,,0,0,0,1,0,5,2-year/Associate,Other
491747,UR Beauty & Barber Academy,FL,9,3,3,2,2,-2,-2,-2,,,,,,0,0,0,1,0,5,2-year/Associate,Other
491756,Urban Barber College,CA,9,3,3,2,2,-2,-2,-2,,,,,,0,0,0,1,0,5,2-year/Associate,Other
491765,Yeshivas Emek Hatorah,NJ,2,1,2,2,5,-2,-2,-2,1.0,23.0,,,,1,0,1,0,0,4,Less Selective (>75% or open),Other
491774,Transitions Career Institute School of Nursing,NY,9,3,3,2,2,-2,-2,-2,,,,,,0,0,0,1,0,5,2-year/Associate,Other
491783,Wilton Simpson Technical College,FL,7,3,1,2,2,-2,-2,-2,,,,,,0,1,0,0,0,5,2-year/Associate,Other
491792,Stacey James Institute,CO,9,3,3,2,2,-2,-2,-2,,,,,,0,0,0,1,0,5,2-year/Associate,Other
491808,Meridian University,CA,3,1,3,2,9,26,-2,-2,,,,,,1,0,0,1,0,4,Less Selective (>75% or open),Mixed Spec-Focus
491817,Seminary Bnos Chaim,NJ,5,2,2,2,3,13,-2,-2,0.4791666666666667,384.0,,,,0,0,1,0,0,5,2-year/Associate,Associate / CC
491826,"Avenue Academy, A Cosmetology Institute",NM,9,3,3,2,2,-2,-2,-2,,,,,,0,0,0,1,0,5,2-year/Associate,Other
491835,Salon Professional Academy of San Antonio,TX,9,3,3,2,2,-2,-2,-2,,,,,,0,0,0,1,0,5,2-year/Associate,Other
491844,Red Lake Nation College,MN,4,2,1,2,3,33,-2,-2,,,,,,0,1,0,0,0,5,2-year/Associate,Tribal
491853,Princess Institute of Beauty,CA,9,3,3,2,2,-2,-2,-2,,,,,,0,0,0,1,0,5,2-year/Associate,Other
491871,Vogue International Academy,TX,9,3,3,2,2,-2,-2,-2,,,,,,0,0,0,1,0,5,2-year/Associate,Other
491880,Independent Training & Apprenticeship Program,CA,9,3,3,2,2,-2,-2,-2,,,,,,0,0,0,1,0,5,2-year/Associate,Other
491899,Victory Career College,CA,9,3,3,2,2,-2,-2,-2,,,,,,0,0,0,1,0,5,2-year/Associate,Other
491905,Winonah's International School of Cosmetology,AL,9,3,3,2,2,-2,-2,-2,,,,,,0,0,0,1,0,5,2-year/Associate,Other
491914,Yeshiva Gedola Tiferes Yerachmiel,NJ,2,1,2,2,5,13,-2,-2,0.2926829268292683,82.0,,,,1,0,1,0,0,4,Less Selective (>75% or open),Associate / CC
491923,Southeastern Esthetics Institute,SC,9,3,3,2,1,-2,-2,-2,,,,,,0,0,0,1,0,5,2-year/Associate,Other
491932,Installer Institute,FL,9,3,3,2,2,-2,-2,-2,,,,,,0,0,0,1,0,5,2-year/Associate,Other
491941,Caris College,IN,6,2,3,2,3,10,-2,-2,,,,,,0,0,0,1,0,5,2-year/Associate,Associate / CC
491950,Contra Costa Medical Career College,CA,6,2,3,2,4,-2,-2,-2,,,,,,0,0,0,1,0,5,2-year/Associate,Other
491978,Another Level Barbering and Cosmetology School,VA,9,3,3,2,2,-2,-2,-2,,,,,,0,0,0,1,0,5,2-year/Associate,Other
491996,The Salon Professional Academy-Georgetown,TX,9,3,3,2,2,-2,-2,-2,,,,,,0,0,0,1,0,5,2-year/Associate,Other
492005,Elite Academy of Hair Design,OH,9,3,3,2,2,-2,-2,-2,,,,,,0,0,0,1,0,5,2-year/Associate,Other
492023,Americare Technical School,IL,9,3,3,2,2,-2,-2,-2,,,,,,0,0,0,1,0,5,2-year/Associate,Other
492069,Champion Christian College,AR,2,1,2,2,5,23,-2,-2,,,,,,1,0,1,0,0,4,Less Selective (>75% or open),Bacc Diverse Fields
492078,Chicago Professional Center,IL,9,3,3,2,1,-2,-2,-2,,,,,,0,0,0,1,0,5,2-year/Associate,Other
492087,The Continents States University,MO,2,1,2,2,7,-2,-2,-2,,,,,,1,0,1,0,0,4,Less Selective (>75% or open),Other
492096,D&S School of Cosmetology,MI,9,3,3,2,2,-2,-2,-2,,,,,,0,0,0,1,0,5,2-year/Associate,Other
492139,DSDT,MI,9,3,3,2,1,-2,-2,-2,,,,,,0,0,0,1,0,5,2-year/Associate,Other
492148,Elite Beauty College,OK,9,3,3,2,2,-2,-2,-2,,,,,,0,0,0,1,0,5,2-year/Associate,Other
492209,Reiss-Davis Graduate School,CA,2,1,2,2,9,-2,-2,-2,,,,,,1,0,1,0,0,4,Less Selective (>75% or open),Other
492263,The University of Tennessee System Office,TN,0,1,1,2,9,-2,-2,-2,,,,,,1,1,0,0,0,4,Less Selective (>75% or open),Other
492281,GoodFellas Barber College,AR,9,3,3,2,2,-2,-2,-2,,,,,,0,0,0,1,0,5,2-year/Associate,Other
492306,Escondido Adult School,CA,7,3,1,2,1,-2,-2,-2,,,,,,0,1,0,0,0,5,2-year/Associate,Other
492315,Poway Adult School,CA,7,3,1,2,1,-2,-2,-2,,,,,,0,1,0,0,0,5,2-year/Associate,Other
492324,Vista Adult School,CA,7,3,1,2,1,-2,-2,-2,,,,,,0,1,0,0,0,5,2-year/Associate,Other
492360,The Salon Professional Academy-Delray Beach,FL,9,3,3,2,2,-2,-2,-2,,,,,,0,0,0,1,0,5,2-year/Associate,Other
492421,No Grease Barber School,NC,9,3,3,2,2,-2,-2,-2,,,,,,0,0,0,1,0,5,2-year/Associate,Other
492449,Pima Medical Institute-San Marcos,CA,6,2,3,2,3,10,-2,-2,,,,,,0,0,0,1,0,5,2-year/Associate,Associate / CC
492476,EDP University of Puerto Rico-Villalba,PR,2,1,2,2,5,13,-2,-2,0.9468085106382979,94.0,,,,1,0,1,0,0,4,Less Selective (>75% or open),Associate / CC
492607,The Chicago School at Dallas,TX,2,1,2,2,9,26,-2,-2,0.0,3.0,,,,1,0,1,0,0,4,Less Selective (>75% or open),Mixed Spec-Focus
492643,American Massage & Bodywork Institute,VA,9,3,3,2,1,-2,-2,-2,,,,,,0,0,0,1,0,5,2-year/Associate,Other
492652,KCK Beauty & Barber Academy,FL,9,3,3,2,2,-2,-2,-2,,,,,,0,0,0,1,0,5,2-year/Associate,Other
492661,California College of Barbering and Cosmetology,CA,9,3,3,2,2,-2,-2,-2,,,,,,0,0,0,1,0,5,2-year/Associate,Other
492689,Texas Tech University Health Sciences Center-El Paso,TX,1,1,1,2,9,25,-2,-2,,,,,,1,1,0,0,0,4,Less Selective (>75% or open),Bacc/Associate
492704,Ponce Health Sciences University-Centro Universitario de San Juan,PR,3,1,3,2,9,26,-2,-2,,,,,,1,0,0,1,0,4,Less Selective (>75% or open),Mixed Spec-Focus
492722,The College of Health Care Professions-South San Antonio,TX,6,2,3,2,3,10,-2,-2,,,,,,0,0,0,1,0,5,2-year/Associate,Associate / CC
492731,Innovate Salon Academy,NJ,9,3,3,2,2,-2,-2,-2,,,,,,0,0,0,1,0,5,2-year/Associate,Other
492759,Chamberlain University-Louisiana,LA,3,1,3,2,5,-2,-2,-2,0.8,5.0,,,,1,0,0,1,0,4,Less Selective (>75% or open),Other
492801,Drury University-College of Continuing Professional Studies,MO,2,1,2,2,5,22,-2,-2,,,,,,1,0,1,0,0,4,Less Selective (>75% or open),Bacc Diverse Fields
492935,Global Medical & Technical Training Institute,FL,9,3,3,2,2,-2,-2,-2,,,,,,0,0,0,1,0,5,2-year/Associate,Other
492953,Salon Success Academy-West Covina,CA,9,3,3,2,2,-2,-2,-2,,,,,,0,0,0,1,0,5,2-year/Associate,Other
492962,Indiana Institute of Technology-College of Professional Studies,IN,2,1,2,2,5,22,-2,-2,,,,,,1,0,1,0,0,4,Less Selective (>75% or open),Bacc Diverse Fields
493071,Advantage Technical College,PR,9,3,3,2,2,-2,-2,-2,,,,,,0,0,0,1,0,5,2-year/Associate,Other
493080,Institute of Culinary Education,CA,6,2,3,2,3,-2,-2,-2,,,,,,0,0,0,1,0,5,2-year/Associate,Other
493132,Universal Technical Institute-Bloomfield,NJ,6,2,3,2,4,-2,-2,-2,,,,,,0,0,0,1,0,5,2-year/Associate,Other
493150,Gould's Academy,TN,9,3,3,2,2,-2,-2,-2,,,,,,0,0,0,1,0,5,2-year/Associate,Other
493363,Institute of Lutheran Theology,SD,2,1,2,2,9,-2,-2,-2,,,,,,1,0,1,0,0,4,Less Selective (>75% or open),Other
493372,Urban Academy of Beauty,NM,9,3,3,2,2,-2,-2,-2,,,,,,0,0,0,1,0,5,2-year/Associate,Other
493451,WellSpring School of Allied Health-Springfield,MO,6,2,3,2,3,-2,-2,-2,,,,,,0,0,0,1,0,5,2-year/Associate,Other
493479,Medical Career College of Northern California,CA,9,3,3,2,2,-2,-2,-2,0.6666666666666666,18.0,,,,0,0,0,1,0,5,2-year/Associate,Other
493488,Premiere International College,FL,6,2,3,2,3,-2,-2,-2,,,,,,0,0,0,1,0,5,2-year/Associate,Other
493512,San Diego Global Knowledge University,CA,3,1,3,2,7,29,-2,-2,,,,,,1,0,0,1,0,4,Less Selective (>75% or open),Other
493521,Global Tech College,OH,6,2,3,2,3,-2,-2,-2,,,,,,0,0,0,1,0,5,2-year/Associate,Other
493530,Crown Cutz Academy Bristol,VA,9,3,3,2,2,-2,-2,-2,,,,,,0,0,0,1,0,5,2-year/Associate,Other
493549,MCI,TX,9,3,3,2,2,-2,-2,-2,,,,,,0,0,0,1,0,5,2-year/Associate,Other
493558,Central Pennsylvania Diesel Institute,PA,9,3,3,2,1,-2,-2,-2,,,,,,0,0,0,1,0,5,2-year/Associate,Other
493567,Bellasa Professional Institute,FL,9,3,3,2,2,-2,-2,-2,,,,,,0,0,0,1,0,5,2-year/Associate,Other
493576,PMCA Pittsburgh Multicultural Cosmetology Academy,PA,9,3,3,2,2,-2,-2,-2,,,,,,0,0,0,1,0,5,2-year/Associate,Other
493585,Health and Technology Training Institute,PA,8,3,2,2,2,-2,-2,-2,,,,,,0,0,1,0,0,5,2-year/Associate,Other
493594,Yeshiva of Ocean,NY,2,1,2,2,5,24,-2,-2,0.64,25.0,,,,1,0,1,0,0,4,Less Selective (>75% or open),Bacc/Associate
493600,Congregation Talmidei Mesivta Tiferes Shmiel Aleksander,NY,2,1,2,2,5,24,-2,-2,,,,,,1,0,1,0,0,4,Less Selective (>75% or open),Bacc/Associate
493619,Young Americans College of the Performing Arts,CA,5,2,2,2,3,12,-2,-2,0.4,35.0,,,,0,0,1,0,0,5,2-year/Associate,Associate / CC
493628,Pro Beauty Academy,NJ,9,3,3,2,2,-2,-2,-2,,,,,,0,0,0,1,0,5,2-year/Associate,Other
493637,South Eastern Beauty Academy,KY,9,3,3,2,2,-2,-2,-2,,,,,,0,0,0,1,0,5,2-year/Associate,Other
493646,Ohel Margulia Seminary,NY,5,2,2,2,3,13,-2,-2,0.9578313253012049,166.0,,,,0,0,1,0,0,5,2-year/Associate,Associate / CC
493655,Montana Barber Institute,TX,9,3,3,2,2,-2,-2,-2,,,,,,0,0,0,1,0,5,2-year/Associate,Other
493664,Yeshivat Hechal Shemuel,NY,2,1,2,2,5,24,-2,-2,1.0,7.0,,,,1,0,1,0,0,4,Less Selective (>75% or open),Bacc/Associate
493673,Professional University Dr. Carlos J. Borrero Rios,PR,3,1,3,2,9,26,-2,-2,,,,,,1,0,0,1,0,4,Less Selective (>75% or open),Mixed Spec-Focus
493682,American Institute of Healthcare & Technology,CT,6,2,3,2,4,-2,-2,-2,,,,,,0,0,0,1,0,5,2-year/Associate,Other
493691,Premier Academy of Cosmetology,OK,9,3,3,2,2,-2,-2,-2,,,,,,0,0,0,1,0,5,2-year/Associate,Other
493707,Yeshiva Gedolah of Woodlake Village,NJ,2,1,2,2,5,24,-2,-2,0.8333333333333334,36.0,,,,1,0,1,0,0,4,Less Selective (>75% or open),Bacc/Associate
493716,Yeshiva Gedola Tiferes Yaakov Yitzchok,NJ,2,1,2,2,5,24,-2,-2,0.625,40.0,,,,1,0,1,0,0,4,Less Selective (>75% or open),Bacc/Associate
493743,Houston Barber School,TX,9,3,3,2,2,-2,-2,-2,,,,,,0,0,0,1,0,5,2-year/Associate,Other
493752,Health-Tech Institute of Memphis,TN,9,3,3,2,2,-2,-2,-2,,,,,,0,0,0,1,0,5,2-year/Associate,Other
493761,MIXED Institute of Cosmetology & Barber,CA,9,3,3,2,2,-2,-2,-2,,,,,,0,0,0,1,0,5,2-year/Associate,Other
493770,Vski Cosmetology School,SC,8,3,2,2,2,-2,-2,-2,,,,,,0,0,1,0,0,5,2-year/Associate,Other
493798,New York Seminary,NY,5,2,2,2,3,-2,-2,-2,0.7591623036649214,191.0,,,,0,0,1,0,0,5,2-year/Associate,Other
493804,Deluxe Barber College,TX,9,3,3,2,2,-2,-2,-2,,,,,,0,0,0,1,0,5,2-year/Associate,Other
493813,Falcon Institute of Health and Science,PA,9,3,3,2,2,-2,-2,-2,1.0,162.0,,,,0,0,0,1,0,5,2-year/Associate,Other
493822,College Unbound,RI,2,1,2,2,5,32,-2,-2,,,,,,1,0,1,0,0,4,Less Selective (>75% or open),Special Focus
493831,Midwest Barber College,KS,9,3,3,2,2,-2,-2,-2,,,,,,0,0,0,1,0,5,2-year/Associate,Other
493868,A Better U Beauty Barber Academy,NM,9,3,3,2,2,-2,-2,-2,,,,,,0,0,0,1,0,5,2-year/Associate,Other
493895,SANS Technology Institute,MD,3,1,3,2,7,28,-2,-2,,,,,,1,0,0,1,0,4,Less Selective (>75% or open),Other
493910,Tuana European Beauty Academy,CO,9,3,3,2,2,-2,-2,-2,,,,,,0,0,0,1,0,5,2-year/Associate,Other
493947,Idaho College of Osteopathic Medicine,ID,3,1,3,2,9,-2,-2,-2,,,,,,1,0,0,1,0,4,Less Selective (>75% or open),Other
493956,Cal Northern School of Law,CA,3,1,3,2,9,-2,-2,-2,,,,,,1,0,0,1,0,4,Less Selective (>75% or open),Other
493974,College of Athens,GA,2,1,2,2,7,-2,-2,-2,,,,,,1,0,1,0,0,4,Less Selective (>75% or open),Other
493992,Southern Careers Institute-Waco,TX,6,2,3,2,3,-2,-2,-2,,,,,,0,0,0,1,0,5,2-year/Associate,Other
494001,Elevate Salon Institute,NC,9,3,3,2,2,-2,-2,-2,,,,,,0,0,0,1,0,5,2-year/Associate,Other
494010,Ponce Health Sciences University-St Louis,MO,3,1,3,2,9,26,-2,-2,,,,,,1,0,0,1,0,4,Less Selective (>75% or open),Mixed Spec-Focus
494029,Lil Lou's Beauty and Barber College-Hammond,IN,9,3,3,2,2,-2,-2,-2,,,,,,0,0,0,1,0,5,2-year/Associate,Other
494162,Arizona College of Nursing-Dallas,TX,3,1,3,2,5,-2,-2,-2,1.0,52.0,,,,1,0,0,1,0,4,Less Selective (>75% or open),Other
494232,The Salon Professional Academy-Washington DC,DC,9,3,3,2,2,-2,-2,-2,,,,,,0,0,0,1,0,5,2-year/Associate,Other
494250,Valley College-Cleveland,OH,6,2,3,2,3,-2,-2,-2,,,,,,0,0,0,1,0,5,2-year/Associate,Other
494278,EDP University of Puerto Rico-Humacao,PR,2,1,2,2,5,13,-2,-2,0.5757575757575758,99.0,,,,1,0,1,0,0,4,Less Selective (>75% or open),Associate / CC
494287,EDP University of Puerto Rico-Manati,PR,2,1,2,2,5,26,-2,-2,0.8,85.0,,,,1,0,1,0,0,4,Less Selective (>75% or open),Mixed Spec-Focus
494357,UEI College-Sacramento,CA,9,3,3,2,2,-2,-2,-2,,,,,,0,0,0,1,0,5,2-year/Associate,Other
494436,Fortis Institute-Cookeville,TN,6,2,3,2,3,10,-2,-2,,,,,,0,0,0,1,0,5,2-year/Associate,Associate / CC
494463,Derech Hachaim Seminary,NY,5,2,2,2,4,-2,-2,-2,0.923728813559322,236.0,,,,0,0,1,0,0,5,2-year/Associate,Other
494472,Evvaylois Academy School of Beauty,TX,8,3,2,2,2,-2,-2,-2,,,,,,0,0,1,0,0,5,2-year/Associate,Other
494524,Avenue Five Institute-South Austin Campus,TX,9,3,3,2,2,-2,-2,-2,,,,,,0,0,0,1,0,5,2-year/Associate,Other
494542,Sattler College,MA,2,1,2,2,5,-2,-2,-2,,,,,,1,0,1,0,0,4,Less Selective (>75% or open),Other
494551,Glasgow Caledonian New York College,NY,2,1,2,2,7,20,-2,-2,,,,,,1,0,1,0,0,4,Less Selective (>75% or open),Master's University
494588,Pima Medical Institute-San Antonio,TX,6,2,3,2,3,-2,-2,-2,,,,,,0,0,0,1,0,5,2-year/Associate,Other
494597,Faith Theological Seminary and Christian College,FL,2,1,2,2,9,-2,-2,-2,,,,,,1,0,1,0,0,4,Less Selective (>75% or open),Other
494603,The Southwestern Baptist Theological Seminary,TX,2,1,2,2,9,-2,-2,-2,0.7320261437908496,153.0,,,,1,0,1,0,0,4,Less Selective (>75% or open),Other
494621,Lotus Professional College,VA,3,1,3,2,7,-2,-2,-2,,,,,,1,0,0,1,0,4,Less Selective (>75% or open),Other
494630,Christ Mission College,TX,2,1,2,2,5,24,-2,-2,,,,,,1,0,1,0,0,4,Less Selective (>75% or open),Bacc/Associate
494649,Esteem Academy of Beauty,UT,9,3,3,2,2,-2,-2,-2,,,,,,0,0,0,1,0,5,2-year/Associate,Other
494658,KC Beauty Academy,CA,9,3,3,2,2,-2,-2,-2,,,,,,0,0,0,1,0,5,2-year/Associate,Other
494685,Urshan College,MO,2,1,2,2,5,22,-2,-2,0.8529411764705882,68.0,550.0,510.0,22.0,1,0,1,0,0,4,Less Selective (>75% or open),Bacc Diverse Fields
494694,Texas Healthtech Institute,TX,6,2,3,2,3,-2,-2,-2,,,,,,0,0,0,1,0,5,2-year/Associate,Other
494700,Xtylo Beauty College,AZ,9,3,3,2,2,-2,-2,-2,,,,,,0,0,0,1,0,5,2-year/Associate,Other
494719,Tonsorial Arts Barber College,TX,9,3,3,2,2,-2,-2,-2,,,,,,0,0,0,1,0,5,2-year/Associate,Other
494728,Michael's Barber & Hair Stylist Academy,TX,9,3,3,2,2,-2,-2,-2,,,,,,0,0,0,1,0,5,2-year/Associate,Other
494737,Yeshiva Yesoda Hatorah Vetz Chaim,NY,2,1,2,2,5,24,-2,-2,,,,,,1,0,1,0,0,4,Less Selective (>75% or open),Bacc/Associate
494746,North-West College-San Diego,CA,3,1,3,2,5,10,-2,-2,,,,,,1,0,0,1,0,4,Less Selective (>75% or open),Associate / CC
494755,West Virginia Junior College-United Career Institute,PA,6,2,3,2,3,-2,-2,-2,,,,,,0,0,0,1,0,5,2-year/Associate,Other
494764,Aviation Institute of Maintenance-Charlotte,NC,6,2,3,2,4,-2,-2,-2,,,,,,0,0,0,1,0,5,2-year/Associate,Other
494807,Ponce Health Sciences University-East,PR,3,1,3,2,9,26,-2,-2,0.44642857142857145,56.0,,,,1,0,0,1,0,4,Less Selective (>75% or open),Mixed Spec-Focus
494843,Fortis College-Landover,MD,6,2,3,2,3,10,-2,-2,,,,,,0,0,0,1,0,5,2-year/Associate,Associate / CC
494852,Stautzenberger College-Rockford Career College,IL,6,2,3,2,3,9,-2,-2,,,,,,0,0,0,1,0,5,2-year/Associate,Associate / CC
494898,WellSpring School of Allied Health-Wichita,KS,6,2,3,2,3,10,-2,-2,,,,,,0,0,0,1,0,5,2-year/Associate,Associate / CC
494904,Access Careers-Islandia,NY,9,3,3,2,2,-2,-2,-2,,,,,,0,0,0,1,0,5,2-year/Associate,Other
494959,Northern Pennsylvania Regional College,PA,4,2,1,2,3,3,-2,-2,,,,,,0,1,0,0,0,5,2-year/Associate,Associate / CC
494986,Apex College of Veterinary Technology,CO,6,2,3,2,3,13,-2,-2,,,,,,0,0,0,1,0,5,2-year/Associate,Associate / CC
494995,Meryma'at Barber College,OH,6,2,3,2,4,-2,-2,-2,,,,,,0,0,0,1,0,5,2-year/Associate,Other
495013,Western Maricopa Education Center,AZ,4,2,1,2,4,-2,-2,-2,,,,,,0,1,0,0,0,5,2-year/Associate,Other
495031,Bais Medrash of Dexter Park,NY,2,1,2,2,5,24,-2,-2,1.0,15.0,,,,1,0,1,0,0,4,Less Selective (>75% or open),Bacc/Associate
495040,Makana Esthetics Wellness Academy,HI,9,3,3,2,1,-2,-2,-2,,,,,,0,0,0,1,0,5,2-year/Associate,Other
495059,Oak Valley College,CA,2,1,2,2,5,29,-2,-2,,,,,,1,0,1,0,0,4,Less Selective (>75% or open),Other
495077,Paul Mitchell the School-San Jose,CA,9,3,3,2,2,-2,-2,-2,,,,,,0,0,0,1,0,5,2-year/Associate,Other
495101,Zion Massage College,UT,9,3,3,2,2,-2,-2,-2,,,,,,0,0,0,1,0,5,2-year/Associate,Other
495110,Great Lakes Boat Building School,MI,8,3,2,2,2,-2,-2,-2,,,,,,0,0,1,0,0,5,2-year/Associate,Other
495129,Austin Career Institute,TX,9,3,3,2,1,-2,-2,-2,,,,,,0,0,0,1,0,5,2-year/Associate,Other
495138,Professional Culinary Academy,NY,9,3,3,2,1,-2,-2,-2,,,,,,0,0,0,1,0,5,2-year/Associate,Other
495147,Pacific Northwest Christian College,WA,5,2,2,2,3,-2,-2,-2,,,,,,0,0,1,0,0,5,2-year/Associate,Other
495165,Royal Learning Institute,NY,9,3,3,2,2,-2,-2,-2,,,,,,0,0,0,1,0,5,2-year/Associate,Other
495174,Hollywood Cultural College,CA,9,3,3,2,2,-2,-2,-2,,,,,,0,0,0,1,0,5,2-year/Associate,Other
495183,Mariano Moreno Culinary Institute,FL,6,2,3,2,3,-2,-2,-2,,,,,,0,0,0,1,0,5,2-year/Associate,Other
495192,Alder Graduate School of Education,CA,2,1,2,2,7,-2,-2,-2,,,,,,1,0,1,0,0,4,Less Selective (>75% or open),Other
495208,Webb's Barber School of Arts,GA,9,3,3,2,2,-2,-2,-2,,,,,,0,0,0,1,0,5,2-year/Associate,Other
495217,Adrian H. Wallace Barber Academy,FL,9,3,3,2,2,-2,-2,-2,,,,,,0,0,0,1,0,5,2-year/Associate,Other
495226,St. Louis Med Tech,MO,8,3,2,2,1,-2,-2,-2,,,,,,0,0,1,0,0,5,2-year/Associate,Other
495235,Total Beauty Institute,FL,8,3,2,2,2,-2,-2,-2,,,,,,0,0,1,0,0,5,2-year/Associate,Other
495244,Pearlands Innovative School of Beauty,TX,9,3,3,2,2,-2,-2,-2,,,,,,0,0,0,1,0,5,2-year/Associate,Other
495253,Durant Institute of Hair Design,OK,9,3,3,2,2,-2,-2,-2,,,,,,0,0,0,1,0,5,2-year/Associate,Other
495262,Premiere Aesthetics Institute,OR,9,3,3,2,1,-2,-2,-2,,,,,,0,0,0,1,0,5,2-year/Associate,Other
495271,California Indian Nations College,CA,4,2,1,2,3,3,-2,-2,,,,,,0,1,0,0,0,5,2-year/Associate,Associate / CC
495280,Indian Bible College,AZ,2,1,2,2,5,13,-2,-2,,,,,,1,0,1,0,0,4,Less Selective (>75% or open),Associate / CC
495299,Florida Professional Institute,FL,9,3,3,2,1,-2,-2,-2,,,,,,0,0,0,1,0,5,2-year/Associate,Other
495305,The Professional Cosmetology Academy,TX,9,3,3,2,2,-2,-2,-2,,,,,,0,0,0,1,0,5,2-year/Associate,Other
495314,Hackensack Meridian School of Medicine,NJ,2,1,2,2,9,-2,-2,-2,,,,,,1,0,1,0,0,4,Less Selective (>75% or open),Other
495341,Taylor Andrews Academy of Hair Design-Hair Lab Detroit Barber School,MI,6,2,3,2,4,-2,-2,-2,,,,,,0,0,0,1,0,5,2-year/Associate,Other
495350,Paul Mitchell the School-North Tahoe,CA,9,3,3,2,2,-2,-2,-2,,,,,,0,0,0,1,0,5,2-year/Associate,Other
495369,Paul Mitchell the School-Fort Lauderdale,FL,9,3,3,2,2,-2,-2,-2,,,,,,0,0,0,1,0,5,2-year/Associate,Other
495378,PCI Academy-Iowa City,IA,6,2,3,2,4,-2,-2,-2,,,,,,0,0,0,1,0,5,2-year/Associate,Other
495387,Larry's Barber College,IL,9,3,3,2,2,-2,-2,-2,,,,,,0,0,0,1,0,5,2-year/Associate,Other
495396,Royal Learning Institute,NY,9,3,3,2,2,-2,-2,-2,,,,,,0,0,0,1,0,5,2-year/Associate,Other
495411,Paul Mitchell the School-Provo,UT,9,3,3,2,2,-2,-2,-2,,,,,,0,0,0,1,0,5,2-year/Associate,Other
495420,Arizona College of Nursing-Tampa,FL,3,1,3,2,5,-2,-2,-2,1.0,19.0,,,,1,0,0,1,0,4,Less Selective (>75% or open),Other
495439,Arizona College of Nursing-Fort Lauderdale,FL,3,1,3,2,5,-2,-2,-2,1.0,60.0,,,,1,0,0,1,0,4,Less Selective (>75% or open),Other
495448,Arizona College of Nursing-Tucson,AZ,3,1,3,2,5,-2,-2,-2,1.0,14.0,,,,1,0,0,1,0,4,Less Selective (>75% or open),Other
495457,Arizona College of Nursing-Phoenix,AZ,3,1,3,2,5,-2,-2,-2,1.0,28.0,,,,1,0,0,1,0,4,Less Selective (>75% or open),Other
495518,Empire Beauty School-Newport News,VA,9,3,3,2,2,-2,-2,-2,,,,,,0,0,0,1,0,5,2-year/Associate,Other
495730,Tricoci University of Beauty Culture-Normal,IL,9,3,3,2,2,-2,-2,-2,,,,,,0,0,0,1,0,5,2-year/Associate,Other
495776,Elite Welding Academy,TX,9,3,3,2,2,-2,-2,-2,,,,,,0,0,0,1,0,5,2-year/Associate,Other
495794,Paul Mitchell the School-Murfreesboro-Nashville,TN,9,3,3,2,2,-2,-2,-2,,,,,,0,0,0,1,0,5,2-year/Associate,Other
495837,Dorsey College-Woodhaven,MI,9,3,3,2,2,-2,-2,-2,,,,,,0,0,0,1,0,5,2-year/Associate,Other
495916,Pathways College,AZ,2,1,2,2,5,-2,-2,-2,,,,,,1,0,1,0,0,4,Less Selective (>75% or open),Other
495925,San Joaquin Valley College-Madera,CA,9,3,3,2,2,-2,-2,-2,,,,,,0,0,0,1,0,5,2-year/Associate,Other
495934,San Joaquin Valley College-Delano,CA,9,3,3,2,2,-2,-2,-2,,,,,,0,0,0,1,0,5,2-year/Associate,Other
495943,San Joaquin Valley College-Atascadero,CA,9,3,3,2,2,-2,-2,-2,,,,,,0,0,0,1,0,5,2-year/Associate,Other
495952,San Joaquin Valley College-Rancho Mirage,CA,6,2,3,2,4,-2,-2,-2,,,,,,0,0,0,1,0,5,2-year/Associate,Other
495961,San Joaquin Valley College-Santa Maria,CA,6,2,3,2,3,-2,-2,-2,,,,,,0,0,0,1,0,5,2-year/Associate,Other
495970,Advantage Technical College-Aguadilla,PR,9,3,3,2,2,-2,-2,-2,,,,,,0,0,0,1,0,5,2-year/Associate,Other
495998,San Joaquin Valley College-Porterville,CA,9,3,3,2,2,-2,-2,-2,,,,,,0,0,0,1,0,5,2-year/Associate,Other
496043,California University of Science and Medicine,CA,2,1,2,2,9,25,-2,-2,,,,,,1,0,1,0,0,4,Less Selective (>75% or open),Bacc/Associate
496052,Ruben's Five Star Academy,FL,9,3,3,2,2,-2,-2,-2,,,,,,0,0,0,1,0,5,2-year/Associate,Other
496061,Mason Anthony School of Cosmetology Arts & Sciences,OH,6,2,3,2,4,-2,-2,-2,,,,,,0,0,0,1,0,5,2-year/Associate,Other
496186,California Institute of Arts & Technology-National City,CA,3,1,3,2,5,11,-2,-2,,,,,,1,0,0,1,0,4,Less Selective (>75% or open),Associate / CC
496265,Triangle Tech-Chambersburg,PA,6,2,3,2,3,-2,-2,-2,,,,,,0,0,0,1,0,5,2-year/Associate,Other
496283,Provo College-Idaho Falls Campus,ID,3,1,3,2,7,-2,-2,-2,,,,,,1,0,0,1,0,4,Less Selective (>75% or open),Other
496326,Eagle Gate College-Boise Campus,ID,3,1,3,2,7,-2,-2,-2,,,,,,1,0,0,1,0,4,Less Selective (>75% or open),Other
496371,Elite Welding Academy South Point,OH,9,3,3,2,2,-2,-2,-2,,,,,,0,0,0,1,0,5,2-year/Associate,Other
496399,Agape College of Business and Science,CA,2,1,2,2,5,-2,-2,-2,,,,,,1,0,1,0,0,4,Less Selective (>75% or open),Other
496423,Zorganics Institute of Beauty and Wellness,WA,9,3,3,2,2,-2,-2,-2,,,,,,0,0,0,1,0,5,2-year/Associate,Other
496469,Daybreak University,CA,2,1,2,2,9,-2,-2,-2,,,,,,1,0,1,0,0,4,Less Selective (>75% or open),Other
496478,Motion Picture Institute,MI,9,3,3,2,1,-2,-2,-2,0.8888888888888888,36.0,,,,0,0,0,1,0,5,2-year/Associate,Other
496520,Zen Shiatsu Chicago,IL,9,3,3,2,1,-2,-2,-2,,,,,,0,0,0,1,0,5,2-year/Associate,Other
496539,The  Salon Professional Academy of Holland,MI,9,3,3,2,2,-2,-2,-2,,,,,,0,0,0,1,0,5,2-year/Associate,Other
496575,Dymond Designs Beauty School,MI,9,3,3,2,2,-2,-2,-2,,,,,,0,0,0,1,0,5,2-year/Associate,Other
496618,National Institute for Medical Assistant Advancement (NIMAA),CO,8,3,2,2,2,-2,-2,-2,0.450261780104712,382.0,,,,0,0,1,0,0,5,2-year/Associate,Other
496627,California Northstate University,CA,3,1,3,2,9,-2,-2,-2,0.9470899470899471,189.0,,,,1,0,0,1,0,4,Less Selective (>75% or open),Other
496636,Antigua College International,FL,3,1,3,2,5,-2,-2,-2,,,,,,1,0,0,1,0,4,Less Selective (>75% or open),Other
496645,Burlington County Institute of Technology-Adult Education,NJ,7,3,1,2,2,-2,-2,-2,,,,,,0,1,0,0,0,5,2-year/Associate,Other
496654,Sri Sai Krish Institute,CA,6,2,3,2,3,-2,-2,-2,,,,,,0,0,0,1,0,5,2-year/Associate,Other
496663,Riggins Urban Barber College,CA,9,3,3,2,2,-2,-2,-2,,,,,,0,0,0,1,0,5,2-year/Associate,Other
496672,Hair Arts Institute,OK,9,3,3,2,2,-2,-2,-2,,,,,,0,0,0,1,0,5,2-year/Associate,Other
496681,Florida Academy of Nursing,FL,3,1,3,2,5,-2,-2,-2,,0.0,,,,1,0,0,1,0,4,Less Selective (>75% or open),Other
496690,Body Wisdom Massage Therapy School,IA,9,3,3,2,2,-2,-2,-2,,,,,,0,0,0,1,0,5,2-year/Associate,Other
496706,Lakewood University,OH,2,1,2,2,7,-2,-2,-2,,,,,,1,0,1,0,0,4,Less Selective (>75% or open),Other
496715,CTK Healthcare & Career Institute,TX,9,3,3,2,2,-2,-2,-2,,,,,,0,0,0,1,0,5,2-year/Associate,Other
496724,Aesthetics Institute,MO,9,3,3,2,2,-2,-2,-2,,,,,,0,0,0,1,0,5,2-year/Associate,Other
496733,Sierra Academy of Style,NV,9,3,3,2,2,-2,-2,-2,,,,,,0,0,0,1,0,5,2-year/Associate,Other
496751,Institute of Allied Healthcare,TX,9,3,3,2,2,-2,-2,-2,,,,,,0,0,0,1,0,5,2-year/Associate,Other
496803,NewU University,DC,2,1,2,2,5,-2,-2,-2,0.904126213592233,824.0,,,,1,0,1,0,0,4,Less Selective (>75% or open),Other
496894,Branford Academy of Hair & Cosmetology-Bridgeport,CT,9,3,3,2,2,-2,-2,-2,,,,,,0,0,0,1,0,5,2-year/Associate,Other
496919,United Education Institute-Las Vegas,NV,9,3,3,2,2,-2,-2,-2,,,,,,0,0,0,1,0,5,2-year/Associate,Other
496955,UEI College-Mesa,AZ,9,3,3,2,2,-2,-2,-2,,,,,,0,0,0,1,0,5,2-year/Associate,Other
496964,Larry's Barber College-Joliet,IL,9,3,3,2,2,-2,-2,-2,,,,,,0,0,0,1,0,5,2-year/Associate,Other
496973,Herzing University-Tampa,FL,2,1,2,2,8,-2,-2,-2,0.9375,48.0,,,,1,0,1,0,0,4,Less Selective (>75% or open),Other
496991,Galen Health Institutes-Miami Campus,FL,3,1,3,2,5,-2,-2,-2,,,,,,1,0,0,1,0,4,Less Selective (>75% or open),Other
497000,Remington College-Online Dallas,TX,2,1,2,2,5,-2,-2,-2,,,,,,1,0,1,0,0,4,Less Selective (>75% or open),Other
497037,Abilene Christian University-Undergraduate Online,TX,2,1,2,2,5,-2,-2,-2,0.9914529914529915,117.0,,,,1,0,1,0,0,4,Less Selective (>75% or open),Other
497046,Madera Community College,CA,4,2,1,2,4,-2,-2,-2,,,,,,0,1,0,0,0,5,2-year/Associate,Other
497073,Ogle School Hair Skin Nails-Willowbrook,TX,9,3,3,2,2,-2,-2,-2,,,,,,0,0,0,1,0,5,2-year/Associate,Other
497107,University of Silicon Andhra,CA,2,1,2,2,7,-2,-2,-2,,,,,,1,0,1,0,0,4,Less Selective (>75% or open),Other
497116,Galen Health Institutes-Austin Campus,TX,3,1,3,2,5,-2,-2,-2,,,,,,1,0,0,1,0,4,Less Selective (>75% or open),Other
497125,Galen Health Institutes-Nashville Campus,TN,3,1,3,2,5,-2,-2,-2,,,,,,1,0,0,1,0,4,Less Selective (>75% or open),Other
497161,Ohio Business College-Dayton-Driving Academy,OH,9,3,3,2,2,-2,-2,-2,,,,,,0,0,0,1,0,5,2-year/Associate,Other
497189,The Rapha School,PA,9,3,3,2,2,-2,-2,-2,,,,,,0,0,0,1,0,5,2-year/Associate,Other
497198,Academy of Allied Health Careers,TN,9,3,3,2,1,-2,-2,-2,,,,,,0,0,0,1,0,5,2-year/Associate,Other
497204,Mei Barber School,TX,9,3,3,2,2,-2,-2,-2,,,,,,0,0,0,1,0,5,2-year/Associate,Other
497213,Great Northern University,WA,2,1,2,2,5,-2,-2,-2,0.8571428571428571,7.0,,,,1,0,1,0,0,4,Less Selective (>75% or open),Other
497222,Salon Professional Academy-Elevate Salon Institute,FL,9,3,3,2,2,-2,-2,-2,,,,,,0,0,0,1,0,5,2-year/Associate,Other
497268,Arizona College of Nursing-Salt Lake City,UT,3,1,3,2,5,-2,-2,-2,1.0,52.0,,,,1,0,0,1,0,4,Less Selective (>75% or open),Other
497277,Arizona College-Glendale,AZ,6,2,3,2,3,-2,-2,-2,,,,,,0,0,0,1,0,5,2-year/Associate,Other
497286,Universal Technical Institute-West Texas,TX,6,2,3,2,3,-2,-2,-2,,,,,,0,0,0,1,0,5,2-year/Associate,Other
497301,Avalon Institute-Las Vegas,NV,9,3,3,2,2,-2,-2,-2,,,,,,0,0,0,1,0,5,2-year/Associate,Other
497310,Medspa Academies-National Institute of Modern Aesthetics,NV,9,3,3,2,2,-2,-2,-2,,,,,,0,0,0,1,0,5,2-year/Associate,Other
497329,American Institute-Cherry Hill,NJ,9,3,3,2,2,-2,-2,-2,,,,,,0,0,0,1,0,5,2-year/Associate,Other
497338,Glendale Career College-North-West College-Bakersfield,CA,6,2,3,2,3,-2,-2,-2,,,,,,0,0,0,1,0,5,2-year/Associate,Other
497356,Barber Education Academy,TX,9,3,3,2,2,-2,-2,-2,,,,,,0,0,0,1,0,5,2-year/Associate,Other
497365,Legends Barber College,TX,9,3,3,2,2,-2,-2,-2,,,,,,0,0,0,1,0,5,2-year/Associate,Other
497374,Academia Medical Institute,OH,9,3,3,2,2,-2,-2,-2,0.5108695652173914,276.0,,,,0,0,0,1,0,5,2-year/Associate,Other
497383,Barbers Trade School,TX,9,3,3,2,2,-2,-2,-2,,,,,,0,0,0,1,0,5,2-year/Associate,Other
497392,Top of the Line Barber School,TX,9,3,3,2,2,-2,-2,-2,,,,,,0,0,0,1,0,5,2-year/Associate,Other
497408,Bridges Christian College,LA,2,1,2,2,7,-2,-2,-2,,,,,,1,0,1,0,0,4,Less Selective (>75% or open),Other
497417,Kino College,AZ,9,3,3,2,1,-2,-2,-2,,,,,,0,0,0,1,0,5,2-year/Associate,Other
497426,Salon Professional Academy,NJ,9,3,3,2,2,-2,-2,-2,,,,,,0,0,0,1,0,5,2-year/Associate,Other
497435,Southern California College of Barber and Beauty,CA,9,3,3,2,2,-2,-2,-2,,,,,,0,0,0,1,0,5,2-year/Associate,Other
497444,Hello Gorgeous Barbers Stillwater's School of Barbering,OK,9,3,3,2,2,-2,-2,-2,,,,,,0,0,0,1,0,5,2-year/Associate,Other
497453,Jackson Theological Seminary,AR,2,1,2,2,7,-2,-2,-2,,,,,,1,0,1,0,0,4,Less Selective (>75% or open),Other
497462,Redeemers University North America,TX,2,1,2,2,9,-2,-2,-2,0.958974358974359,195.0,,,,1,0,1,0,0,4,Less Selective (>75% or open),Other
497471,Personal Touch Beauty and Barber College,SC,9,3,3,2,2,-2,-2,-2,,,,,,0,0,0,1,0,5,2-year/Associate,Other
497480,Reach University,CA,2,1,2,2,7,-2,-2,-2,0.9848484848484849,66.0,,,,1,0,1,0,0,4,Less Selective (>75% or open),Other
497499,Technology Learning Center,MA,9,3,3,2,1,-2,-2,-2,,,,,,0,0,0,1,0,5,2-year/Associate,Other
497657,Hawaii Tokai International College,HI,5,2,2,2,3,-2,-2,-2,,,,,,0,0,1,0,0,5,2-year/Associate,Other
497666,California University-Silicon Valley,CA,2,1,2,2,7,-2,-2,-2,,,,,,1,0,1,0,0,4,Less Selective (>75% or open),Other
497675,Hair Academy,OH,9,3,3,2,2,-2,-2,-2,,,,,,0,0,0,1,0,5,2-year/Associate,Other
497684,Sweetwater Institute of Cosmetology,TN,9,3,3,2,2,-2,-2,-2,,,,,,0,0,0,1,0,5,2-year/Associate,Other
497693,Kansas Health Science Center,KS,2,1,2,2,9,-2,-2,-2,,,,,,1,0,1,0,0,4,Less Selective (>75% or open),Other
497718,Academy for Jewish Religion,NY,2,1,2,2,8,-2,-2,-2,,,,,,1,0,1,0,0,4,Less Selective (>75% or open),Other
497736,American College of Healthcare and Technology-Santa Ana,CA,9,3,3,2,2,-2,-2,-2,,,,,,0,0,0,1,0,5,2-year/Associate,Other
497745,Aviation Institute of Maintenance-Chicago,IL,6,2,3,2,4,-2,-2,-2,,,,,,0,0,0,1,0,5,2-year/Associate,Other
497790,Atlantis University-Florida Palms University,FL,3,1,3,2,7,-2,-2,-2,,,,,,1,0,0,1,0,4,Less Selective (>75% or open),Other
497824,Evangel University-College of Online Learning,MO,2,1,2,2,5,-2,-2,-2,0.9230769230769231,13.0,,,,1,0,1,0,0,4,Less Selective (>75% or open),Other
497833,Marian University-Ancilla,IN,2,1,2,2,5,-2,-2,-2,0.9518072289156626,332.0,,,,1,0,1,0,0,4,Less Selective (>75% or open),Other
497888,Spa Tech Institute-North Andover,MA,9,3,3,2,1,-2,-2,-2,,,,,,0,0,0,1,0,5,2-year/Associate,Other
497897,Aveda Arts & Sciences Institute Lafayette-Arlington,VA,9,3,3,2,2,-2,-2,-2,,,,,,0,0,0,1,0,5,2-year/Associate,Other
497903,Shawnee Beauty College-Academy of Cosmetology & Barbering,OK,9,3,3,2,2,-2,-2,-2,,,,,,0,0,0,1,0,5,2-year/Associate,Other
497912,Concorde Career College-Broadway,MO,9,3,3,2,1,-2,-2,-2,1.0,69.0,,,,0,0,0,1,0,5,2-year/Associate,Other
497949,United Education Institute-Stone Mountain,GA,9,3,3,2,2,-2,-2,-2,,,,,,0,0,0,1,0,5,2-year/Associate,Other
497958,UEI College-Tacoma,WA,9,3,3,2,2,-2,-2,-2,,,,,,0,0,0,1,0,5,2-year/Associate,Other
498003,Montgomery Beauty School-Baltimore Beauty & Barber School,MD,9,3,3,2,2,-2,-2,-2,,,,,,0,0,0,1,0,5,2-year/Associate,Other
498012,Commonwealth of Puerto Rico Department of Education-PRAMI,PR,4,2,1,2,4,-2,-2,-2,,,,,,0,1,0,0,0,5,2-year/Associate,Other
498030,Universal Technical Institute-South Florida Miramar,FL,6,2,3,2,4,-2,-2,-2,,,,,,0,0,0,1,0,5,2-year/Associate,Other
498049,Arizona College of Nursing-Southfield,MI,3,1,3,2,5,-2,-2,-2,1.0,70.0,,,,1,0,0,1,0,4,Less Selective (>75% or open),Other
498076,Galen Health Institutes-Sarasota,FL,3,1,3,2,5,-2,-2,-2,,,,,,1,0,0,1,0,4,Less Selective (>75% or open),Other
498085,Galen Health Institutes-Gainesville,FL,3,1,3,2,5,-2,-2,-2,,,,,,1,0,0,1,0,4,Less Selective (>75% or open),Other
498094,Galen Health Institutes-Richmond,VA,6,2,3,2,3,-2,-2,-2,,,,,,0,0,0,1,0,5,2-year/Associate,Other
498100,Galen Health Institutes-Myrtle Beach,SC,6,2,3,2,3,-2,-2,-2,,,,,,0,0,0,1,0,5,2-year/Associate,Other
498119,Galen Health Institutes-Asheville,NC,3,1,3,2,5,-2,-2,-2,,,,,,1,0,0,1,0,4,Less Selective (>75% or open),Other
498234,Larkin University,FL,2,1,2,2,9,-2,-2,-2,,,,,,1,0,1,0,0,4,Less Selective (>75% or open),Other
498243,Pathways College-Arizona,AZ,2,1,2,2,5,-2,-2,-2,,,,,,1,0,1,0,0,4,Less Selective (>75% or open),Other
498289,Pontifex University,GA,2,1,2,2,9,-2,-2,-2,,,,,,1,0,1,0,0,4,Less Selective (>75% or open),Other
498298,The Salon Professional Academy Maplewood,MN,9,3,3,2,2,-2,-2,-2,,,,,,0,0,0,1,0,5,2-year/Associate,Other
498322,Xtylo Beauty College,AZ,9,3,3,2,2,-2,-2,-2,,,,,,0,0,0,1,0,5,2-year/Associate,Other
498331,San Francisco School of Massage & Bodywork,CA,9,3,3,2,1,-2,-2,-2,,,,,,0,0,0,1,0,5,2-year/Associate,Other
498340,Chancellor Institute,FL,6,2,3,2,3,-2,-2,-2,,,,,,0,0,0,1,0,5,2-year/Associate,Other
498359,The Salon Professional Academy,PA,9,3,3,2,2,-2,-2,-2,,,,,,0,0,0,1,0,5,2-year/Associate,Other
498368,Studio 75 Hair Academy,TN,9,3,3,2,2,-2,-2,-2,,,,,,0,0,0,1,0,5,2-year/Associate,Other
498377,Commercial Diving Technologies Institute,FL,9,3,3,2,2,-2,-2,-2,,,,,,0,0,0,1,0,5,2-year/Associate,Other
498386,Boone Career and Technical Center,WV,4,2,1,2,4,-2,-2,-2,,,,,,0,1,0,0,0,5,2-year/Associate,Other
498401,Edge Academy of Beauty,KY,9,3,3,2,2,-2,-2,-2,,,,,,0,0,0,1,0,5,2-year/Associate,Other
498410,Premier Barber School,TX,9,3,3,2,2,-2,-2,-2,,,,,,0,0,0,1,0,5,2-year/Associate,Other
498447,Arizona College of Nursing-Falls Church,VA,3,1,3,2,5,-2,-2,-2,1.0,39.0,,,,1,0,0,1,0,4,Less Selective (>75% or open),Other
498456,Arizona College of Nursing-Ontario,CA,3,1,3,2,5,-2,-2,-2,1.0,43.0,,,,1,0,0,1,0,4,Less Selective (>75% or open),Other
498465,National Tractor Trailer School,AZ,9,3,3,2,1,-2,-2,-2,1.0,131.0,,,,0,0,0,1,0,5,2-year/Associate,Other
498474,Galen Health Institutes-Houston,TX,3,1,3,2,5,-2,-2,-2,,,,,,1,0,0,1,0,4,Less Selective (>75% or open),Other
498483,Galen Health Institutes-Pikeville,KY,6,2,3,2,3,-2,-2,-2,,,,,,0,0,0,1,0,5,2-year/Associate,Other
498553,Stellar Career College,IL,9,3,3,2,2,-2,-2,-2,,,,,,0,0,0,1,0,5,2-year/Associate,Other
498562,Commonwealth University of Pennsylvania,PA,1,1,1,2,9,-2,-2,-2,0.9396029258098224,9570.0,590.0,580.0,21.0,1,1,0,0,0,4,Less Selective (>75% or open),Other
498571,Pennsylvania Western University,PA,1,1,1,2,9,18,18,21,0.9361928394186458,8463.0,580.0,570.0,25.0,1,1,0,0,0,4,Less Selective (>75% or open),Master's University
498669,Aveda Institute Montana,MT,9,3,3,2,2,-2,-2,-2,,,,,,0,0,0,1,0,5,2-year/Associate,Other
498696,Phoenix Institute,GA,9,3,3,2,1,-2,-2,-2,,,,,,0,0,0,1,0,5,2-year/Associate,Other
498739,Lehigh Career & Technical Institute,PA,7,3,1,2,2,-2,-2,-2,,,,,,0,1,0,0,0,5,2-year/Associate,Other
498748,CalCopa Massage School,CA,9,3,3,2,1,-2,-2,-2,,,,,,0,0,0,1,0,5,2-year/Associate,Other
498757,Medical Solutions Academy,VA,9,3,3,2,2,-2,-2,-2,,,,,,0,0,0,1,0,5,2-year/Associate,Other
498766,Sami Halaseh Institute,KS,9,3,3,2,2,-2,-2,-2,,,,,,0,0,0,1,0,5,2-year/Associate,Other
498775,Beaver Beauty Academy,GA,9,3,3,2,2,-2,-2,-2,,,,,,0,0,0,1,0,5,2-year/Associate,Other
498784,Upper Kutz Barber & Style College,MS,9,3,3,2,2,-2,-2,-2,,,,,,0,0,0,1,0,5,2-year/Associate,Other
498793,All In The Wrist Barber Academy,DE,9,3,3,2,2,-2,-2,-2,,,,,,0,0,0,1,0,5,2-year/Associate,Other
498809,Yeshiva of Kasho,NY,2,1,2,2,5,-2,-2,-2,,,,,,1,0,1,0,0,4,Less Selective (>75% or open),Other
498818,Cutting Edge Barber Academy,PA,9,3,3,2,2,-2,-2,-2,,,,,,0,0,0,1,0,5,2-year/Associate,Other
498827,JT's Cuts Academy,FL,9,3,3,2,2,-2,-2,-2,,,,,,0,0,0,1,0,5,2-year/Associate,Other
498836,The Nurse Academy,CA,9,3,3,2,2,-2,-2,-2,,,,,,0,0,0,1,0,5,2-year/Associate,Other
498845,Heartland Welding Academy,KS,9,3,3,2,1,-2,-2,-2,,,,,,0,0,0,1,0,5,2-year/Associate,Other
498854,Jazz Barber and Hairstyling Academy,VA,9,3,3,2,2,-2,-2,-2,,,,,,0,0,0,1,0,5,2-year/Associate,Other
498863,Renaissance Beauty Academy,MO,9,3,3,2,2,-2,-2,-2,,,,,,0,0,0,1,0,5,2-year/Associate,Other
498872,Central Valley Barber College,CA,9,3,3,2,2,-2,-2,-2,,,,,,0,0,0,1,0,5,2-year/Associate,Other
498881,One Stop Academy,NC,9,3,3,2,2,-2,-2,-2,,,,,,0,0,0,1,0,5,2-year/Associate,Other
498890,East Texas Cosmetology College,TX,9,3,3,2,2,-2,-2,-2,,,,,,0,0,0,1,0,5,2-year/Associate,Other
498906,Yeshivas Sanz Klauzenburg,NY,2,1,2,2,5,-2,-2,-2,,,,,,1,0,1,0,0,4,Less Selective (>75% or open),Other
498915,Agora University,VA,2,1,2,2,7,-2,-2,-2,,,,,,1,0,1,0,0,4,Less Selective (>75% or open),Other
498924,URBE University,FL,3,1,3,2,7,-2,-2,-2,,,,,,1,0,0,1,0,4,Less Selective (>75% or open),Other
498951,Artisan Academy of Cosmetology,IN,6,2,3,2,4,-2,-2,-2,,,,,,0,0,0,1,0,5,2-year/Associate,Other
498960,Healthcare Workforce Training Institute,WI,9,3,3,2,1,-2,-2,-2,,,,,,0,0,0,1,0,5,2-year/Associate,Other
498979,Jersey College - Cleveland,TN,99,-3,-3,2,-3,-2,-2,-2,,,,,,0,0,0,0,0,5,2-year/Associate,Other
498988,Jersey College - Melbourne,FL,99,-3,-3,2,-3,-2,-2,-2,,,,,,0,0,0,0,0,5,2-year/Associate,Other
498997,Jersey College - Scranton,PA,99,-3,-3,2,-3,-2,-2,-2,,,,,,0,0,0,0,0,5,2-year/Associate,Other
499006,Jersey College - Tucson,AZ,99,-3,-3,2,-3,-2,-2,-2,,,,,,0,0,0,0,0,5,2-year/Associate,Other
499015,Jersey College - Knoxville,TN,99,-3,-3,2,-3,-2,-2,-2,,,,,,0,0,0,0,0,5,2-year/Associate,Other
499024,Jersey College - Jenkintown,PA,99,-3,-3,2,-3,-2,-2,-2,,,,,,0,0,0,0,0,5,2-year/Associate,Other
499033,Champ's Barber School-Lebanon,PA,9,3,3,2,2,-2,-2,-2,,,,,,0,0,0,1,0,5,2-year/Associate,Other
499051,Bushnell University - Roseburg Campus,OR,99,-3,-3,2,-3,-2,-2,-2,,,,,,0,0,0,0,0,5,2-year/Associate,Other
499060,Tennessee College of Applied Technology-Jacksboro -,TN,99,-3,-3,2,-3,-2,-2,-2,,,,,,0,0,0,0,0,5,2-year/Associate,Other
499079,Collectiv Hair Dressing Academy-Collectiv Academy-Dallas,TX,9,3,3,2,2,-2,-2,-2,,,,,,0,0,0,1,0,5,2-year/Associate,Other
499088,"Adult & Community Education, Columbus City Schools - Fort Hayes Career",OH,99,-3,-3,2,-3,-2,-2,-2,,,,,,0,0,0,0,0,5,2-year/Associate,Other
499103,Homestead Schools-Costa Mesa,CA,8,3,2,2,2,-2,-2,-2,,,,,,0,0,1,0,0,5,2-year/Associate,Other
499112,College of the Marshall Islands - Kwajalein Campus,MH,99,-3,-3,2,-3,-2,-2,-2,,,,,,0,0,0,0,0,5,2-year/Associate,Other
499121,Casa Loma College - Casa Loma College,TN,99,-3,-3,2,-3,-2,-2,-2,,,,,,0,0,0,0,0,5,2-year/Associate,Other
499130,Innovate Salon Academy,NJ,9,3,3,2,2,-2,-2,-2,,,,,,0,0,0,1,0,5,2-year/Associate,Other
499149,Herzing University-Nashville,TN,2,1,2,2,8,-2,-2,-2,,,,,,1,0,1,0,0,4,Less Selective (>75% or open),Other
499158,Southeastern Baptist Theological Seminary-Nash County Extension Center,NC,99,-3,-3,2,-3,-2,-2,-2,,,,,,0,0,0,0,0,5,2-year/Associate,Other
499167,Southeastern Baptist Theological Seminary-Wake County Extension Center,NC,99,-3,-3,2,-3,-2,-2,-2,,,,,,0,0,0,0,0,5,2-year/Associate,Other
499176,College of Biomedical Equipment Technology,TX,6,2,3,2,3,-2,-2,-2,,,,,,0,0,0,1,0,5,2-year/Associate,Other
499185,Dorsey College-Grand Rapids,MI,9,3,3,2,2,-2,-2,-2,,,,,,0,0,0,1,0,5,2-year/Associate,Other
499246,Georgia Military College - Rockdale,GA,99,-3,-3,2,-3,-2,-2,-2,,,,,,0,0,0,0,0,5,2-year/Associate,Other
499255,Baltimore Beauty & Barber School II,MD,9,3,3,2,2,-2,-2,-2,,,,,,0,0,0,1,0,5,2-year/Associate,Other
499264,Alabama School of Nail Technology & Cosmetology - Saraland,AL,99,-3,-3,2,-3,-2,-2,-2,,,,,,0,0,0,0,0,5,2-year/Associate,Other
499273,Galen Health Institutes-Dallas,TX,3,1,3,2,5,-2,-2,-2,,,,,,1,0,0,1,0,4,Less Selective (>75% or open),Other
499282,Galen Health Institutes-Roanoke,VA,6,2,3,2,3,-2,-2,-2,,,,,,0,0,0,1,0,5,2-year/Associate,Other
499291,Galen Health Institutes-Wichita,KS,6,2,3,2,3,-2,-2,-2,,,,,,0,0,0,1,0,5,2-year/Associate,Other
499307,Galen Health Institutes-Salt Lake City,UT,6,2,3,2,3,-2,-2,-2,,,,,,0,0,0,1,0,5,2-year/Associate,Other
499325,"Academy of Cosmetology, Barbering, and Esthetics",OK,9,3,3,2,2,-2,-2,-2,,,,,,0,0,0,1,0,5,2-year/Associate,Other
499334,Aveda Institute Tucson-Avondale,AZ,9,3,3,2,2,-2,-2,-2,,,,,,0,0,0,1,0,5,2-year/Associate,Other
499343,Paul Mitchell The School Boise -Paul Mitchell The School Coeur d'Alene,ID,99,-3,-3,2,-3,-2,-2,-2,,,,,,0,0,0,0,0,5,2-year/Associate,Other
499352,Paul Mitchell The School Great Lakes - Sarasota,FL,99,-3,-3,2,-3,-2,-2,-2,,,,,,0,0,0,0,0,5,2-year/Associate,Other
499361,Premiere Aesthetics Institute-Meridian,ID,9,3,3,2,1,-2,-2,-2,,,,,,0,0,0,1,0,5,2-year/Associate,Other
499370,Arizona College of Nursing-Sarasota,FL,3,1,3,2,5,-2,-2,-2,,,,,,1,0,0,1,0,4,Less Selective (>75% or open),Other
499389,Arizona College of Nursing-Aurora,CO,3,1,3,2,5,-2,-2,-2,,,,,,1,0,0,1,0,4,Less Selective (>75% or open),Other
499398,Arizona College of Nursing-Cincinnati,OH,3,1,3,2,5,-2,-2,-2,,,,,,1,0,0,1,0,4,Less Selective (>75% or open),Other
499404,Arizona College of Nursing-Cleveland,OH,3,1,3,2,5,-2,-2,-2,,,,,,1,0,0,1,0,4,Less Selective (>75% or open),Other
499413,Glendale Career College-North-West College-MFSON,CA,6,2,3,2,3,-2,-2,-2,,,,,,0,0,0,1,0,5,2-year/Associate,Other
499422,Denver College of Nursing-Houston,TX,3,1,3,2,5,-2,-2,-2,,,,,,1,0,0,1,0,4,Less Selective (>75% or open),Other
499431,Cambridge College of Healthcare & Technology - Miami Gardens,FL,99,-3,-3,2,-3,-2,-2,-2,,,,,,0,0,0,0,0,5,2-year/Associate,Other
499440,Mystros Barber Academy - Missouri City,TX,99,-3,-3,2,-3,-2,-2,-2,,,,,,0,0,0,0,0,5,2-year/Associate,Other
499459,College Unbound - Newport/Aquidneck Island,RI,99,-3,-3,2,-3,-2,-2,-2,,,,,,0,0,0,0,0,5,2-year/Associate,Other
499486,Porter and Chester Institute - New London 2,CT,99,-3,-3,2,-3,-2,-2,-2,,,,,,0,0,0,0,0,5,2-year/Associate,Other
499495,Gwinnett Institute,FL,3,1,3,2,5,-2,-2,-2,,,,,,1,0,0,1,0,4,Less Selective (>75% or open),Other
499501,New Gloucester-Unity College,ME,99,-3,-3,2,-3,-2,-2,-2,,,,,,0,0,0,0,0,5,2-year/Associate,Other
499538,Puerto Rico Advance Institute,PR,8,3,2,2,2,-2,-2,-2,,,,,,0,0,1,0,0,5,2-year/Associate,Other
499547,Austin Medical Assistant Training,NY,6,2,3,2,4,-2,-2,-2,,,,,,0,0,0,1,0,5,2-year/Associate,Other
499556,Albany Beauty Academy,GA,9,3,3,2,2,-2,-2,-2,,,,,,0,0,0,1,0,5,2-year/Associate,Other
499565,Alliant International University - Phoenix,AZ,99,-3,-3,2,-3,-2,-2,-2,,,,,,0,0,0,0,0,5,2-year/Associate,Other
499592,"Indian Capital Technology Center, School District Number 4 - Coweta",OK,99,-3,-3,2,-3,-2,-2,-2,,,,,,0,0,0,0,0,5,2-year/Associate,Other
499608,Wade Gordon Hairdressing Academy-Oklahoma,OK,9,3,3,2,2,-2,-2,-2,,,,,,0,0,0,1,0,5,2-year/Associate,Other
499626,Unity Environmental University - Unity,ME,99,-3,-3,2,-3,-2,-2,-2,,,,,,0,0,0,0,0,5,2-year/Associate,Other
499635,EDP University of Puerto Rico-Caguas,PR,2,1,2,2,5,-2,-2,-2,,,,,,1,0,1,0,0,4,Less Selective (>75% or open),Other
499644,Baker College - Royal Oak Campus,MI,99,-3,-3,2,-3,-2,-2,-2,,,,,,0,0,0,0,0,5,2-year/Associate,Other
499653,Life Chiropractic College West - Bellevue University,NE,99,-3,-3,2,-3,-2,-2,-2,,,,,,0,0,0,0,0,5,2-year/Associate,Other
499662,Aviation Institute of Maintenance-Phoenix,AZ,6,2,3,2,4,-2,-2,-2,,,,,,0,0,0,1,0,5,2-year/Associate,Other
499671,Galen Health Institutes-Las Vegas,NV,3,1,3,2,5,-2,-2,-2,,,,,,1,0,0,1,0,4,Less Selective (>75% or open),Other
499680,Stellar Career College-Crown Point,IN,6,2,3,2,3,-2,-2,-2,,,,,,0,0,0,1,0,5,2-year/Associate,Other
499699,Dragon Rises College of Oriental Medicine - Bradenton,FL,99,-3,-3,2,-3,-2,-2,-2,,,,,,0,0,0,0,0,5,2-year/Associate,Other
499705,Tulsa Welding School-Dallas Campus,TX,9,3,3,2,1,-2,-2,-2,,,,,,0,0,0,1,0,5,2-year/Associate,Other
499714,Pearl River Community College - Hancock Workforce Academy Hangar,MS,99,-3,-3,2,-3,-2,-2,-2,,,,,,0,0,0,0,0,5,2-year/Associate,Other
499723,Barber Tech Academy-Columbia,SC,9,3,3,2,2,-2,-2,-2,,,,,,0,0,0,1,0,5,2-year/Associate,Other
