GROUP_NAME,N,AVG_PROB,POSITIVE_SHARE
International Institute For Software Testing,1472,0.10109436812616827,0.094250
Trailhead Military By Salesforce,884,0.295516761607356,0.283237
Daniel Webster College,3230,0.14915908652351895,0.139284
Southern Utah University,14413,0.2932781678967815,0.282071
Minneapolis College of Art and Design,4360,0.18382930920193968,0.173193
Schuylkill Technology Center,759,0.19240124378063736,0.183258
Medical Sales College,3382,0.311922788354237,0.302425
College of Southern Nevada,21291,0.22707392083363817,0.216346
Hypnosis Motivation Institute,1749,0.5709711085893783,0.551708
Charles H Mccann Technical School,1532,0.1965900229621651,0.187500
Pennsylvania College of Health Sciences,12811,0.19838280312228687,0.188478
"Marian University-Fond Du Lac, Wi",3589,0.32944788235013744,0.319588
Unification Theological Seminary,2359,0.17513009777518118,0.163940
American Institute of Certified Public Accountants,6424,0.09687192408299895,0.090300
University of Puerto Rico,15831,0.22165584324538035,0.210922
Treasure Valley Community College,1685,0.2658085031206764,0.257957
Cuyahoga Community College District,24453,0.21932250671521233,0.210309
School of Visual Arts,28765,0.1754076203740545,0.164502
The Modern College of Design,2733,0.18005259748155944,0.166083
Medical Allied Career Center,964,0.34622485614699794,0.334286
Southwest Baptist University,4581,0.31298736945194067,0.302340
Newport Business Institute,523,0.13111157713069357,0.123010
School of Infantry,1702,0.23252569672102444,0.217131
Western Dakota Technical College,792,0.2024390416059143,0.188766
Yeshiva Ohr Yisrael,622,0.2553219543050089,0.247875
Antioch College,2478,0.36758377843275863,0.352416
San Diego State University,125523,0.2532782266849042,0.242660
Vanguard University of Southern California,6664,0.34571655458401485,0.334655
Ohio Northern University,9502,0.23882413537485075,0.228877
Carrington College-Phoenix North,633,0.29008168518977,0.283267
University of Saint Francis-Fort Wayne,9896,0.2501070888886999,0.240088
The Cdl School,680,0.1660573545059268,0.149798
Makeup First School of Makeup Artistry,548,0.24468094445393773,0.231496
Colorado Media School,511,0.18164095625459958,0.168909
Sheffield School,1076,0.23346729606705965,0.221299
Keyskills Learning,956,0.18960820094681918,0.176367
Cuna Management School,1307,0.3153251436920214,0.298155
Marywood University,6758,0.30486566750060906,0.293065
Fergus Falls Community College,607,0.2248016730797392,0.213389
Prosci Change Management Learning Center,1385,0.2844383728056166,0.263855
Albizu University-Miami,1302,0.41840247937137276,0.403210
Jordan Applied Technology Center,1896,0.26739370095745385,0.255329
Napa Valley Wine Academy,704,0.20477499971666072,0.188424
Real Estate Education Center,638,0.24712119930550883,0.238667
South College,6507,0.3350158887613737,0.322219
Piedmont Community College,2006,0.24032651825240917,0.228654
St Bonaventure University,9843,0.2302745770045583,0.220559
Lewis University,22033,0.24119350015676266,0.230946
University of Missouri-Columbia,93239,0.25108612861676655,0.240516
Jersey College-Melbourne,575,0.2069496108389396,0.197512
The Philadelphia Institute,8429,0.1643290255994957,0.154919
College of Executive Coaching,889,0.6015087850767393,0.577899
Ohio State University-Main Campus,27446,0.18598973807322366,0.176924
Central State University,5628,0.2807894499059006,0.270531
Pioneer Career and Technology Center,883,0.2291470525436163,0.223384
Anoka Technical College,3433,0.19764689800303742,0.188746
Louisiana Delta Community College,1291,0.20443456972889792,0.194187
General Motors University,2005,0.1335092936397197,0.120000
Skillcrush,2113,0.2716540574134818,0.259571
Tesst College of Technology-Alexandria,2416,0.15257704627374344,0.145151
The Life Coach School,941,0.6859753594518829,0.662175
Sequoia Institute,709,0.193666139948742,0.188107
University of Oklahoma-Norman Campus,82663,0.24298821103335347,0.231781
Childcare Education Institute,1076,0.44988843281316804,0.436664
Lincoln College of Technology-Nashville,1507,0.10436033739595404,0.097748
Keuka College,3077,0.2877035550700034,0.275981
Pennsylvania State University-Penn State Lehigh Valley,817,0.25758325226118317,0.246854
Institute For Professional Excellence,1622,0.24355098615353152,0.234133
Pratt Community College,1485,0.2213419813246166,0.210468
Natural Health Institute,720,0.533250171641913,0.517919
"National University-San Diego, Ca",1414,0.27346684124408566,0.257310
Howard University,42488,0.36702086518224886,0.355104
Scs Business School,1195,0.15119235173588988,0.139971
Central Nursing College,1585,0.3225424134754778,0.306624
University of The People,7293,0.2836797290412393,0.269521
Wenatchee Valley College,3495,0.28323757481695944,0.274435
Trocaire College,2492,0.2659123788312479,0.252733
Sullivan College of Technology and Design,910,0.12123733993368023,0.116454
Southern Regional Technical College,2423,0.19885799122078707,0.191611
Atlantic University College,2405,0.22335130913888285,0.211769
International Sports Sciences Association (ISSA),3534,0.412959093127759,0.396501
American University of Medical Technology,2121,0.4219189338184673,0.416420
Trident Technical College,12636,0.2044614039968572,0.195944
Nebraska Methodist College of Nursing&Allied Health,1495,0.43195507922431736,0.418511
College of Biomedical Equipment Technology,1897,0.1913526456328241,0.183175
Prairie View A&M University,17487,0.28103903718833595,0.270560
Los Medanos College,6007,0.27016503786478385,0.260052
Luther Rice College&Seminary,1445,0.3787117686653115,0.361379
"Eastern Suffolk Boces-Brentwood, Ny",852,0.17649695909195354,0.161781
John Wood Community College,2621,0.2242566107646293,0.213190
Institute of Logistics Management,1353,0.12336380470735657,0.111180
University of New Hampshire,48956,0.25429411983138805,0.243919
Southern Arkansas University Main Campus,5570,0.22135412920804423,0.211048
Lincs-Supply Chain Management,762,0.13494269595929087,0.124575
Us College,936,0.26864622501529584,0.255359
Syracuse University,109207,0.2263632829652658,0.215586
Hj International Graduate School For Peace and Public Leadership,694,0.2619894798124558,0.249683
Delta College,10558,0.20988186496023012,0.200641
Heald Business College,1372,0.17800795685363133,0.169834
Texas A&M University-Corpus Christi,17558,0.2473511242539592,0.237128
It Academy,2458,0.19453038005738368,0.184775
Aib International,10453,0.25341519079208696,0.242915
Northeastern State University,12758,0.2563791634982308,0.247683
Ati Technical Training Center,594,0.14897888684392452,0.142653
Lake County Area Vocational Center,561,0.17346400599892095,0.164319
Alma College,4985,0.2754593127801648,0.263042
Angley College,1094,0.20767315182969012,0.196833
Online Marketing Institute,4068,0.2074718326369321,0.192464
Montreat College,2790,0.25538361248080466,0.245051
Good Counsel College,775,0.21678235924995798,0.205006
Central Lakes College-Brainerd,2884,0.22920161818582394,0.217232
Kennebec Valley Community College,1358,0.25074558445981027,0.243119
Roane-Jackson Technical Center,552,0.18467852347321423,0.177852
Walla Walla University,5010,0.3058839648158605,0.293801
Human Capital Institute (HCI),883,0.3538197497700656,0.339406
Le Cordon Bleu Institute of Culinary Arts-Dallas,8744,0.18098336116091018,0.170703
Pasadena City College,23652,0.22738184649950152,0.218100
Grumman Data Systems Institute,1102,0.10559674427718509,0.094126
Benjamin Franklin Institute of Technology,1197,0.1515875311934794,0.139724
Cio University,594,0.171179781814256,0.161742
Ncp College of Nursing,1721,0.29644745104089254,0.288471
Maricopa Community College System Office,2406,0.26233706103149895,0.250351
The Art Institute of Indianapolis,1113,0.17535097010899445,0.169067
Eastern Oregon University,5334,0.28847940746164513,0.277875
Helene Fuld College of Nursing,1936,0.4735779722162732,0.462001
Oak Valley College,8513,0.22539854591295047,0.216432
Covenant Theological Seminary,5548,0.3531991703046856,0.339620
Asbury Theological Seminary,3421,0.4917842812624094,0.478502
Unitek College,2526,0.39531178206734224,0.385809
Ursuline College,6694,0.3189882634578345,0.308051
Officer Candidate School,4663,0.2240035888716734,0.208909
Woz U,841,0.17159646000179427,0.159292
American Institute of Baking,657,0.11482946106499692,0.098204
University of California-San Francisco,16372,0.4102789752154081,0.398048
Millennium Training Institute,1678,0.19820028844029242,0.189215
American Training Center,971,0.18354041946087407,0.171479
Memphis Theological Seminary,704,0.4307581578319803,0.417364
"Strayer University-Georgia-Atlanta, Ga",1194,0.21124572933732277,0.201068
Knox County Career Center,723,0.2182620606264428,0.211944
Pratt Institute-Main,23393,0.1938079518668895,0.183157
Rutgers University-Camden,15550,0.23927288816395584,0.228013
Texas School of Massage,539,0.34869486199142796,0.338684
Waynesburg University,4462,0.23857668784291333,0.228988
University of Mary Washington,13266,0.26008865666281755,0.248797
Butler Community College,6801,0.22424671389296263,0.213824
Capitol Technology University,3728,0.15857357105799694,0.146607
New School of Radio and Television,615,0.15851927202658472,0.146900
Professional Fitness Institute,935,0.4267706503506636,0.407672
Trinity Business College,927,0.20608834139279908,0.196891
Georgia Military College-Warner Robins Campus,656,0.20327047494148234,0.195122
Alhambra Medical University,3244,0.228972027165227,0.215668
Oakland Community College,25833,0.19334484795064275,0.184233
United States Air Force Academy,21501,0.19861868195637974,0.187142
Wilson Tech,2986,0.19849535665272028,0.188725
Southwest Wisconsin Technical College,2369,0.23026079067748642,0.219363
Nichols College,7822,0.1863787913664607,0.177193
Salem Community College,1431,0.20873309309045282,0.200111
Union Adventist University,2107,0.2740448845780271,0.260125
University of Phoenix-Utah,781,0.25069921957600283,0.239168
The School of Architecture,1743,0.2177907877391019,0.205128
Martin University,1348,0.3144422184832343,0.304584
Princess Marina College,1390,0.20681120528573418,0.193971
Northampton County Area Community College,11249,0.20971415181310465,0.198787
Washburn Institute of Technology,1612,0.22950511798666134,0.220580
Berdan Institute,825,0.28684527077004285,0.279678
Eastern Wyoming College,662,0.28352466325887493,0.274725
Nevada State University,1258,0.3412916040271677,0.332095
Western Theological Seminary,856,0.4666346599365956,0.450000
University of North Texas Health Science Center,4528,0.4433736852626145,0.430465
SUNY-System Office,17256,0.19721689501191594,0.186037
Pennsylvania College of Technology,1820,0.17106162770774477,0.160144
International School of Ministry,3222,0.407415346273412,0.392133
Defense Security Service Academy,2617,0.16660918751758755,0.155196
Eastern New Mexico University-Roswell Campus,1238,0.20361274276853555,0.193346
Trevecca Nazarene University,8163,0.3319020034457803,0.319944
Travel School of America,717,0.1877931107477893,0.182898
Lubbock Christian University,3568,0.30168035326734743,0.289564
Tulane University of Louisiana,53360,0.2838296167254246,0.272321
Franklin Pierce University,9161,0.228747142122299,0.217902
Providence Christian College,1938,0.2445878993630103,0.233986
Bay Area Medical Academy,675,0.4388607955108343,0.429306
City Colleges of Chicago-Olive-Harvey College,2120,0.28170804552003786,0.273578
Provo College,1543,0.2641703678363604,0.250934
Rockford University,4898,0.2492430648980923,0.237402
Act College,860,0.22049780337792418,0.211577
Actualize Coding Bootcamp,682,0.24515775783495394,0.240148
Saber College,663,0.25451822860376677,0.240885
Careers Unlimited,2396,0.26863887359635363,0.260413
Lewis&Clark College,12759,0.3629306175001887,0.349376
CUNY Queens College,45032,0.23715922376449677,0.226699
New York Institute of Finance,4972,0.14728043541714142,0.137376
D'youville College,3144,0.38166317846979914,0.372288
Franklin College,8145,0.2500618356972086,0.238781
John Amico School of Hair Design,616,0.23284537216747517,0.219794
Warner Pacific University,2763,0.36350113397430184,0.351357
Houghton College,3052,0.3162632213118171,0.305630
Southern Illinois University Edwardsville,29689,0.23545741553025892,0.225697
The Open Center,2206,0.3858527642032906,0.373656
Texas Southern University,18709,0.2862703971142169,0.276453
University of North Carolina at Chapel Hill,124427,0.3008505759414628,0.289165
Western Colorado University,8873,0.26432521115648067,0.251656
Minnesota Resource Center,609,0.37642493222282203,0.363271
Armed Forces Staff College,911,0.19479178065839692,0.179909
SUNY College of Environmental Science and Forestry,7696,0.27664164614598885,0.263125
Central Virginia Community College,3389,0.22080492830636267,0.208830
Mills College,7839,0.39862715028392604,0.385502
College of The Redwoods,5218,0.2782552105540116,0.268227
Arkansas State University Three Rivers,766,0.21629215669435878,0.204334
Central Arizona College,3579,0.24337227809065845,0.231768
Mediation Training Institute,1566,0.42346341654132097,0.403321
Great Basin College,1621,0.24059582353714445,0.231209
Studio Beauty School,1067,0.2676288039037956,0.257764
Catholic Theological Union at Chicago,1068,0.3620990653162414,0.346983
Owensboro Community and Technical College,1821,0.19524000817959397,0.185474
Bellingham Technical College,2283,0.23808057312946268,0.226858
Houghton University,1980,0.30285586092932054,0.291920
"Southwestern College-Chula Vista, Ca",801,0.24679395216558167,0.234341
Stevens-The Institute of Business&Arts,1175,0.19816643931544076,0.191595
Veritas Baptist College,970,0.2880665777393936,0.277778
Usaf Air Command and Staff College,7808,0.21117534937955892,0.195532
Lean Six Sigma Institute,2925,0.20223596328360166,0.187738
West Chester University of Pennsylvania,40083,0.26393335620807234,0.254034
Institute of Fire Engineers,1085,0.13395990743463035,0.124133
Independent Electrical Contractors-Denver,2615,0.1105620711193673,0.103892
The College of Saint Rose,10278,0.3205902507567474,0.310078
Naval School of Health Sciences,2388,0.26417796840319363,0.252398
Orangeburg Calhoun Technical College,1922,0.21022586388295184,0.198252
Midway University,2175,0.2513154863945679,0.242463
University of Michigan-Dearborn,21790,0.18217714521174083,0.173094
San Joaquin Valley College,1243,0.27756299673342555,0.267241
Disney Institute,1212,0.2845446231948044,0.270833
Knowledge Academy,724,0.18435496487145597,0.166282
North Idaho College,5301,0.2575088092167129,0.245478
Dickinson College,10154,0.2670200049609372,0.255514
Texas Aero Tech,636,0.12581347171485244,0.116580
Vermont State University,553,0.37138661312052335,0.362205
Skidmore College,11237,0.2814281802904474,0.269149
Dallas Baptist University,13945,0.2746537395896806,0.263430
Heart of Herbs Herbal School,650,0.5342453116852065,0.516927
University of Central Arkansas,17166,0.27468442696906187,0.263304
Manchester Community College,9512,0.20675223537327772,0.197253
Federal Executive Institute,1513,0.278359935268339,0.256713
Westcliff University,4425,0.1963037228063172,0.186543
Abington Memorial Hospital Dixon School of Nursing,997,0.3265195193232339,0.313356
The Baptist College of Florida,696,0.3150681461931491,0.300108
Star Career Academy-Philadelphia,1402,0.22775369465617912,0.215733
University of Phoenix,402442,0.22979424446303337,0.218375
Colorado School of Healing Arts,1191,0.36945079860621516,0.356831
Los Angeles Recording School,2098,0.14426017066952623,0.136068
Health Coach Institute,2816,0.6807995416543817,0.664669
Randolph College,4022,0.2873379848390201,0.272932
Lusher Charter School,545,0.3129885848153161,0.295820
Mid-Manhattan Adult Learning Center,595,0.2165600813934624,0.209809
Dharma Realm Buddhist University,754,0.35014134267407254,0.339408
University of Phoenix-Phoenix-Hohokam Campus,544,0.24930429187555955,0.231760
Devry University-Ohio,2873,0.12981881191302166,0.121591
State of Florida,546,0.26525718586181674,0.251932
Allison Academy,4666,0.2640123074840042,0.251224
St Catherine University,13213,0.38763507221062926,0.374523
Oregon Institute of Technology,8172,0.20862421019311295,0.199418
Manchester University,4143,0.25771362336598796,0.246658
Lake Technical College,1813,0.20723488103497276,0.197632
Defense Institute of Security Cooperation Studies,528,0.20214199340093164,0.184641
5linx University,859,0.420191731019722,0.402724
Academy of Our Lady of Peace,3182,0.26834072977190576,0.256742
Assurance Institute,605,0.15782763468823993,0.146724
Center For Allied Health Education,1266,0.44979958688688115,0.434753
Connecticut School of Broadcasting,4240,0.16506482929336289,0.156690
Morris College,2078,0.2438702779166166,0.232736
The Graduate Institute,2892,0.34500159797369206,0.331642
Southwestern Christian University,652,0.31830310031375103,0.306952
The College of Saint Thomas More,863,0.21418636795888632,0.204476
University of Health Sciences and Pharmacy in St. Louis,1795,0.4550595655084457,0.441960
Pennsylvania State University-Penn State Great Valley,4656,0.1682513877976277,0.160498
Eine Inc,653,0.22397581253255305,0.201560
Criminal Justice Institute,1478,0.2946042618480235,0.281682
Georgia Institute of Technology-Main Campus,127655,0.16341811983341425,0.154449
National Academy of Certified Care Managers,955,0.4365829570682807,0.423875
The University of Texas Medical Branch at Galveston,6331,0.4345783699406473,0.422509
Lincoln Technical Institute,4303,0.15484241868630788,0.145222
Artist Makeup Academy,540,0.23300559179452457,0.220395
Griffin Technical College,1032,0.18831398623861326,0.173523
Darlington School,11347,0.21007843199582282,0.199344
Pci Academy,538,0.19478566820248633,0.183121
Bryant&Stratton College-Wauwatosa,1592,0.2573261085462164,0.247875
Professional Technical Institution,1593,0.13745576824070438,0.130250
Martin Luther College,3992,0.2668769491536774,0.258807
Central California School of Continuing Education,7695,0.27084228176222036,0.259263
Horry-Georgetown Technical College,4429,0.22683523566766423,0.219087
Luma Institute,642,0.35906974749917864,0.346103
John Carroll University,18106,0.23344719936709799,0.222629
Mid-Atlantic Maritime Academy,3048,0.16629655329824142,0.152591
Fidm-Fashion Institute of Design&Merchandising-San Francisco,1254,0.17041035841447832,0.158793
Distance Learning College,632,0.2607661596367439,0.253485
Pinnacle College,1336,0.2159353934369433,0.206897
Kilgore College,6155,0.2033383393605634,0.193088
Northwest State Community College,2533,0.2051754609535113,0.197417
Mountwest Community and Technical College,1315,0.21957136933532645,0.213404
University of Virginia's College at Wise,2215,0.2637962578984242,0.251723
Spokane Community College,12988,0.24987579576714902,0.239039
Ozark Christian College,1365,0.3764227754881632,0.363341
Tacoma Community College,8621,0.2866932927597103,0.275994
University of Pittsburgh,92704,0.2635240440595087,0.253118
Center For Psychological Studies,1108,0.4113575840574047,0.393189
University of North Carolina at Greensboro,45420,0.2952631388408491,0.284964
Institute of Chemical Dependency Studies,506,0.4523918459910265,0.435940
Manhattan Christian College,793,0.3421341366884113,0.332690
College of Coastal Georgia,3308,0.2510700488176704,0.241805
Washington&Jefferson College,4550,0.2213333473289508,0.209387
Center For Nonprofit Management,1077,0.5046141220775807,0.484139
Integrative and Functional Nutrition Academy,1064,0.7128083127040467,0.695920
Center For Surface Combat Systems,641,0.1719088195132542,0.159221
Inver Hills Community College,7539,0.23642817405285532,0.225877
Kimball University,1605,0.18107965967155987,0.171601
Quinnipiac University,24860,0.23649973273719316,0.226919
University of San Francisco,56020,0.3034764468619096,0.292189
The Lee Strasberg Theatre&Film Institute,1709,0.2575913747454043,0.244370
Sumner College,1563,0.2866840152075125,0.275379
Prince George's Community College,13592,0.21563985600014401,0.205741
Virtual College,1018,0.2529392007670763,0.240424
Trend Setters School,546,0.17027257784446195,0.162444
Career and Technology Education Centers of Licking County,521,0.18302629891023092,0.182677
Michigan Manufacturing Technology Center,594,0.17087438333233776,0.160274
De Anza College,31305,0.21744804299098455,0.207866
Reo Institute of Colorado,5878,0.17584058776340863,0.165983
Acadiana Technical College-Lafayette Campus,906,0.13459777755710808,0.125641
Ideal School and College,4917,0.1733708527712957,0.163583
Point Loma Nazarene University,11406,0.36998744901355685,0.357821
River Valley Community College,2009,0.2842681183851133,0.275669
Golden Gate University,22121,0.20249910330048418,0.191176
Scott Community College,2561,0.22027340204470203,0.205855
Devmountain,3002,0.1719850743281046,0.163922
Southeast Arkansas College,625,0.240023269267399,0.233890
Agora Cyber Charter School,1303,0.26701829531553267,0.259577
Missouri State University,43902,0.2418704182836165,0.231879
Central Ohio Technical College,3045,0.24597225391283337,0.236743
The Story Skills Workshop,645,0.34581902263369246,0.331620
Western School of Technology,991,0.20166480122596195,0.191050
Fort Scott Community College,1929,0.21592588067216195,0.206363
Johnson&Wales University-Charlotte,1279,0.1840099884915423,0.177278
Kennesaw State University,70396,0.21453654824069485,0.204865
Douglas Community School,5296,0.2368683832986865,0.227387
Kettering University,15682,0.12281648841946222,0.113973
Wentworth Military Academy and College,1947,0.19130705770878897,0.177937
National Theater Institute,884,0.33500831082633303,0.325459
Advanced Training Institute,571,0.2112170118497375,0.202663
Galileo Academy of Science and Technology,2153,0.25526910803604647,0.248677
Oakland City University,2464,0.2579514341500214,0.246965
Illinois College,3701,0.303464354845488,0.293286
University of Hawaii at Hilo,4769,0.304447704778673,0.292405
Florence Virtual Academy,561,0.24705493376688392,0.236842
Madison Media Institute,1037,0.14389332052263923,0.137996
California State University-Long Beach,98731,0.24920984912434568,0.239089
The University of Texas Permian Basin,8535,0.2226240905147965,0.212525
Pontifex University,1318,0.28574697960860324,0.273999
University of Richmond,25885,0.22535920817358454,0.214493
Joe Kubert School of Cartoon and Graphic Art,812,0.11572144117093026,0.111210
Energy Institute,2963,0.25079340617799545,0.235841
University of Bridgeport,17366,0.2521779913027132,0.242155
Nada Dealer Academy,1165,0.17614099412993445,0.169355
Sacred Heart Cathedral Preparatory,10107,0.22740585784316047,0.216661
Wilson University,1797,0.21717692214482046,0.208292
Cem College,3851,0.1750537537399084,0.160392
Louisiana State University Health Sciences Center,2976,0.40271821604941765,0.390225
Briar Cliff University,2395,0.2465438861699211,0.231601
Cannes Lions School,545,0.2309606053348971,0.218182
Easton College,875,0.19351422865886136,0.182806
The Grace Hopper Program at Fullstack Academy,516,0.2854751647947397,0.273179
William Peace University,3390,0.2867457123862467,0.276104
Nueta Hidatsa Sahnish College,1480,0.21536493279061747,0.202917
Lawrence Technological University,14311,0.13147679294556466,0.123399
Construction Training Center,1942,0.15615140134236496,0.145321
Rasmussen University-Florida,775,0.28936254342310086,0.278269
Garrett College,3508,0.2093490566975814,0.199648
Reformed Presbyterian Theological Seminary,2170,0.42543297733041535,0.409651
Saint Ambrose University,8085,0.2520684322429851,0.240559
Skin Institute,613,0.34282914272690246,0.325967
Rutledge College,513,0.20489629577167323,0.200617
Ocean County Vocational-Technical School,3536,0.2086487186165512,0.197961
Biopharma Institute,2112,0.22419151655095715,0.211470
Devry University-California,4739,0.149722053201215,0.141303
Federal Government College,6750,0.2307612674227372,0.219576
Academia Medical Institute,1472,0.163065989804004,0.152522
Medaille University,1831,0.24242763465407305,0.232476
American School of Mortgage Banking,636,0.17257852461266968,0.163001
Inter American University of Puerto Rico-Metro,3174,0.22899117882902864,0.218333
University of Fort Lauderdale,6403,0.14519642907223904,0.136374
Austin College,6005,0.26941008532412214,0.257934
Berkshire Community College,2893,0.23837432853091284,0.228517
Access Careers,2121,0.17772205132443042,0.170978
Calvin University,12278,0.3114789996389726,0.299546
Mount Marty University,1869,0.27002532127361795,0.258355
Yorktowne Business Institute,790,0.15155599579867263,0.142587
Trend Business College,530,0.217503110425066,0.211852
East Stroudsburg University of Pennsylvania,14558,0.25655487873643423,0.245666
Lincoln School,10288,0.22903039203571116,0.217697
John A Logan College,3189,0.2334026945326434,0.223292
Mary Baldwin University,4375,0.34024651793010996,0.328509
Indiana University,81408,0.2692720085362662,0.257771
Fond Du Lac Tribal and Community College,820,0.28281630546475156,0.272102
Rets Technical Center,1027,0.14117137351990464,0.131236
American Career College,3048,0.336304632823403,0.326570
Duff's Business Institute,694,0.1612990736945179,0.156250
English Nanny and Governess School,1114,0.2129941915137527,0.198091
Chatfield College,1979,0.23538526052678316,0.224490
University of Connecticut,93900,0.2428405119609195,0.233351
Alverno College,5292,0.3828557215027536,0.370730
Eti School of Skilled Trades,634,0.13399946782202918,0.122340
Nazareth Academy,3771,0.22086684436471554,0.208004
Goodwin University,3402,0.32848695361776553,0.317495
Interactive College of Technology-Chamblee,593,0.1528285126737172,0.144611
Iowa School of Beauty-Ottumwa,2827,0.17062284619443402,0.159488
Texas Handgun Academy,809,0.24721019736003677,0.228928
Global University,6535,0.28555692326011495,0.272514
Midamerica Nazarene University,5380,0.30354499112807365,0.292156
Conservatory of Recording Arts and Sciences,3465,0.14242639867034804,0.134179
University of Montevallo,6119,0.26057465432708604,0.250645
Franciscan University of Steubenville,6059,0.3118382782352172,0.298140
Missouri Valley College,2139,0.23870536765233777,0.230557
United States Air Force School of Aerospace Medicine,875,0.2973249083694073,0.280220
Institute of Financial Planning,541,0.21153322747960324,0.195276
Arizona Christian University,1387,0.32673215209149675,0.312964
Asbury University,4237,0.3127757759228995,0.302427
Central Technology Center,1868,0.17772816203221448,0.165743
Abram Friedman Occupational Center,564,0.237756268214619,0.228358
Appraisal Institute,2126,0.13500467152280793,0.125695
Sadhana Yoga School,2198,0.3426747036265627,0.328029
Real Estate School,3793,0.2696506864851288,0.259026
Shorter University,4821,0.23655091949708923,0.226998
Troy University at Dothan,1656,0.23860988398773164,0.223363
Lincoln College of New England,1988,0.25593456879837134,0.247209
National Massage Therapy Institute,577,0.40793106890565056,0.394509
National Veterans Training Institute,836,0.38789296056944395,0.378299
Grace Institute,1790,0.23553960138217112,0.228328
Viterbo University,5058,0.3789015328631256,0.366761
Fitchburg State University,13795,0.24206792673240451,0.232078
Calc Institute of Technology,831,0.16985687869330532,0.162218
Ultrasound Medical Institute,7152,0.1705038618878772,0.163190
Northeast Ohio Medical University,2371,0.39540785596658923,0.387257
Cad Institute,604,0.12706533110895432,0.120166
Hohokus School of Trade and Technical Sciences,557,0.19233439978290118,0.187200
South University,15593,0.32715687991509346,0.315883
Ashland University,13563,0.2754141943967368,0.265309
Mayo School of Health Sciences,4045,0.39968101871711076,0.386213
Southern State Community College,1881,0.21966869208158182,0.210241
West Texas A&M University,14806,0.247372198137518,0.237174
University of Massachusetts Chan Medical School,2808,0.4495768900448707,0.437699
College of Southern Idaho,4210,0.2729877391440871,0.262233
Omnitech Institute,902,0.13159578564684302,0.116769
Kaistar,664,0.12262142020620527,0.117249
Alice Lloyd College,777,0.26543030259827033,0.259740
Stafford Hall School of Business,913,0.21705962936271977,0.203704
University of Santa Monica,2553,0.5421535033481627,0.523139
Mcnally Smith College of Music,1180,0.20986304179147544,0.196620
College of St Joseph,4058,0.2215594694800363,0.211201
Carver Career Center,1695,0.27535162661297546,0.266400
Apostolic Bible Institute Inc,600,0.33420763158362804,0.328590
St. Francis College,7791,0.21471824079065982,0.203875
Hinds Community College,7621,0.21215692985450305,0.204371
Academies of Loudoun,1831,0.21363999000567988,0.205005
Robbins Madanes Training,854,0.601313863793093,0.583104
National Holistic Institute,3080,0.491218299543873,0.476580
Centura College-Virginia Beach,592,0.23046380219219456,0.218310
Institute of Training and Development,2823,0.31503115462250103,0.294632
Tefl Academy,1682,0.3955743807503633,0.379274
Pivot Point Academy,651,0.31830025696238323,0.301158
Pontifical Faculty of The Immaculate Conception at The Dominican House of Studies,4813,0.22000664702840617,0.209486
Commercial Diving Technologies Institute,535,0.13669037506561207,0.125612
International Culinary Arts and Sciences Institute,687,0.1995681411935143,0.191372
University of Minnesota,80707,0.3035997277230876,0.292012
North Central Michigan College,1940,0.23224035386024752,0.223413
International Tour Management Institute (ITMI),1459,0.2258041990024488,0.211549
Red Rocks Community College,10079,0.2460420153570023,0.234928
University of The Sciences,7179,0.3225297883477164,0.311601
Concordia University-Irvine,7656,0.3791280868911936,0.368086
Polytechnic University of Puerto Rico,3119,0.11515054071908246,0.106354
Fema Emergency Management Institute,1019,0.3483045123986585,0.336500
University of Wisconsin-Stout,26157,0.2231945403263293,0.211971
Dallas Institute of Funeral Service,520,0.3142122410494251,0.303835
University of New Mexico,43560,0.2852243536441879,0.274004
California Lutheran University,12126,0.27570101768626176,0.262925
Pittsburgh Institute of Mortuary Science Inc,978,0.26909157194907934,0.264182
College For Financial Planning,10948,0.3922987839352446,0.369909
Griffin Business College,575,0.16100421740684767,0.151020
Redstone College,841,0.12573952832035218,0.116905
University of Florida-Online,531,0.2614390280461302,0.251256
Texas Tech University,92534,0.21724056224409974,0.207435
Southern Technical College,2016,0.18194136406658934,0.175790
Texas Vocational Schools Inc,1103,0.16325185742796794,0.154799
Fortis College-Centerville,747,0.23647909921402965,0.229368
Kutztown University of Pennsylvania,21218,0.2335932996759433,0.224163
University of Wisconsin-Milwaukee,73025,0.24840803299521777,0.237376
Sum Bible College and Theological Seminary,1203,0.3625037837273279,0.352590
Ccim Institute,1966,0.1795230925073169,0.168660
Evolve Security Academy,751,0.1946233001765244,0.182832
Cet-Santa Maria,1074,0.17756642758818128,0.162291
Fort Myers Technical College,899,0.21376499476738292,0.203282
Cass Career Center,1918,0.250402265718407,0.237960
American College of Financial Services,25385,0.34259523016861665,0.324162
Modern Mystery School,743,0.5642614865435749,0.542670
Vanderbilt University,55851,0.29086607345829957,0.280303
Andover College,3756,0.2384301824616243,0.227009
Human Resources Certification Institute (HRCI),11160,0.2704061597227185,0.249046
Cecil College,2832,0.22524334219041073,0.216022
Smith College,15701,0.3795412320772704,0.366217
Jewish Theological Seminary of America,1380,0.4809532304342816,0.457884
State Technical Institute,2169,0.10539898261051997,0.097589
College of Engineering,164475,0.08975381712145322,0.082531
Cloud Academy,1870,0.14012178211233114,0.127770
New Horizons Computer Learning Center,25206,0.13743246728134556,0.128321
United States University,7374,0.2789048164748592,0.269214
Fbi Citizens Academy,1005,0.33449518113777255,0.322908
Ogeechee Technical College,1444,0.200761320506863,0.195663
Broome Delaware Tioga Boces,588,0.23088272670799845,0.215152
Delta College of Arts&Technology,506,0.2626773018738444,0.251645
City Vision University,945,0.38712454371984056,0.375542
Wine Scholar Guild,9313,0.17518883919704156,0.162784
University of Colorado Colorado Springs,1314,0.29759110068018363,0.288159
Saint Joseph Seminary College,762,0.2628721571791861,0.249734
Yeshivath Shaar Hatorah,645,0.24209856891745882,0.237482
Carleton College,9435,0.30513659023940676,0.292316
SUNY College at Plattsburgh,13741,0.24067600688535618,0.231064
Southern California Institute of Architecture,2261,0.1750796576442646,0.162798
Shaw University,4352,0.2720349950047692,0.261950
Devry University-New Jersey,926,0.10840846182414099,0.099268
University of Maryland-Baltimore County,36617,0.23442140321643862,0.224304
Institute of Supply Management (ISM),1038,0.11803541286973769,0.102917
Expeditionary Warfare School,1707,0.21155641505588382,0.196538
Fortis College-Cincinnati,617,0.296781918342624,0.287900
Everglades University,4268,0.25375484627413014,0.243784
Recording Workshop,2293,0.19700030698533774,0.185388
King's Academy,4890,0.2290525687418661,0.218263
Clinton Community College,2034,0.22923394908020725,0.218785
Saint Mary's College of California,17800,0.273245854314077,0.261162
Northland International University,1206,0.31348194283799385,0.301567
Arizona College,4647,0.26095642657559637,0.249069
Fletcher Technical Community College,1317,0.16062140222914312,0.149940
California State Polytechnic University-Humboldt,17105,0.3224804260082672,0.309421
Ouachita Baptist University,4105,0.28753756262570435,0.276037
University of Puerto Rico-Medical Sciences,1502,0.42125418453511543,0.408618
Mountainside Hospital School of Nursing,859,0.38850836392188487,0.375475
George Stone Technical College,3394,0.177343658040096,0.166260
Treasure Coast Technical College,1390,0.2426439994996552,0.232414
Colegio De Cinematografía Artes Y Television,1675,0.16117715220387294,0.146771
Florida Metropolitan University,4798,0.18807370300423099,0.178251
Owens Community College,10543,0.22106417019969146,0.211435
Pci College,507,0.20236931760637045,0.189935
Scuola Leonardo Da Vinci,17322,0.19464757649605763,0.183673
Aiken Technical College,1986,0.2104770663659949,0.201272
"Highland Community College-Highland, Ks",584,0.2274566814428017,0.219662
Parkridge Private School,5584,0.24944577418293232,0.237403
Canisius College,10263,0.2486884136788333,0.238514
Gould's Academy,3826,0.21973220186642556,0.209888
Ashridge Business School,616,0.19097807114906223,0.177015
Spartan College of Aeronautics and Technology,3917,0.11723122087072782,0.107149
Santa Barbara City College,18642,0.2415264693054508,0.229744
Irvine Valley College,12457,0.2231071495920724,0.212479
"Electronics Technician ""A"" School",4692,0.1183785605582853,0.107280
Oracle University,4929,0.0892775847646158,0.082130
Chester Career College,1329,0.21789281225300328,0.212500
Hastings College,3558,0.27348421206632306,0.261343
Las Positas College,10184,0.23045376313891738,0.220549
Wake Technical Community College,26645,0.21415773208757702,0.204847
Girls Who Code,3048,0.33499725743832837,0.325325
Institute of Culinary Education,3254,0.2169088884728824,0.204444
National Education Center,6036,0.21891103774537285,0.208423
Lakeland Community College,19587,0.20442732080822154,0.194113
School of Hard Knocks,26837,0.20969621465324598,0.196221
Center For Development of Security Excellence (CDSE),534,0.2693932065084012,0.251185
Windsor School of Nursing,899,0.3866938427607496,0.371269
City of Los Angeles,1271,0.28429500933557067,0.271175
American Payroll Institute,1204,0.1675305910064573,0.153637
SUNY College of Technology at Delhi,8398,0.18422848207938225,0.175503
Hebrew Union College-Jewish Institute of Religion,1136,0.5409999987457477,0.521739
Covenant Bible College,1159,0.3544117945714795,0.342191
"Taft University System-Lakewood, Co",773,0.2943474996034714,0.279167
Northwest Educational Center,1336,0.23449285684888682,0.226081
Gambia Technical Training Institute,748,0.2569601603213771,0.249497
Km Institute,1391,0.16562727265486665,0.153176
University of Detroit Mercy,19454,0.23944684318130513,0.227403
Southeastern Illinois College,1737,0.20989549628688867,0.197949
"Protege Academy-Mt. Pleasant, Mi",621,0.21139954074825903,0.197248
Iowa State University,89444,0.21306244052625323,0.202955
Tricoci University of Beauty Culture-Bridgeview,928,0.15196223254331095,0.145631
Stein Academy,1462,0.24469698894316813,0.234947
Eti Technical College,1776,0.14854528436201303,0.138041
University of Minnesota-Duluth,25838,0.24067904246197153,0.230802
Pittsburgh Technical College,5563,0.13247648567658654,0.124348
Bristol Community College,7067,0.21833927193321206,0.207965
Walker Career Center,1922,0.2300091112843221,0.221353
Spelman College,11074,0.4286555075525944,0.415607
Code Fellows,2521,0.2437872207543694,0.233292
Technical School,14360,0.16776541802586306,0.156959
Academy of South Florida,1710,0.2847160444274495,0.273889
CUNY Queensborough Community College,12493,0.19658708754544185,0.186808
Three Rivers Community College,4774,0.23600153723654535,0.227013
East West College of The Healing Arts,826,0.5374099785602374,0.524160
United Training Academy,1139,0.267935298019922,0.259259
Digital Media Institute,1864,0.18831195051526906,0.176626
Building Performance Institute,1684,0.2467588728729002,0.230986
Benjamin Franklin Cummings Institute of Technology,622,0.19060780930308638,0.177642
Devry University-Pennsylvania,568,0.15911233223814827,0.154155
Dowling College,9340,0.2009863994686537,0.190236
Redlands Community College,2262,0.2388797837759816,0.225938
Ptc University,619,0.16578357186341233,0.157757
Wichita State University,32460,0.22743738974156724,0.217572
Hagerstown Community College,4241,0.2234929984156495,0.212017
Bais Medrash of Dexter Park,559,0.19634069933074164,0.187599
Trinity Christian College,6113,0.29859599120316604,0.288444
Vance-Granville Community College,2750,0.214776010502496,0.205502
University of Wisconsin-Eau Claire,28410,0.2528075823963347,0.241621
Northern State University,3320,0.2576737616485583,0.245802
Graduate Realtor Institute,1329,0.2685385683218237,0.256519
H Councill Trenholm State Community College,967,0.1643899602289928,0.155294
Health and Safety Training College,612,0.2269761360300477,0.208807
Branford Academy of Hair&Cosmetology,11923,0.2093942847750527,0.198650
Professional Home Inspection Institute,1407,0.15771134245798396,0.146536
Southwest University of Visual Arts,543,0.22199450506382612,0.214286
Oral Roberts University,11990,0.3253422940408498,0.312220
Lake Superior State University,5791,0.21388485041354527,0.204213
Universidad Teologica Del Caribe,614,0.33904720365196744,0.321196
Valparaiso University,15017,0.2505580784949426,0.239953
Caterpillar University,751,0.12767311989912794,0.118355
Highland Community College,10881,0.22142134549729572,0.210794
Petra College,794,0.20518016935972616,0.190880
Data Institute,3555,0.1846567032076418,0.172106
Denver College of Nursing,1386,0.5248418651658502,0.513136
Edinboro University of Pennsylvania,12593,0.26558222688053157,0.253825
Iowa Western Community College,5484,0.22969559723265218,0.220117
Eden Area Regional Occupational Program,649,0.2715986639829664,0.264352
Vet Tech Institute of Houston,7229,0.21748777003873584,0.206959
Universidad Ana G. Mendez-Gurabo Campus,3183,0.2025546708132911,0.190498
Johnson&Wales University-Denver,817,0.26455820806554475,0.255487
Bushnell University,1243,0.3247515445753413,0.312006
Ohio Dominican University,6356,0.25836866450325563,0.249342
Good Samaritan Hospital School of Radiologic Technology,502,0.32862504278936006,0.309565
Career College of California,613,0.22540728719810166,0.218623
Ibm Training Center,2003,0.12932934094118737,0.119768
Cleary University,3696,0.20642879455602162,0.196234
Molloy University,2882,0.34313643091579693,0.334171
Capital University,12659,0.25831746100761815,0.246868
University of Kansas,88901,0.24499959998861545,0.234355
Putnam Career and Technical Center,1503,0.201967264772292,0.194090
National College of Exercise Professionals,663,0.45017518124998385,0.439173
"Southwestern Community College-Creston, Ia",765,0.2254043824873894,0.216840
Ohio Wesleyan University,7825,0.2527857268797388,0.240729
University of Hartford,30745,0.23125610269176133,0.220553
Tricoci University of Beauty Culture-Indianapolis,6589,0.21164174619987025,0.200533
Bates Technical College,2455,0.21283307019444905,0.200945
Boulder College of Massage Therapy,635,0.5629400231639782,0.542033
Naugatuck Valley Community College,6608,0.2132860281518747,0.204588
Mosley School of Cosmetology,826,0.2552936769545735,0.241307
Northwest Suburban College,2014,0.20237135816095847,0.191689
South Georgia State College,922,0.2363690274677332,0.227066
Startup School Online,975,0.3392997353012042,0.328345
Connecticut State Community College Gateway,1775,0.25326824516280994,0.243272
Chicago Psychoanalytic Institute,625,0.4146047426668717,0.392622
Indiana University-Bloomington,169838,0.24855008532183417,0.237521
Husson University,4902,0.248572197278479,0.240615
Marietta College,5050,0.21296915139499226,0.203045
Revere Academy of Jewelry Arts,511,0.22664074685190302,0.219015
United States Institute of Peace,661,0.4231960546517292,0.399491
Florida Public Safety Institute,507,0.2890055103752511,0.274016
Clearfield Job Corps Center,533,0.20037544334032248,0.192308
Devry University-Texas,2998,0.12744903613746805,0.118078
Ohio Christian University,3817,0.31742205783172894,0.306205
Rasmussen University-Minnesota,2230,0.2297087344696794,0.220703
Continental Academy,1019,0.18876106296766318,0.179046
University of North Carolina at Pembroke,9922,0.2921160774074948,0.284173
SUNY at Fredonia,13224,0.23855319512429443,0.229419
International Doula Institute,1340,0.6805982965721117,0.672968
University of La Verne,19037,0.28452413821550737,0.272772
Kent State University at Ashtabula,703,0.2633948569876515,0.256018
Galen College of Nursing-San Antonio,503,0.420671712954011,0.408571
Academy of Interactive Entertainment,695,0.13454073645759493,0.124281
Los Angeles College of Music,729,0.2309881737129853,0.221584
Gallup University,647,0.4276589087263598,0.404255
Massachusetts Firefighting Academy (MFA),762,0.28755375504112285,0.271958
Defense Nuclear Weapons School,1327,0.21192937383416688,0.200253
Hendricks Institute,1037,0.24116102363486847,0.222050
The Meta Institute,581,0.3824994310460852,0.367898
Joint Military Intelligence College,1851,0.17786308937855264,0.164431
Florida Gulf Coast University,20767,0.26453152759750476,0.255545
Goethe Institute,4887,0.21854713129635614,0.204797
Rust College,1681,0.24089519259722922,0.231451
Ambassador Institute of Travel,1473,0.2564082666427182,0.244522
Spartanburg Community College,4099,0.1831786632004624,0.174687
Pontiac Business Institute,620,0.21616538424231105,0.200549
Pellissippi State Community College,8416,0.19205466413319844,0.183010
Patrick Henry College,2660,0.22399342943635475,0.211594
Pittsburg State University,13011,0.22116099922082455,0.211002
Lincoln College of Technology-Indianapolis,8653,0.16998881444189662,0.161319
Barney Fletcher School of Real Estate,1139,0.24239590156696791,0.227175
Wheaton College (Massachusetts),5605,0.3038842071437754,0.292166
Southern University at New Orleans,3571,0.28834845186088764,0.278951
Eric Fisher Academy,521,0.2753552995665634,0.257951
The Art Institute of Dallas,3359,0.14462072065849058,0.134233
Promineo Tech,2668,0.20796664513825483,0.192431
Designlab,7722,0.2698023541977719,0.255700
Crossroads College,2534,0.27092531274441883,0.259234
Hodges University,13222,0.22324794228322484,0.211810
Garrett-Evangelical Theological Seminary,817,0.523425791470756,0.514996
United States Air Force Technical School,6963,0.15359414704048774,0.143144
Udacity,21484,0.1794963031368642,0.169597
St. John Vianney College Seminary,1838,0.2717455004912274,0.257809
University of Southern California,188894,0.2519162521845311,0.241150
Bryn Athyn College of The New Church,701,0.26365993685993167,0.254469
River Parishes Community College,1030,0.15546749735766344,0.145615
Pueblo Community College,3261,0.27683083691116955,0.266139
Naval Construction Training Center,777,0.17167915391795463,0.158107
Air Force Leadership School,2063,0.21626828195778935,0.202381
West Coast Baptist College,881,0.32991544707387604,0.315530
Lutheran School of Nursing,769,0.3493627018941176,0.332973
Rockingham Community College,1629,0.20949027469350337,0.198767
Naval Medical Center San Diego,1018,0.3899413233648679,0.376712
Apollo Career Center,573,0.20758157514946515,0.194093
Harrison College-Anderson,870,0.25330364485013634,0.241094
School of Style,783,0.26928273152261484,0.256831
The School of Fashion Design,1566,0.16669436867506707,0.156413
Kamehameha Schools Kapalama Campus,2703,0.3174271771532918,0.304924
Kent Skills Center,4246,0.23256784381827994,0.221841
Naval School of Music,500,0.17049800633551504,0.157807
Washington University of Science and Technology,656,0.1970291383143223,0.183311
Manhattanville College,5738,0.301907026345074,0.289744
Aviator College of Aeronautical Science and Technology,4540,0.13379937667789552,0.124288
Geneva College,45025,0.23883320740652472,0.227563
Jay Shetty Certification School,583,0.5401933309499264,0.525581
Ata College,2328,0.17497150755189042,0.163710
Lane College,4260,0.23557510365246745,0.226704
Ocean County College,11288,0.21802688075331061,0.208614
Louisiana College,2248,0.25683157158458525,0.246505
University of Southern Indiana,16745,0.24967963980414362,0.240082
Jersey College-Port Charlotte,753,0.21931479982615792,0.207207
Hammel College,591,0.19410108786727084,0.185034
Wheelock College,2347,0.5047033028268088,0.493842
Grambling State University,8661,0.2839773185816445,0.270262
Air War College,2295,0.17925646674341703,0.164057
School of Interior Redesign,543,0.23263046179281305,0.223077
Los Angeles Trade Technical College,6837,0.18831168105208945,0.179399
University of Wisconsin-Green Bay,15167,0.2734354392377478,0.261891
Mayville State University,1264,0.2430745524088598,0.228844
Interamerican Technical Institute,2596,0.11175222441414184,0.101594
Furman University,11206,0.2791800589991757,0.267883
University of Central Oklahoma,26234,0.24411242971833907,0.233954
Compton College,981,0.2781477842840371,0.264906
Douglas J Aveda Institute,945,0.2764146554922668,0.259109
School Yoga Institute,3050,0.3966219238568237,0.382379
Mayland Community College,738,0.22474145466114295,0.217200
Stautzenberger College-Maumee,1102,0.2454971973380871,0.237463
Pennsylvania Highlands Community College,1206,0.19924473660024122,0.192105
The Data Incubator,770,0.17885021357304715,0.172009
Holy Family Academy,4590,0.2348960332785286,0.224995
Moore College of Art and Design,4571,0.21157717416395438,0.201112
Educational Institute,6009,0.16835572956934067,0.156499
New Mexico Highlands University,3961,0.33203825233553164,0.321019
Continual Learning Institute,1225,0.3162865633888314,0.298810
American Institute of Professional Bookkeepers,858,0.15674448762985677,0.146654
Petroleum Landman School,1215,0.1416790993916361,0.126344
Golden State College,618,0.2770833959317184,0.261090
Northern Vermont University,1346,0.3019089543639536,0.287313
Bay State College,2641,0.21928817245030313,0.210770
Western Governors University,194348,0.28206032617116034,0.270272
Cet-El Centro,858,0.21534814750196596,0.200780
Wittenberg University,7954,0.2552169383327348,0.244444
Centra College,2430,0.16954676100237184,0.156910
Cbt Technology Institute,1434,0.11174813253553699,0.101956
Saint Paul School of Theology,891,0.37695652797260004,0.358676
Stringham Real Estate School,1131,0.2781049554484549,0.265306
Disney University,2209,0.24659603791484294,0.233617
Wesley Theological Seminary,1300,0.49876465953126464,0.483589
University of Massachusetts-Lowell,46359,0.18317521221586047,0.174478
Reconstructionist Rabbinical College,751,0.4034235355006085,0.382863
Liceo De Arte-Dise-O Y Comercio,2741,0.1752671057616549,0.161864
Edgewood College,7425,0.3140663950071304,0.303454
American Institute of Nondestructive Testing,791,0.10203290660493564,0.090640
Center For Advanced Legal Studies,1765,0.18144715858929536,0.173514
The College of Wooster,8248,0.29599573197344886,0.284831
Pennsylvania Institute of Certified Public,593,0.1358103389746759,0.130856
St. Joseph's University-New York,5158,0.2772117532826347,0.266334
Pro Ems Center For Medics,718,0.3582872493207469,0.351250
Skill Distillery,629,0.15119135263224737,0.139470
Harvard H Ellis Regional Vocational Technical Sch,722,0.16385812508849096,0.158956
International Technical College,2439,0.13335653028311723,0.124830
Tucson College,1897,0.21605203652210173,0.207184
Northeastern University Professional Programs,2556,0.26960322291874944,0.254605
Advanced College,8833,0.1853131570695259,0.175134
Chaplaincy Institute,934,0.5171783577049394,0.495942
Digital Learning Institute,990,0.2526608123046298,0.239619
Advanced Career Institute,1128,0.21784295220712319,0.207715
Leeward Community College,3809,0.23074442693686922,0.220065
Network Learning Institute,2027,0.22115816347513423,0.209180
Sessions College For Professional Design,1519,0.1957144705001015,0.183517
Chicago State University,9878,0.3149409220024548,0.303683
Cold Spring Harbor Laboratory,1503,0.25154831119247545,0.240741
Chapman School of Seamanship,1785,0.22313990676334955,0.210233
Merrimack College,13892,0.2288362176983989,0.219886
Central Methodist University,2463,0.2772515544818295,0.269103
Southside College of Health Sciences,606,0.247260494968973,0.237609
Southern Crescent Technical College,2394,0.21243535106168648,0.204746
Wall Street Institute,748,0.15515342627322046,0.148664
Professional Management Institute,524,0.1597162377377914,0.143087
South Texas College,6184,0.23193429045255803,0.220987
Rockland Community College,8346,0.20904127034335482,0.198754
Rhode Island College,22858,0.24463830456712163,0.235408
College Certificate,866,0.1990993675548945,0.182297
Edic College,2093,0.18432630265274172,0.168485
Chi University,1004,0.33895935370830793,0.329032
The General Theological Seminary,730,0.33649504735070385,0.319699
Tricoci University of Beauty Culture-Lafayette,795,0.20212035964707203,0.190101
Ashford University,64349,0.2664340064932036,0.254644
University of Alabama at Birmingham,47335,0.2770511649646317,0.267378
Devry University-Arizona,4496,0.13297539462812802,0.123192
Santa Fe Community College,5832,0.23996531364543042,0.227596
American College of Healthcare Executives,987,0.36863720872602934,0.348837
Essex County College,11506,0.21804108081176485,0.208888
The Fieldstone School,10642,0.2466795577742969,0.234847
The University of Texas Md Anderson Cancer Center,3816,0.3354672811331577,0.322088
Angeles College,568,0.2629838707892733,0.253456
Washtenaw Community College,12419,0.21707349715098187,0.207957
National Guard Professional Education Center,1119,0.20897988680762186,0.193390
Trade School,2492,0.16408114657639078,0.152969
Miller-Motte College-Arizona Automotive Institute,1624,0.2169973068293245,0.204039
Whitman College,7556,0.31444945038171424,0.301687
Chicago Real Estate Institute,601,0.227065559883494,0.214385
Eastern University,16562,0.31384554436365036,0.302936
Redeemers University North America,694,0.28863275583745573,0.279123
West Coast Ultrasound Institute,816,0.3052580639897803,0.285579
Manhattan Area Technical College,835,0.2137338526372065,0.208257
Golden State Business College,1330,0.14106238108202282,0.132476
Union Public Schools,2414,0.22820880398890636,0.217457
Coldwell Banker University,1476,0.25789182023616053,0.242017
Franciscan School of Theology,693,0.33999721180077574,0.323300
Mdt College of Health Sciences,1001,0.20480269955467842,0.195781
Humane Society University,617,0.33872893534774945,0.324823
Alderson Broaddus University,1415,0.26015295849842024,0.248585
Southern University Law Center,2033,0.2885459677541836,0.281085
Oberlin College,12424,0.33559023754778294,0.320882
Imperial Valley College,2445,0.26982848596725634,0.260530
Southeastern Community College,2597,0.23752532994703326,0.230679
Quality Assurance Institute,2317,0.1451130640032699,0.133578
Young Harris College,2638,0.22998277764483196,0.218617
Pacific University,8401,0.3823175445219727,0.370226
Clinton College,1647,0.3599619955250949,0.347622
Saint Mary-of-The-Woods College,2167,0.34982813929353274,0.337816
Klamath Community College,707,0.2633224598615736,0.249436
Allen College,1074,0.28675348754473506,0.274419
Arlington Career Institute,1037,0.21273661006260555,0.206235
Cooper Union For The Advancement of Science and Art,2796,0.23376889436097084,0.219907
Cosumnes River College,6483,0.24924902974311747,0.238322
"Bexley Hall Seabury Western Theological Seminary Federation, Inc.",1345,0.25209547828322765,0.238990
Merivis,615,0.25016577397849254,0.235211
Professional Careers Institute,824,0.21648286235947653,0.205645
Dudley Beauty College,573,0.3120632065501702,0.293801
International Institute of Event Management,1109,0.1712536269900107,0.160808
St. Mary's College of Maryland,5428,0.2933520961588677,0.283584
Rider University,18764,0.2116806953761089,0.200941
University of Denver,64032,0.2885002974822422,0.275572
Indiana University-Purdue University-Indianapolis,49050,0.27815691127664577,0.267319
Central Louisiana Technical Community College,1580,0.17001675214777764,0.158247
Adelphi University,23111,0.3068495639661968,0.295447
University of South Florida St. Petersburg,3222,0.26212869716673826,0.250907
Daymar College-Paducah,873,0.19758916941284194,0.187726
Lutheran School of Theology at Chicago,787,0.4108252516467675,0.388018
Human Potential Institute,2070,0.4155941775656711,0.394059
University of Oregon,75273,0.27074473989108666,0.258980
Spertus College,870,0.5079189449701881,0.491929
Research Academy,1188,0.2796710538880477,0.268512
University of Puerto Rico-Bayamon,1777,0.17557804279425915,0.165825
Institute For Sexuality Education and Enlightenment,547,0.6182497055674955,0.602339
CUNY Borough of Manhattan Community College,24023,0.2223072291418456,0.212991
Vocational Training Development Institute,777,0.16916454019074523,0.165405
University of Rochester,38383,0.24825147713783985,0.237727
Bethlehem College&Seminary,1066,0.30272826333687053,0.290323
Delgado Community College,10529,0.1971813631939312,0.187240
Kent State University at Stark,1646,0.21516615410853906,0.205473
The Massage School,1552,0.48518177136626683,0.468873
The Christ College of Nursing and Health Sciences,1119,0.3461431375961581,0.336383
Xavier University,31920,0.25352209511047946,0.242411
Southwestern College,9452,0.2302562286411788,0.218932
John Bryce College,928,0.15384879496309897,0.146299
Kentucky State University,3870,0.2850884931419636,0.274226
American Academy of Dramatic Arts-Los Angeles,2007,0.24122094611590925,0.229577
Perry Technical Institute,2421,0.1577744205993623,0.148980
Eastwick College,1785,0.2657124394658309,0.254458
Summit Academy Opportunities Industrialization Center,752,0.23549644035947068,0.226177
Louisiana Christian University,1399,0.3033144260999281,0.292848
Centura College,643,0.24480076208006374,0.236341
Mountain State University,2630,0.288801902262316,0.278544
Johnson&Wales University,44881,0.19042301541912435,0.181273
Ferris State University,30398,0.20014487420146643,0.190065
Gwinnett College,569,0.27664946967911525,0.266263
Computer Career Institute,758,0.10680548524724452,0.097046
Baker College Corporate Services,3502,0.15181517055309623,0.141210
Lakeside School of Massage Therapy,1655,0.3453497404696588,0.332816
Friends University,11597,0.2550551593885362,0.243716
Schenectady County Community College,4060,0.21475508732704737,0.205725
Watson School of Biological Sciences,781,0.3422806405309916,0.335177
Gordon State College,3737,0.22935722181841264,0.219778
University of Arkansas Grantham,7292,0.19435741442798957,0.183367
College of Southern Maryland,7094,0.19758047604625925,0.188767
Key College,938,0.21030262119905033,0.200375
Apex College of Veterinary Technology,952,0.2617370517705995,0.250000
Bluffton University,2518,0.2614527753911899,0.250708
Michael's School of Hair Design&Esthetics,1557,0.2223123218570375,0.211939
Salt Institute For Documentary Studies,521,0.3535921080730108,0.340136
Waterson College,1193,0.26141971947892506,0.253846
Academy For Jewish Religion,697,0.30781388469447174,0.293544
Pearl River Community College,3353,0.1993135447186174,0.190048
California State University-Monterey Bay,11747,0.31517080499396294,0.304593
Guam Community College,717,0.21826430081799267,0.207424
Le Moyne-Owen College,1538,0.27269563110486095,0.262082
Alliance University,9278,0.24407530468516642,0.233177
Bridgevalley Community and Technical College,519,0.2034155164793269,0.196839
Greater Altoona Career&Technology Center,573,0.2026649919468288,0.194978
Institute of Design and Construction,2062,0.21146847101161345,0.200915
University of California-Riverside,49212,0.25339377390886075,0.244143
Ie New York College,2247,0.4075459996861023,0.394460
Francis Tuttle Technology Center,1847,0.18661794294984474,0.177769
Our Lady of Lourdes Academy,8799,0.2578282902895695,0.245114
University of North Dakota,28444,0.2480444957621639,0.236667
South Piedmont Community College,2163,0.23672657036873743,0.226387
Assumption College For Sisters,8563,0.23788557776758718,0.228435
Circle in The Square Theatre School,632,0.3560517313444213,0.340502
Tidewater Tech-Trades,613,0.1728641968357408,0.164609
Professional University Dr. Carlos J. Borrero Rios,1438,0.20118366227388523,0.185518
Aurora University,13016,0.34137980203686147,0.330934
Abraham Baldwin Agricultural College,3627,0.2260835230178697,0.215102
Delta State University,7385,0.24983035127605163,0.238785
Kellogg Community College,5638,0.23697714282284282,0.227600
Manhattan School of Music,4240,0.256627415062006,0.244103
Arizona College of Nursing,2325,0.5057254951865591,0.494041
Indiana University-Purdue University Indianapolis-Iu Fort Wayne,2828,0.22094020564887398,0.211174
Southcentral Kentucky Community and Technical College,703,0.1920338612430788,0.185730
Barstow Community College,2503,0.24036880345256678,0.228708
Erie Community College,12515,0.19528990627920065,0.185519
Decker College,614,0.28965655103220467,0.282759
Florida Education Institute,2020,0.3106212012322045,0.295910
William James College,1957,0.5231534792277518,0.502620
Living Light School of Worship,729,0.4355846590360408,0.422145
Postgraduate Center For Mental Health,559,0.48107447853236934,0.464632
School of The Museum of Fine Arts-Boston,3812,0.23337050733104406,0.221680
Police Training Institute,799,0.318209999207473,0.303125
Royal Learning Institute,4523,0.24230820457641983,0.230769
University of Maine at Farmington,4819,0.29726060817269784,0.284280
"Mitchells Academy-Raleigh, Nc",2581,0.2533964468780592,0.241208
Job Training Institute,3255,0.2198321156339101,0.209272
Mind Body Institute,1356,0.5607894922025317,0.543465
Albright College,6695,0.23794130894720583,0.227186
Antioch University,4713,0.4503631429606262,0.431470
Riva Training Institute,506,0.22779698965579553,0.214047
Clinical Research Academy of America,1523,0.37287643561400635,0.364368
University of Cincinnati,111490,0.23988918149167693,0.230048
Cerro Coso Community College,2221,0.261157811933794,0.253906
University of Indianapolis,12150,0.30385325896371973,0.292218
Palomar College,19791,0.22807275543849537,0.218654
University of Wisconsin-Washington County,1831,0.20473601433008143,0.195562
American Institute-Clifton,4249,0.2397254330241918,0.227932
Academy of Art University,31548,0.17241998661385455,0.161959
University at Albany,15958,0.23272269485978866,0.223053
The College of Office Technology,663,0.2020820604297202,0.195929
Drake College of Business,1029,0.15509984629721357,0.149425
Children's Academy,3190,0.2559609638998289,0.245179
Georgia Public Safety Training Center,585,0.3017332445133434,0.284574
Cuyamaca College,4399,0.22823268468963454,0.218137
The Neuroscience Academy,843,0.48481268400511524,0.469772
Scratch Dj Academy,659,0.18047591893779596,0.169632
Lyons Technical Institute,638,0.1259205840148811,0.115629
Houston Christian University,5242,0.28856409196923216,0.279066
Marinello Schools of Beauty,1279,0.26141600174538643,0.247429
Partnership For Public Service,987,0.3561237312138303,0.340499
Western Nevada College,2535,0.24086601826738527,0.229109
Skyline College,11211,0.2445522071430148,0.235139
Murray State University,17630,0.24835530771339093,0.238254
Augusta Technical College,3898,0.18649867857980448,0.177392
Sawyer School,1853,0.21619584017564233,0.204792
Strayer University-District of Columbia,2436,0.1676355431604527,0.157971
Newman University,4667,0.2657666713980805,0.254860
Zero To Mastery Academy,4452,0.1852603605809154,0.174371
Tabor College,2564,0.2566230902587201,0.246364
National Center For Construction Education and Research,1694,0.1749159086870019,0.163826
Law Enforcement Training Institute,562,0.349233286393322,0.335645
Summit Christian College,623,0.2826267400509349,0.271144
Rudolf Steiner College,779,0.4232234280615779,0.411076
The Ailey School,1381,0.3689505790965453,0.351916
SUNY Downstate Health Sciences University,4793,0.4430514081906579,0.432751
Computer Processing Institute,1194,0.10038056463370233,0.090611
Graduate School of Retail Bank Management,1216,0.21965127631016512,0.205645
Strayer University-Maryland,3836,0.15373388772173469,0.142917
Ideo University,794,0.37187831115507003,0.353632
West Coast University,9357,0.5199404870221853,0.511440
American Samoa Community College,898,0.21338298244934892,0.205545
Southwest Institute of Healing Arts,2638,0.5242515866837275,0.509238
International Scrum Institute,503,0.11350083835669318,0.101955
Rochester Community and Technical College,5442,0.2555698367378268,0.243983
Youngstown State University,24662,0.22256168943487514,0.213357
Huertas College,531,0.1809684459845653,0.169903
Institute of Packaging Professionals,1029,0.17530499516860565,0.160699
Sanford-Brown College-Hazelwood,1842,0.22683227385930604,0.213817
Second City Training Center,5774,0.23204307102787683,0.219250
Corporate Finance Institute,2637,0.1580057609725974,0.146882
Central Alabama Community College,1551,0.17977316768751833,0.171827
The Graphic Design School,2263,0.16301005409598296,0.149367
Schreiner University,3743,0.24957001007445084,0.238696
Rollins College,17354,0.2542968995450145,0.242381
Tui University,2350,0.2206959117155449,0.207394
The Esthetic Institute,609,0.3312956863027444,0.311321
Itsm Academy,3954,0.11293309876035482,0.102418
Skagit Valley College,4967,0.2756766888167508,0.263484
Gemological Institute of America,8632,0.16084750420132038,0.150207
Warner University,2353,0.27223956104392444,0.259227
University of Lynchburg,7873,0.29120399069002584,0.280919
South Texas College of Law Houston,1166,0.19797260687225837,0.188944
American College of Healthcare Sciences,1440,0.5114286724942352,0.497945
Blue Cliff Career College,829,0.1739596980374025,0.168103
Academy Class,1756,0.23115048059066715,0.219747
Glendale Career College,784,0.32043923138128433,0.312367
Copiah-Lincoln Community College,2143,0.19582052401114447,0.187522
Alvernia University,4692,0.2977556670361626,0.287857
Dutchess Community College,9642,0.2108378805050585,0.200943
Clinton Technical School,701,0.23626984252853572,0.227154
Columbia College of Nursing,1775,0.5291564789866876,0.517332
National Training Institute,1822,0.274100823851118,0.258818
University of Arizona,147679,0.2667400133569823,0.255633
Georgia Piedmont Technical College,4969,0.17933958070144354,0.171279
Iolani School,7112,0.2749293896282751,0.263531
University of Utah,96971,0.260488199490163,0.250064
SUNY College of Technology at Canton,4531,0.2195011178279611,0.209778
New Mexico Junior College,1529,0.22140140577290215,0.209375
Institute For Integrative Nutrition (IIN),20107,0.5712103935435725,0.555816
Life Coaching Institute,1542,0.6110044522478913,0.587181
Episcopal School of Nursing,1721,0.30174079015173094,0.286787
San Jose State University,127187,0.22900087199575475,0.219229
Disaster Recovery Institute,682,0.20977515285995185,0.200734
Meredith College,7684,0.30373091570553196,0.292694
J. F. Drake State Community and Technical College,938,0.16960575124469596,0.160276
Laney College,6905,0.2662214120873427,0.255091
Marinello School of Beauty,805,0.24893299106294806,0.232582
Federal Aviation Administration Academy,785,0.1695170186478062,0.158562
Lincoln Technical Institute-Allentown,909,0.12886680603622325,0.123219
Hobart William Smith Colleges,8410,0.2495439834920547,0.238847
Cuesta College,9318,0.25010532443507744,0.238994
Community College of Vermont,5014,0.2615781136528556,0.252365
University of Arkansas at Little Rock,20328,0.25103490811378515,0.241068
Stark State College,7743,0.1939558560646308,0.185748
Northshore Technical Community College,4002,0.18757986798754828,0.178169
City College of San Francisco,27791,0.26988655412691187,0.259320
University of Puerto Rico-Cayey,1159,0.23497569636354226,0.225876
Western Michigan University-Thomas M. Cooley Law School,3266,0.25851892688552125,0.247513
Western Oklahoma State College,1191,0.2219699798149084,0.216144
Lurleen B Wallace Community College,876,0.19841150515529893,0.192907
Miami Ad School-Atlanta,1312,0.17198056447310342,0.158240
Augusta University,12437,0.28778445640689887,0.277357
John Brown University,6377,0.273831613971071,0.264066
Testing Academy,1195,0.14969378144307033,0.139552
Florida Agricultural and Mechanical University,26509,0.3140527034381292,0.303330
California State University-Sacramento,68842,0.270126882590898,0.259225
The National Hispanic University,1465,0.32908357861627663,0.314826
Endicott College,9542,0.23856427747861322,0.227936
Sacramento City College,13870,0.278274918126836,0.267262
Lincoln School of Commerce,593,0.16964222764595363,0.167098
Carl Sandburg College,2578,0.22531705263756066,0.216577
Southwestern Christian College,969,0.3000533495463885,0.289817
Turner School,1690,0.18059994749427002,0.165882
University of Minnesota-Twin Cities,134500,0.25237056962494997,0.240852
Delta College Inc,838,0.19380766009433628,0.181818
Colegio Universitario De San Juan,2342,0.1998413517857089,0.182127
Mount St. Mary's University,6133,0.2340110043520517,0.225230
College Board,12196,0.22451801432062074,0.212078
Institute of Industrial and Systems Engineers,3127,0.1356289805471965,0.128054
Kansas Christian College,504,0.32665182652286556,0.313953
Crescent City Bartending School,848,0.18475361428158155,0.176707
Rio Grande Valley College,563,0.23570645605986223,0.231496
Integral Yoga Institute,996,0.4349488671313188,0.415759
Digital Film Academy,1630,0.17213650144649373,0.161274
Rowan College of South Jersey Gloucester Campus,614,0.17898584982332474,0.168521
Center For Financial Training,2735,0.19444538964051425,0.183472
Guajome Park Academy,1274,0.2688800980970933,0.255469
Incarnate Word Academy,1274,0.2668628064939791,0.254035
Cincinnati Christian University,2471,0.3785704983083348,0.367596
Linfield University,3252,0.31086906253034163,0.298057
George School,7870,0.23018044122896567,0.219950
Arizona Trauma Institute,683,0.6473150420796814,0.637168
Cranbrook Academy of Art,3572,0.24505610214857984,0.234176
Global Cinematography Institute,643,0.15308300719554213,0.144254
Aba Stonier Graduate School of Banking,1799,0.22549786250866424,0.213268
National Association of Health Careers&Education,1936,0.2978676342910653,0.285337
Texas A&M Health Science Center,2575,0.4651047327977367,0.456288
Trine University,6978,0.17774680425144548,0.167903
Apex Technical School,1608,0.1531233159486874,0.143367
Bowling Green State University-Firelands,860,0.22296309971447117,0.213962
Vidal Sassoon Academy,1242,0.28351942434508154,0.270288
Gurnick Academy of Medical Arts,1107,0.4590675484725846,0.447708
Parent Coaching Institute,561,0.6345773895148907,0.624638
The College of Idaho,2910,0.2782733310896506,0.266180
Bethany College,4329,0.2525911210434913,0.241235
Florida Career College,3219,0.21636075780193828,0.206126
Madison Area Technical College,21995,0.22332653920109555,0.213407
Morton College,3964,0.21730015838812558,0.206116
Northeast Texas Community College,2143,0.23093926497729753,0.222099
Alabama Banking School,1299,0.20095651860621003,0.188182
Lare Institute,657,0.3079903791317347,0.297468
Lincoln Technical Institute-Union,731,0.1133940593264326,0.108911
Dave School,870,0.13979837250426935,0.134928
Poynter Institute,1417,0.2982337221988856,0.282137
Recruiter Academy,859,0.26228012093692615,0.246216
Bottega,591,0.18332725925918422,0.176385
Milwaukee Career College,615,0.24574136079617082,0.232653
Ave Maria University,3290,0.23723060553714467,0.226299
Southeastern Louisiana University,18647,0.2266361138970954,0.216414
Bridgewater College,3952,0.2442669181723862,0.230871
University of Dayton,42809,0.2201937595673318,0.210069
Beaumont Adult School,1356,0.25245042979053856,0.245533
University of Mississippi,41352,0.22034002603455238,0.211154
Academy of Health Sciences,1674,0.31063097995769295,0.301279
United Truck Driving School,1085,0.15495004234477067,0.143099
State University of New York at New Paltz,20777,0.25860214819478694,0.248265
Rio Hondo College,8823,0.21798784270210161,0.208027
Oklahoma City University,10700,0.23865239157747548,0.227430
Tennessee Board of Regents,922,0.11986205182068112,0.115198
The Management Academy,638,0.2194739834221197,0.207317
Antonelli College-Jackson,1128,0.18120776039357045,0.175137
Naval School of Aviation Safety,1143,0.1663344643629945,0.152768
Area Technical School,519,0.15590928318065247,0.144951
Niagara University,9608,0.22754468068704764,0.217042
Lipscomb University,11843,0.31985627717833387,0.308134
Hallmark University,2072,0.13779355820838668,0.127454
White Mountains Community College,699,0.2547652367159984,0.249131
Kansas City University,5129,0.25006412914904325,0.240433
Jamestown Business College,578,0.15908098700748258,0.148148
Missouri College,2189,0.24160373012964098,0.230681
The Excel Center,911,0.2573440760876692,0.240588
Purdue University Fort Wayne,30283,0.2615129282868988,0.251122
Columbia Institute,845,0.22446543755572076,0.218127
Alpena Community College,1571,0.2107494280290963,0.200199
Chicago Community Learning Center,2164,0.28065787222596283,0.270461
Universal Technical Institute of California Inc,847,0.14441915653664167,0.136973
Holy Apostles College and Seminary,930,0.3181181329068948,0.304000
Grace College and Theological Seminary,3929,0.3483229835413847,0.336382
Southeastern University,9558,0.3282452988812333,0.317172
Northern New England School of Banking,515,0.23902801203810503,0.224756
The University of Texas at San Antonio,60184,0.2411908813652586,0.231307
We Can Code It,704,0.15026960133459963,0.145959
University of New Hampshire-Franklin Pierce School of Law,1818,0.19304377688444674,0.181064
Lorain County Community College,10285,0.21542983575279712,0.206024
Burke Institute,1355,0.2101057901587409,0.198439
Santa Ana College,12195,0.23339536487742368,0.224491
Yoga Education Institute,1050,0.4964046535969138,0.480172
Research College of Nursing,643,0.5069484685928825,0.500000
Nebraska Christian College,597,0.27810581386838323,0.268895
Indian School of Business,10222,0.11611189151486674,0.107843
Montgomery County Community College,14555,0.21183099535740155,0.203065
Crisis Prevention Institute,576,0.46609060030477595,0.446841
Norwalk Community College,6225,0.1897816043348783,0.180563
Fortis College-Columbus,549,0.2568723340251428,0.249280
Everest University-South Orlando,9499,0.21050572199414108,0.200916
Northwest Missouri State University,17877,0.23663800926759698,0.227169
Gratz College,992,0.41260272107653123,0.401121
Allen County Community College,1683,0.2165954991696833,0.211274
Three Rivers College,668,0.23318323096158264,0.227217
National Personal Training Institute,2984,0.3948869046811193,0.378357
Olivet Nazarene University,9060,0.3295087176568664,0.317196
Lewis-Clark State College,4097,0.28738540638137733,0.273331
Wipo Academy,610,0.14312764205391343,0.128726
Trendimi Academy,515,0.2235303765823707,0.205255
Family Therapy Training Institute (FTTI),804,0.5894520353227607,0.569246
San Jose City College,9607,0.24079825803554908,0.230274
Nash Community College,3915,0.19791770099133346,0.187329
Galaxy Medical College,2632,0.3852126711844317,0.374348
"Eastern Suffolk Boces-Oakdale, Ny",592,0.21180015432055202,0.199690
Rhodes College,6831,0.27549232948937946,0.263307
William Rainey Harper College,23571,0.1931065386004656,0.183759
Magdalen College,762,0.2869595785885763,0.277962
Defense Equal Opportunity Management Institute (DEOMI),1086,0.3148651169212504,0.291298
University of St Thomas,58988,0.2445725987586709,0.232540
Pacific Lutheran University,11032,0.3213434844169191,0.310048
United College of Business,1575,0.16881560081674624,0.158056
Purdue University,172531,0.20939883097538287,0.199427
Coyne College,1487,0.15765770227035605,0.146538
Linux Academy,892,0.11640285671521616,0.103810
Minneapolis Business College,2055,0.20921531094955342,0.201368
Atlantic Union College,893,0.31684123540314796,0.309060
Drexel University,82566,0.24194390610429697,0.233135
P C Age-Jersey City,928,0.0901736658865276,0.084337
Lake Michigan College,4401,0.22367375723513278,0.214873
Louisburg College,1576,0.2162781766257088,0.206771
Greensboro College,3482,0.2586553622764156,0.248999
Sam Houston State University,41190,0.24418496725610947,0.234477
Mccormick Theological Seminary,613,0.44334462309142475,0.433526
Codepath,4200,0.2543033412313558,0.247717
Maryland University of Integrative Health,1787,0.6312187677774411,0.613707
Aveda Institute-Denver,838,0.26543051859303723,0.249237
Diman Regional Technical Institute,655,0.17613653543203045,0.170501
Forrest Junior College,736,0.2356066660630811,0.225731
Saybrook University,1741,0.6061397186223403,0.589195
Compu,6500,0.22791920638497998,0.217608
Champlain College,13628,0.21418409241114275,0.203604
Bradford School of Business,1049,0.1556330520489258,0.143405
School of Mortgage Banking,1623,0.21759048288498514,0.203649
Federal Acquisition Institute (FAI),633,0.1980609105127003,0.186078
Clarks Summit University,4845,0.32153814830392835,0.307465
Regis College,6925,0.346537451591124,0.335630
Harrisburg Area Community College,18133,0.23735500441463905,0.227330
First Coast Barber Academy,850,0.22419261333241422,0.212828
St. Mary's University,22476,0.25026303742445793,0.238845
New College of California,1458,0.4576784552426156,0.442110
St Olaf College,11689,0.30956321301462647,0.297623
Marshall University,23986,0.24994022148029768,0.239134
Fbi Academy,1293,0.27036058361273163,0.248701
Graduate Theological Union,5433,0.193127714864033,0.182654
Armstrong Atlantic State University,8493,0.2830935407618578,0.270634
Lincoln Technical Institute-Philadelphia,829,0.17691581483150665,0.167976
Entity Academy,858,0.3140157389870243,0.301154
Benedictine University,15084,0.2841074322012794,0.271370
Hill College,9727,0.229278947211978,0.219371
Southern California Regional Occupational Center (SCROC),1514,0.20110849816493456,0.193157
College of San Mateo,14517,0.22714830278624243,0.216136
The Travel Institute,896,0.2461491633108064,0.233278
Pilot Institute,2268,0.21589637615508525,0.203301
Executive Protection Institute,875,0.29677304533578497,0.278527
Fortis College,4084,0.26138444906115466,0.250543
Hair Academy,581,0.3123132560899373,0.304035
Triton College,14245,0.19146282618058946,0.181046
Facultad De Derecho Eugenio Maria De Hostos,921,0.20789453721489193,0.191597
Illinois Aviation Academy,2394,0.2629642359922939,0.252407
Limestone University,4911,0.21353929688612758,0.204324
New York Theological Seminary,1055,0.45140844013287273,0.437713
State University of New York at Plattsburgh,3055,0.24354985909967994,0.233875
Molloy College,5108,0.30300624907848833,0.291764
Union Institute&University,3950,0.4264678788149922,0.409707
South Dakota School of Mines and Technology,6198,0.16041021769797528,0.150934
Goldey-Beacom College,4513,0.1464016918033676,0.137835
St. Basil College,796,0.19421046989389604,0.183761
Institute of Advanced Advertising Studies,566,0.15743290590024667,0.141026
Penta County Joint Vocational School,844,0.19051242633204862,0.181996
Davis Technical College,3796,0.20729532932326777,0.197372
Northeastern Technical College,525,0.19205718476897662,0.184751
Institute of Ocean Technology,892,0.24132257720569228,0.226691
National Polytechnic College of Science,2308,0.17149326422239153,0.162679
Mortgage University,2326,0.25038239567655723,0.233747
American Broadcasting School,780,0.17807847552595332,0.170476
Bay Area Training Academy,584,0.3095514284292377,0.298571
Wilson College,7541,0.20847490841066618,0.198607
Celebrant Foundation&Institute,531,0.42637628124930416,0.410256
John Casablancas Center,843,0.24413145648105825,0.236181
Franklin Technology Center Adult Education,2388,0.20176273327463143,0.193204
Antonelli Institute,2877,0.19818376937297016,0.185525
Becker College,5239,0.2216505201567181,0.210245
Grand Rapids Community College,18937,0.22410842192768637,0.215648
Colorado Aero Tech,777,0.15981595948586333,0.150505
Neighborworks America,510,0.4324291389454345,0.417197
North Central University,4347,0.36474123160876515,0.352911
Washington State University Tri-Cities,1495,0.26053764053293166,0.250256
Pc Pro School,841,0.14009778809308604,0.127885
Muskingum University,4315,0.2492532784588367,0.238242
Herzing University,8895,0.28077159680291564,0.270373
Arkansas State University System,1366,0.2219988137219028,0.209114
Hofstra University,45600,0.2195318491175181,0.209507
Future-Tech Institute,3523,0.18341996094190208,0.171269
Ivy Tech Community College,56581,0.21834485344352986,0.209353
Riverside School of Health Careers,3390,0.24115365673945083,0.229363
Advanced Technology Institute,869,0.14621337737458553,0.139469
Grace University,1301,0.36892298898417697,0.353186
Walgreens University,952,0.22069699785030994,0.209262
Indiana Wesleyan University,33502,0.28784805385119233,0.276542
United States Sports Academy,1618,0.3388644844906573,0.325858
Hopkinsville Community College,1764,0.2452253558667232,0.234403
St. John's College,4781,0.24614695809838213,0.235046
Southwestern Indian Polytechnic Institute,1070,0.19824680311456325,0.183110
Barnes Business College,1365,0.19782310812123868,0.188591
Western Washington University,41316,0.2946287993439528,0.283824
Saddleback College,21410,0.23093442124856092,0.220790
Longwood University,11026,0.27549894036641676,0.266331
Fairfield University,23938,0.21275645143920457,0.203003
Mercer County Career Center,939,0.18599166628903677,0.177419
Bay Path University,6602,0.3290579305199244,0.317159
Saint Joseph's University,33084,0.234426055736426,0.223738
Leon Studio One School of Beauty Knowledge,1582,0.23069960630507516,0.222222
Lakeshore Technical College,3884,0.1980113705721038,0.189816
University of Southern Mississippi,31852,0.2485786362041793,0.238773
Martha Beck Institute,526,0.681089295104549,0.663609
Hampshire College,7399,0.31637215188236534,0.300425
Hawaii Pacific University,12409,0.2557351660782664,0.242804
Lasell University,5241,0.21048346293010176,0.200756
Delaware Technical Community College-Terry,2126,0.21408342047700357,0.204205
Capgemini University,1146,0.13631584434492863,0.121612
Pacific Oaks College,1835,0.5771992090532898,0.564103
International Import-Export Institute,3613,0.1468103341933227,0.133931
New York Code + Design Academy,952,0.21073060225628515,0.199197
Saint Elizabeth College of Nursing,1129,0.26742181083440875,0.254355
Heavy Equipment Colleges of America,1425,0.13388423462727533,0.123328
Association of University Administrators,948,0.23905115057205772,0.228474
Bakersfield College,10037,0.2504981246323432,0.240187
Pacific Islands University,1385,0.2344948302384521,0.223011
San Joaquin Valley College-Visalia,1214,0.25205338767066426,0.243669
University of North Florida,39009,0.2505894382173392,0.240683
Ner Israel Rabbinical College,1285,0.25437808923638516,0.238452
Sterling College,2436,0.27518847202535446,0.265512
Hermitage Technical Center,602,0.22141330165856896,0.211268
Cmps Institute,541,0.2169228801913443,0.200000
College of Cosmetology,1412,0.28429850469925894,0.270173
International Institute of Business Analysis (IIBA),1075,0.13750578313543466,0.124498
Tufts University,45591,0.3363463568928076,0.323513
Rivier University,6670,0.2655863181841452,0.254232
Associated Technical College,722,0.1303431600925697,0.121462
Leadership Susquehanna Valley,7152,0.386010388995872,0.370942
American Petroleum Institute,1142,0.1488902279683817,0.134094
Oklahoma Wesleyan University,2304,0.2768506145117028,0.265236
Institute of It Training,4193,0.13422162585823383,0.126496
Coding Dojo,5554,0.1918656868276745,0.183670
National Conservatory of Dramatic Arts,789,0.28399333284346295,0.271498
Mid Pacific Institute,803,0.27057688998337187,0.256303
Thomas Edison State University,25689,0.23595750426614434,0.223543
University of Puget Sound,11459,0.3187489775583422,0.305885
Walnut Hill College,3827,0.2286778941145948,0.216767
Pine Manor College,1958,0.2989626348184669,0.286059
The Apprentice School,4116,0.1356493710419017,0.126160
University of Nevada,3022,0.26188316410975776,0.251998
Carlos Rosario International Public Charter School,1527,0.33531038694123466,0.323975
Salus University,1547,0.42124060505180255,0.412626
Connecticut State Community College Norwalk,2521,0.19320018991321192,0.184791
Edx,10056,0.25588519764630946,0.243480
Louis F Garland (DOD) Fire Academy,646,0.23246955368385588,0.224409
John Maxwell University,1858,0.5388534585455885,0.514768
New York Institute of English and Business,725,0.19975610011736505,0.187799
Virginia Highlands Community College,1614,0.19731728157143996,0.188577
Western Nebraska Community College,2519,0.21394985457027976,0.205930
International Technological University,2728,0.10127708385968819,0.093669
California Intercontinental University,958,0.26850102133335985,0.257862
Nucamp Coding Bootcamp,2281,0.17528915904027742,0.164901
Elkins Institute,573,0.19038014543668902,0.179562
Byu-Pathway Worldwide,6537,0.37957393405228435,0.365820
Horizon University,1325,0.25243922574864797,0.241290
Whittier College,7801,0.2735373502898698,0.263416
Naropa University,3730,0.5571713494897713,0.542120
Coba Academy,624,0.21107642951751568,0.196653
The Art Institute of Washington,588,0.17772322521345021,0.167742
Aveda Institute-Provo,1856,0.23224150347784023,0.220371
Lifetime Academy,1160,0.31842501799805606,0.302739
Medical Training College,3125,0.3252546728846034,0.311234
Dgi Training Center,524,0.16445330109087264,0.151369
Cedar Crest College,4589,0.33514176150073544,0.323761
Career Development Institute Inc,708,0.22446616406295752,0.212051
Coker University,2455,0.25874310720451127,0.245830
Xenon International Academy-Omaha,533,0.29759045401191486,0.286344
Iti Technical College,2080,0.09084745220662954,0.083625
Kansas City Kansas Community College,4987,0.25302599165318784,0.241808
Lyle's College of Beauty,2284,0.2186926466993849,0.208824
Center For Naval Engineering,500,0.15760743063769345,0.143963
Cardinal Stritch University,15166,0.26502016016437274,0.252674
Omega Graduate School,1817,0.29396263161645847,0.279059
Slippery Rock University of Pennsylvania,18903,0.28832773740964773,0.276850
Georgia Southern University,43884,0.22845265573708107,0.218941
Savannah College of Art and Design,36616,0.17516234278444082,0.165133
Stony Hill Heart Academy,1106,0.21169442223449197,0.204242
Tidewater Community College,20215,0.21439690603241676,0.205113
Georgia State University-Perimeter College,20830,0.20855264869625162,0.198894
Victoria College,3827,0.2053644274379564,0.194859
North,1934,0.225766487105401,0.214146
Canada College,10982,0.23672929810130391,0.225820
Hawaii Preparatory Academy,3645,0.270072527758321,0.257678
Robert Morris University (Illinois),10695,0.1913478231638416,0.182885
Universidad Ana G. Mendez,669,0.2677853747379413,0.252500
Lee Strasberg Theatre and Film Institute,1131,0.22455485698247027,0.211103
Johnson College,5284,0.24046148154205552,0.229789
Trinity College of Nursing&Health Sciences,726,0.36748918489483245,0.357860
University of Virginia-Main Campus,106506,0.2507781188552908,0.239311
Southeast Community College Area,10227,0.21137447715544455,0.201363
Mount Wachusett Community College,5478,0.22400494982176936,0.213772
Miami University-Oxford,4431,0.197112892870428,0.187089
Navarro College,6075,0.22758281117292656,0.216762
Cabrillo College,11394,0.2677211456351081,0.257504
Andrews University,7420,0.36679062876012636,0.355460
Northeastern University,149378,0.21622960536676342,0.206613
University of Colorado Denver/Anschutz Medical Campus,57727,0.31934562550932044,0.307579
George Fox University,10632,0.3950399449864451,0.382676
Collectiv Academy-Worcester,1255,0.21480194843650346,0.201613
Harare Institute of Technology,2686,0.257792566991668,0.245387
North American College,894,0.2391425112521663,0.230698
Bentley Institute,523,0.24789999982356314,0.236364
Southern Arkansas University Tech,813,0.22399095032770294,0.213296
The University of America,3329,0.20660289463533427,0.191315
Wilmington University,24255,0.262610518382276,0.252857
Hesston College,2096,0.2978596431635415,0.288746
Black Hills State University,6171,0.26244396170280615,0.249681
Technical Institute of America (TIA),830,0.16737795406619266,0.156902
Global Health College,859,0.5067063099594897,0.499014
Thomas University,1762,0.30423997268094755,0.295263
Sea School,9509,0.3070061719228134,0.295323
The Art Institute of Virginia Beach,956,0.2331059410771848,0.221757
"Gateway Community College-Phoenix, Az",541,0.2171902625100885,0.205564
Air Force Institute of Technology-Graduate School of Engineering&Management,7875,0.15478981515746848,0.143173
Culver-Stockton College,3508,0.2389750154230319,0.227577
Atlantic University,1867,0.2269630488345493,0.212654
Sonoran Desert Institute,1721,0.20593303952276412,0.194526
Ohio State University Agricultural Technical Institute,915,0.22333510253812378,0.215753
Brigham Young University,124995,0.2630480158285589,0.251621
Messiah University,8678,0.346828300732305,0.335304
Community College of Aurora,5097,0.2369466936448222,0.226630
Westminster College,13066,0.2561320539571462,0.245356
Omaha College of Health Careers,649,0.2658648285705997,0.258530
Himalayan Institute,1964,0.21222798357311792,0.202886
University of Washington-Tacoma Campus,7043,0.2918870711158432,0.282815
Dental Studies Institute,2244,0.4257112481989212,0.411140
Jersey College-Naples,1016,0.2211102396357712,0.211932
Vermilion Community College,937,0.23581096309261732,0.224580
Canisius University,6280,0.25232793202783244,0.242082
Career Care Institute,4788,0.21550501293669713,0.204996
National Louis University,20446,0.4009657844711241,0.388894
Lakewood University,2286,0.22416976682247308,0.213496
Albany College of Pharmacy and Health Sciences,1822,0.3987259486106505,0.389996
Jones Technical Institute,1423,0.158992565571924,0.148681
University of South Florida Sarasota-Manatee,1890,0.28545976082598973,0.276342
University of New England,9976,0.42509297755876535,0.413868
James Madison University,58929,0.24370071664503287,0.232801
Oklahoma Panhandle State University,1430,0.22689032872417014,0.218107
Latin American Bible Institute,901,0.3062841406492307,0.295709
Epicodus,1740,0.20270335111706078,0.195199
Medtech College,3232,0.25187866048238416,0.241319
Alpha Pacific Institute,886,0.22498911472346406,0.211856
Penrose Academy,3175,0.22925917308741245,0.216738
Rochester Business Institute,814,0.182083008038056,0.174805
The Sip School,761,0.1622381218425849,0.152715
Career Enrichment Center,693,0.21981955101259185,0.212951
United Theological Seminary of The Twin Cities,592,0.5029678908803291,0.490196
Maine Media College,1183,0.2267043186530631,0.212625
Michigan Theological Seminary,834,0.40122340906889276,0.376037
Lionel University,966,0.28701673999760813,0.276046
Oregon College of Oriental Medicine,911,0.4481678052749086,0.433695
Warren County Career Center,672,0.17034166618662966,0.165459
University of Northern Colorado,30469,0.32198051950925566,0.309915
Big Data University,746,0.163588031626303,0.141542
University of West Los Angeles,1415,0.23658649490603212,0.224713
Carl Albert State College,1624,0.22024761621908684,0.210738
Stone Academy,1367,0.23429810866159803,0.222147
University of Phoenix-Florida,664,0.183029480001913,0.170732
Pittsburgh Theological Seminary,524,0.447225649666916,0.426612
Technical College of The Lowcountry,1609,0.25827403864921133,0.249754
Divine Word College,1068,0.2603710248916347,0.248588
Weichert Real Estate School,1510,0.2192254129927995,0.201764
Pohs Institute,1211,0.19664661620407783,0.187218
Niles College,1362,0.17301166711947172,0.164870
Infosec Institute,4849,0.13197588760521692,0.118925
Touro University Nevada,1214,0.4705954452459769,0.465377
Pennsylvania State University-Main Campus,1566,0.22016858416661034,0.207230
National Technical Institute,2033,0.15115762650277895,0.140678
Whitworth University,7007,0.3468541297948611,0.335322
Christian Brothers Academy,5931,0.1811691904731593,0.172270
Antioch University-Seattle,2647,0.5367290131020644,0.519935
Florida Career College-Houston,500,0.10420830150343256,0.100000
University,23790,0.2072099285290664,0.196559
University of South Florida,130911,0.2683519881234352,0.257733
Fleet Training Center,1092,0.19013508498086262,0.174006
Argosy University,21880,0.3887661914552359,0.375554
Touro University,7030,0.36034583766898626,0.348960
John Marshall Law School (Chicago),1512,0.21660408836664755,0.204461
University of California,61804,0.23666829059654287,0.225649
Waldorf Institute of Southern California,501,0.3238653695904627,0.310954
University of The District of Columbia-David A Clarke School of Law,1013,0.3369992531705055,0.324888
Gemological Institute of America-New York,1153,0.1423069118004219,0.132231
Rosemead Beauty School,542,0.2799317301702477,0.270833
Mchenry County College,7460,0.2063271948041976,0.196715
Agape College of Business and Science,1258,0.19108885909181925,0.184365
Lincoln Technical Institute-Mahwah,508,0.0912962615952765,0.087227
Hamline University,13227,0.31742011800568665,0.304913
Community College of Denver,7693,0.2747251989021625,0.265063
Yti Career Institute,1277,0.16657317187396747,0.157025
West Valley College,14509,0.2139734496858034,0.204694
Seton Hill University,5182,0.2787606937566539,0.268611
Center For Advanced Studies on Puerto Rico and The Caribbean,7868,0.2469835654338687,0.230038
Anthony School of Real Estate,1089,0.23025042360950254,0.222822
Dean College,5357,0.2107296400671856,0.200448
Urbe University,1625,0.1506669087170038,0.136628
Nebosh,518,0.25424570096062094,0.230769
Aviation Institute of Maintenance,3873,0.1203496363911159,0.111372
CUNY System Office,2797,0.2990915811253071,0.291192
Brightpoint Community College,6404,0.23290279164662703,0.223753
Physicalmind Institute,1441,0.3411296394947532,0.325749
Diablo Valley College,25833,0.2403124214640657,0.230755
University of Wisconsin-Platteville,16075,0.20122249541126302,0.190454
Verve College,2888,0.21411186841327906,0.201322
Free Code Camp,18947,0.19048840151686047,0.181387
Colgate University,13374,0.24504316519565528,0.231895
Fox College,1525,0.20464572836521772,0.193747
Morning Star Academy,1267,0.28724263611264256,0.280455
San Francisco State University,102019,0.27689472223809625,0.265501
Maryville College,3041,0.27546317781807445,0.266473
Brave Thinking Institute,603,0.4265905558330657,0.414878
Sussex County Community College,3295,0.2148705395228858,0.204802
Georgia College&State University,15146,0.2477390122409969,0.237594
Mansfield Business School,1203,0.16485387242671523,0.155586
Aquinas College,9132,0.2610613803806588,0.250541
Scaled Agile Academy,1392,0.15697909608289043,0.140678
Association of College and University Educators,717,0.4037755277692871,0.385882
San Jose High Academy,16501,0.22791517105039405,0.216507
Instituto Educativo Premier,8695,0.22156894643131186,0.205198
University of North Carolina at Charlotte,76415,0.2273918023887495,0.217384
Noble Desktop,1056,0.1730161886734779,0.159566
South Seattle College,8944,0.21452074198134943,0.203694
Modesto Junior College,11815,0.24363848255607984,0.232139
H W Brewster Technical College,1448,0.20128038139853646,0.184854
California Baptist University,14506,0.4065319183887646,0.395212
Ohio University-Southern Campus,1831,0.1753623652150492,0.164599
Oglethorpe University,5123,0.2404604939898282,0.230912
Bowie State University,11856,0.28844614616820374,0.278489
Rochester Institute of Technology,62993,0.15975663084724323,0.151080
Canyon College,741,0.25447214945844043,0.236193
Brunswick Community College,3096,0.20874519614100917,0.201419
Edp School,3214,0.194698927314543,0.180918
Small Business Development Center,2809,0.37321717743459343,0.358209
University of Wisconsin-Waukesha,3770,0.22203323406791198,0.211128
State of Indiana,1060,0.29472866667217756,0.279940
Houston Community College,43148,0.19457997350841863,0.185681
Grand Canyon University,91295,0.38200167709153054,0.370552
Fresno City College,11375,0.2523086004744138,0.241525
Central Carolina Community College,3424,0.23037436512409507,0.219140
Institute of Taoist Education and Acupuncture,5510,0.18442551553573588,0.168851
Erskine College,2161,0.2611220247824708,0.250434
Development Project Management Institute,2168,0.1641894460071951,0.151334
Christian Brothers University,7408,0.2172795696936494,0.206677
Dpt Business School,1105,0.1728826652386962,0.159505
Mundus Institute,1420,0.2819297626525643,0.273957
Hillsboro Aero Academy,709,0.20195348471100022,0.195184
Institute of Nuclear Power Operations,599,0.15236968094287728,0.135638
Branch Area Careers Center,860,0.19813275237297143,0.186072
Clear Creek Baptist Bible College,2791,0.2279795122507396,0.216736
University of Maryland Global Campus,97443,0.208590197808085,0.195839
Sandler,3073,0.23253977373485865,0.216686
Upper Cape Cod Regional Technical School,1539,0.19713292550410297,0.184991
Ana G. Mendez University,1820,0.25210094154087503,0.239569
Pacific School of Religion,628,0.5440937769107629,0.531106
Lyons Institute,3146,0.18885748752563172,0.178785
Tarleton State University,19595,0.24908220332244008,0.238342
Oakbridge Academy of Arts,2351,0.2579213104354875,0.246740
Stanford University,140237,0.27036234732200864,0.258012
Milligan College,2561,0.29226178951287946,0.280841
University of Maine,29735,0.24618030075901423,0.235796
Central Christian College of The Bible,1849,0.37203619703485935,0.356040
Colorado Northwestern Community College,1182,0.24461983683691857,0.234259
St. Agnes Academy,21934,0.25898292724560906,0.248971
Rocky Mountain Education Center,705,0.26947660767792053,0.251238
Columbus Business University,685,0.19051132413943947,0.177350
Onlc Training Center,889,0.15215176193941327,0.140074
Six Sigma Academy,4681,0.1507027466686236,0.136086
Hussian College,1516,0.15954942607573463,0.151199
Florida Atlantic University,74784,0.23510283766459864,0.224676
Bellin College,1890,0.27577264247328365,0.265639
University of Wisconsin-Manitowoc,2871,0.22159647030542015,0.210009
Security University,1568,0.1781134294086326,0.162597
Drone Pilot Ground School,706,0.19054136193673,0.181589
Arlington Baptist University,1253,0.23399629323813434,0.221698
Robert Morris University,21897,0.1860640452759467,0.176133
Manhattanville University,2919,0.30067724200656715,0.289129
University of South Carolina,59645,0.23462368510886594,0.225158
School For Strings,655,0.22697831806218105,0.210250
Northeastern Junior College,7754,0.1862676528241274,0.176259
Denmark Technical College,2035,0.24197808996133247,0.217054
Emts Academy,1306,0.30345044881502203,0.291349
Carrington College-Stockton,2905,0.26489034353539226,0.254120
University of North Alabama,14593,0.21955175660518383,0.208270
Lamar University,32212,0.2719297198126445,0.262330
Wiregrass Georgia Technical College,1290,0.1985202471645877,0.192466
Barat College,877,0.19649593607401314,0.187314
Midlands Technical College,10756,0.205553820167519,0.196665
Hawaii Medical College,882,0.38067399017494397,0.368610
Business Academy,2303,0.20663618168864525,0.192364
Northeast Wisconsin Technical College,9978,0.2153247769532416,0.206561
Mercy Center,880,0.37111969155387037,0.355897
University of Science and Arts of Oklahoma,2298,0.2584069881821051,0.247021
Malik College,4584,0.12364221001531248,0.115505
State of Missouri,671,0.27696458008925134,0.264463
Joliet Junior College,13214,0.2042723148055322,0.193252
Pre-University,2139,0.15726918042516377,0.147607
Uei College,3415,0.19068689618753387,0.179778
Texas Southmost College,885,0.22802170539621436,0.219905
National Graduate School of Quality Management,1153,0.16152403205796925,0.149047
Island School,4527,0.25049205425010057,0.238000
Dale Carnegie,16745,0.2190872209989971,0.206240
Escondido Adult School,621,0.25503670934631906,0.243759
Sollers College,546,0.21453973002369595,0.193403
North American University,1526,0.21532653808294647,0.202782
Central Christian College of Kansas,1622,0.2903309750646948,0.278642
Savannah Technical College,3635,0.20080401620492935,0.190427
Cem College-San Juan,3055,0.16817633915462896,0.158761
Ohio Business College,895,0.19493970276122594,0.186456
Ohio University-Main Campus,734,0.1965324705005846,0.188235
American School of Correspondence,604,0.22920599693121196,0.217573
University of Phoenix-California,5089,0.23871953419345268,0.226283
Missouri Auction School,545,0.21906296268445802,0.204509
Bridgeport Hospital School of Nursing,647,0.40229351521789575,0.392768
Bay State School of Technology,1522,0.1931058527826004,0.186085
Harford Community College,7794,0.20134173128000085,0.192492
Maseno School,1100,0.2790755437902963,0.271408
York County Community College,1049,0.2310078609262879,0.220426
University of Missouri-Kansas City,36493,0.26596994722637046,0.255326
The University of Tennessee-Chattanooga,23137,0.24485070677317397,0.234028
CUNY John Jay College of Criminal Justice,25810,0.28289903485221796,0.271209
Brookline College,1085,0.2661072124002695,0.258197
Bethel School of Supernatural Ministry,1898,0.3797961256855132,0.366514
Harrington College of Design,3517,0.1956318750630645,0.183619
Western Wyoming Community College,3708,0.2274229403620678,0.215179
Bradley University,35031,0.21224295349708436,0.201709
"Ata College-El Cajon, Ca",1486,0.2535478126091377,0.236407
Maryland Institute College of Art,9496,0.22583964885018887,0.213640
The Illinois Institute of Art-Chicago,5315,0.16486967795551616,0.156078
Judson University,3927,0.2923658404846128,0.278814
Great Plains Technology Center,716,0.24089780367546695,0.226125
Elite Beauty College,632,0.2627216572446561,0.251337
Auburn University,77933,0.2185837584748135,0.208964
Center For Credentialing&Education,1796,0.3950837365532267,0.380884
United International College,5013,0.23912572175071128,0.227105
Mid Michigan College,2438,0.22938707146157977,0.222400
World Harvest Bible College,731,0.36787933871037104,0.354633
Southern Careers Institute,784,0.21329701715909125,0.205538
Commonwealth University of Pennsylvania,9661,0.2304877668341244,0.219393
Unity Environmental University,4361,0.33047935797088906,0.314862
Thomas Jefferson School of Law,3820,0.24942566461514104,0.238985
Microsoft University,5076,0.1377469621531647,0.128022
School of Business,23359,0.21031227075089398,0.197854
Renewable Energy Institute,1407,0.19704457473110024,0.186510
San Jacinto Community College,31393,0.19573224286077898,0.185389
Silver Lake College,2563,0.267309214312664,0.255915
Lehigh Career&Technical Institute,603,0.15024203267551325,0.144231
Moore Career College,553,0.24531563974717485,0.230648
Emerald Nursing School,525,0.23944050211026177,0.227630
American Career Institute,562,0.1816321963956925,0.178718
Lansing Community College,18608,0.22790924576328522,0.218435
Academy of Hair Design,989,0.2794511430565049,0.262255
College Credit,1039,0.2332080906964881,0.220756
Vaughn College of Aeronautics and Technology,2314,0.13159353390475606,0.121078
Temple University,124655,0.2508918751891858,0.240117
Paul Mitchell The School Tinley Park,1955,0.2473031601047254,0.236224
Dominican College of Blauvelt,4182,0.2720110934006464,0.261621
National Latino Education Institute,932,0.37256560937860417,0.359739
Keesler Afb Technical School,859,0.13953333290387893,0.129944
Lamson College,927,0.17984878405145663,0.172743
Upper Valley Career Center,1888,0.2306925040248445,0.222998
Reformed University,1556,0.24495446284257297,0.228185
The Cooper Union For The Advancement of Science and Art,5287,0.16488347130063394,0.154052
Rockhurst University,12025,0.25166231914425996,0.241589
Northwestern College,8745,0.2743823584272292,0.264131
Quest College,925,0.2289553567197526,0.220865
University of Arkansas For Medical Sciences,4996,0.3919889931978335,0.381178
Central Piedmont Community College,25171,0.2038427017971172,0.194526
Orange County Community College,7026,0.23003870741562948,0.219980
Bryant&Stratton College-Parma,1416,0.2289260568701046,0.219345
Fayetteville State University,9890,0.3117931321449607,0.301983
Innovations Design Academy,2450,0.21444609941901357,0.204115
College Prep,12269,0.24819653683530132,0.237503
Wood Tobe-Coburn School,993,0.1541124898690043,0.144061
Renaissance Academie,1434,0.2279834810718285,0.219657
Saint Joseph's University-Philadelphia,594,0.2637976946334727,0.249280
Southwest Virginia Community College,2773,0.19879976356555587,0.189508
Waukesha County Technical College,12079,0.19340347626334917,0.184602
Portland Fashion Institute,2960,0.17649478420819928,0.166810
American College of Healthcare and Technology,840,0.35728492809246565,0.339104
National Tractor Trailer School Inc-Liverpool,1162,0.17865716387812805,0.164404
Northwest Kansas Technical College,2069,0.17844959064170532,0.170622
American Academy Mcallister Institute of Funeral Service,723,0.30785861226542216,0.299025
Ferrum College,2814,0.22789281197087985,0.217721
Saint Louis Community College-Florissant Valley,4281,0.20939862506816878,0.199801
Pinchot University,1193,0.36774935723591723,0.350449
International Institute of Municipal Clerks,604,0.29202158889600843,0.278146
Pima Medical Institute,4884,0.39648109409239835,0.382634
Smartly Institute,1817,0.26403423083114735,0.248490
Drew University,9578,0.28485363859475643,0.272876
School of The Art Institute of Chicago,13376,0.2312254136725999,0.219764
Baltimore City College,13686,0.24599175338975285,0.235405
California State University-Fresno,35350,0.2828515319314787,0.271688
Institute of Technology,28676,0.1394023387255095,0.128714
Lake Erie College,3683,0.23043047252333973,0.218933
Adventhealth University,2735,0.4186240444276937,0.407208
Institute For Doctoral Studies in The Visual Arts,780,0.20113781392457417,0.186885
Minnesota Paralegal Institute,2612,0.14584565539178307,0.138154
Joint Special Operations University,1673,0.2437565167386059,0.225681
The Rockefeller University,895,0.26710383850580643,0.253359
California State University Maritime Academy,2361,0.15193468143432856,0.140904
Connecticut State Community College,1250,0.2576763289459808,0.245346
Rc Career Institute,865,0.13255189484613852,0.124393
Brazosport College,4504,0.18900653778304347,0.179479
Linfield University-Mcminnville Campus,5607,0.26543480407024145,0.254240
State of Tennessee,682,0.2620094693028628,0.253664
Naval Aviation Technical Training Center,1515,0.15370847256309245,0.144091
Business Skills Institute,1104,0.24385603275983997,0.226998
Blue Heron Academy,2359,0.23735630525916404,0.228858
Immaculata University,7829,0.29742926345849985,0.287317
Defense Information School (Dinfos),6825,0.21567130411621818,0.201965
International Diving Institute,1737,0.23568257243658564,0.219875
Gwynedd Mercy University,6603,0.3071587293805137,0.298232
International Sports Science Academy,1850,0.3962509584781092,0.386881
Langston University,3841,0.29714192130909384,0.286628
Per Scholas Institute For Technology,2236,0.11689455607276227,0.109609
American Technical Institute,580,0.1334688220049011,0.122126
Colorado State University Global,11914,0.2705440735740109,0.257712
Women's Technical Institute,675,0.2217950181462168,0.208174
Ec Council University,911,0.18275866131893925,0.172319
Northwest University,4911,0.35036351843589797,0.340353
Northern Oklahoma College,2931,0.2234817298980212,0.212874
Liberty University,119142,0.35550258127937673,0.343125
Columbia Central University,1150,0.20281600282672865,0.192818
Butler County Community College,5008,0.2074834624066336,0.199333
Functional Medicine Coaching Academy Inc,791,0.7219677892338539,0.706202
Erie Business Center,642,0.1663314545860377,0.156103
Calhoun Area Career Center,978,0.2351551319900936,0.224779
Summit College,3439,0.2586207593465537,0.246876
The Sourcing Institute,646,0.22462819179738713,0.211125
Columbus State University,13233,0.25986084576584817,0.249528
Rutgers University-Newark,25676,0.24040186303576822,0.230264
CUNY Hostos Community College,4253,0.2821514294760732,0.272277
National Medical Education and Training Center,835,0.3319659458899313,0.320988
Millsaps College,4063,0.2548164746965742,0.245761
Harrison College (Indiana),3933,0.23234905872658015,0.222926
Indian Bible College,1115,0.2295236607637014,0.219971
Allgood Beauty Institute,660,0.16673655432691512,0.152661
Pennsylvania State University,248088,0.21110313689631055,0.200768
Heritage Institute-Jacksonville,752,0.20129632095514755,0.193611
Everest College-Tacoma,1263,0.2801716234194171,0.266621
Motlow State Community College,4229,0.2309520221020946,0.219567
University of Pittsburgh-Bradford,1640,0.23372269697104606,0.225581
Ibm Education Center,1441,0.12522809803101004,0.117076
Pine Technical&Community College,787,0.25777420843922644,0.247036
Ursuline Academy of Dallas,7771,0.2631393840960026,0.252273
Center For Advanced Research and Technology,843,0.2525107734285062,0.240940
Heatspring,638,0.2957470956215571,0.282581
American Association of Colleges of Nursing: Aacn,567,0.48903978135811926,0.467492
Lawton School,597,0.23571163661676237,0.227011
Six Sigma Global Institute,2223,0.18523011277087653,0.170189
University of Mary,5731,0.3008097989060662,0.288559
Athenaeum of Ohio,810,0.3478606288295708,0.337464
Faith Bible Institute,1270,0.3754793133979456,0.365732
Santa Rosa Junior College,19530,0.26376193906152506,0.252183
School of Aerospace Medicine,774,0.20920652612130078,0.192632
Vista College,2182,0.23345245182828622,0.221265
Lebanon County Area Vocational Technical School,1990,0.172460674106505,0.164389
Psychoanalytic Center of California,532,0.5538479748894519,0.533733
Michigan Career and Technical Institute,600,0.14045357095234906,0.129121
University of Miami,78551,0.23765203682503966,0.226672
Cochise County Community College District,12072,0.19196183837780498,0.180503
Shawsheen Valley School of Practical Nursing,1128,0.1665690249589384,0.158123
Digipen Institute of Technology,11425,0.259225358454647,0.250689
Everest Institute-Brighton,6229,0.24107105581360078,0.231812
National Geospatial-Intelligence Agency (NGA),911,0.15850224326385504,0.148598
Taylor Business Institute,1507,0.1496847246509353,0.137421
Khan Academy,724,0.23917460464446294,0.226002
Virginia College,11140,0.20389409338012,0.194518
Golden West College,11578,0.22483441417702207,0.215948
University of California-San Diego,116792,0.2500057236564732,0.239882
Puget Sound Skills Center,605,0.23032524987762187,0.223816
Hawthorn University,916,0.3326530376024329,0.319444
Clackamas Community College,7402,0.24547906096034414,0.234134
Travel Institute,1461,0.2320065222199167,0.221781
The University of The Arts,877,0.23713229519127305,0.224708
Teachers College at Columbia University,19821,0.5145099923368754,0.499183
National College of Business and Technology,1670,0.1590586270694428,0.152134
University of Arizona-Sierra Vista,741,0.245438919990842,0.231917
Asheville Yoga Center,983,0.5222213548508237,0.501357
University of Illinois Chicago,96995,0.2667442089429819,0.256377
Glenville State University,1666,0.19146008383707297,0.181857
University of South Alabama,23482,0.2660918765251376,0.255552
National Center For Competency Testing,904,0.3071870517484216,0.297585
Opoku Ware School,917,0.2547828774136439,0.246472
Harris-Stowe State University,2031,0.30275150785353494,0.288622
Professional Business College,6388,0.18652396377377864,0.172547
South Suburban College,7409,0.23123324437030465,0.221669
United States Military Academy,26024,0.21200503614563782,0.198370
Morehead State University,11703,0.2449132698581571,0.235742
Baran Institute of Technology,4111,0.08658022475134994,0.080142
Bridge Education Group,1427,0.3228510179272778,0.310552
Virginia Union University,4630,0.2813892665651593,0.271913
Texas Tech University System Administration,660,0.160687951906592,0.147256
Crown College,3584,0.32174087720114225,0.310746
Hospital Corpsman School,799,0.31481681242729104,0.297802
University of Silicon Valley,2474,0.1597909622298775,0.149931
Covenant School of Nursing and Allied Health,508,0.38062531792127824,0.375796
Command and General Staff College,4733,0.22417569058903608,0.208238
Sans Technology Institute,735,0.16300962543584105,0.145455
Campion College,2165,0.19442127699872752,0.182918
Computer Training Center,3761,0.11424937071604295,0.104338
College of Alameda,4001,0.24153034395446252,0.230008
National American University,7519,0.2208456359076342,0.209912
West Virginia University at Parkersburg,1907,0.17699813554920757,0.167763
Francis W. Parker School,2557,0.2771840006561665,0.266313
Kansas Wesleyan University,1648,0.24345268426450026,0.233404
Berry College,6443,0.2741564773421908,0.263334
Charles R Drew University of Medicine and Science,1482,0.5219061305869991,0.508876
"Elevate Salon Institute-Durham, Nc",2011,0.16234057740723795,0.154058
Norco College,3195,0.2548357209586162,0.242040
Urban Land Institute,739,0.2850961668896378,0.268293
Fayette Institute of Technology,855,0.22392586012050347,0.217935
Western Connecticut State University,12930,0.21958673197965095,0.208838
Paul Smiths College of Arts and Science,2829,0.19809438089544426,0.187113
Rhema Bible Training College,2016,0.3503808130602812,0.335290
College of The Sequoias,5499,0.2665761039721849,0.255112
National School of Real Estate,938,0.2101870054310613,0.197542
Mohave Community College,2184,0.26626643504359526,0.253467
Massachusetts College of Art and Design,8197,0.20269487226975186,0.191334
Academy For Addiction Professionals,861,0.5375195408556496,0.514776
Pennsylvania State University-Penn State York,813,0.20286769018137932,0.194252
The Training Center,10650,0.21238415075292502,0.199490
Wytheville Community College,1237,0.24746977134173706,0.239975
Dev Bootcamp,3690,0.23857898590611695,0.228266
California State University-Chico,46151,0.24827857887258292,0.238050
Doral College,922,0.2566322929020133,0.244954
Oxnard College,2943,0.2480785138218252,0.239257
Metropolitan Business College,654,0.2470499995115736,0.233586
Dana College,2834,0.26345542307581415,0.252452
San Bernardino Community College District,639,0.2279572449062922,0.212339
Williamsburg Technical College,815,0.21410286273804133,0.203476
Toyota University,587,0.12508770427020516,0.109290
Ralph and Luci Schey Sales Centre,729,0.23847291324777667,0.229746
Crestron Technical Institute,610,0.11736983360273556,0.108076
Mississippi Institute of Aesthetics Nails&Cosmetology,1152,0.28970756507339057,0.279800
College of The Canyons,12541,0.23803804327957312,0.229336
Atlanta Job Corps Center,1124,0.22266004289636784,0.213246
Our Lady of The Lake University,9971,0.30309948803859404,0.292157
Community Association Institute,913,0.22645279091998471,0.210181
The University of Texas at El Paso,28802,0.24192191093789975,0.232389
Los Angeles Film School,11847,0.1782521750139943,0.168467
Alcorn State University,4014,0.28057542717119266,0.270363
School of Business and Computer Science,669,0.1240621517884749,0.113924
University Hospital of The West Indies,12273,0.27341802334298804,0.262583
Barnes-Jewish College Goldfarb School of Nursing,1958,0.4557409852982926,0.444733
Real World Risk Institute,734,0.19708146809603924,0.186480
Pr Academy,1583,0.2476386296060909,0.233425
Roane State Community College,4238,0.235937021664261,0.224778
The Chicago School of Professional Psychology at Los Angeles,1601,0.5298351410943284,0.507562
The Art Institute of Atlanta,8417,0.15781062619597136,0.147886
Indiana County Technology Center,2305,0.17515044507866345,0.163697
Kilian Community College,603,0.20582930506696154,0.194444
Depaul University,103015,0.21358436554659407,0.202451
Great Bay Community College,2403,0.21964958058817982,0.211476
"Des Moines University-Osteopathic Medical Center-Des Moines, Ia",535,0.44512306575447885,0.430412
Otsego Area Boces-Practical Nursing Program,748,0.24160823135034376,0.227603
Mountain State College,749,0.18508231998217042,0.172376
Universal Technical Institute of Arizona Inc,4013,0.12383505607717887,0.117178
Houston Training School,1447,0.21840924338502357,0.207083
University of Nebraska Medical Center,6604,0.4278129584954454,0.419056
Belmont College,4849,0.17867163660948895,0.169870
University of Jamestown,1772,0.27519775723428086,0.264126
Aveda Arts&Sciences Institute Minneapolis,1097,0.3090434681966287,0.296348
University System of Maryland,1646,0.25093719996970565,0.242682
Oklahoma State University-Oklahoma City,1671,0.24006907443798317,0.228324
Bristol Technical Education Center,1059,0.18677652787132348,0.180114
Institute of Children's Literature,943,0.3201114465930237,0.308923
Sherman College of Chiropractic,726,0.5686296618536126,0.557303
American Institute of Healthcare Compliance,956,0.27912128909318923,0.264631
Saint Joseph's College (Indiana),523,0.22398127001767373,0.217391
Advanced Technologies Academy,1094,0.2297475692347674,0.216495
Bank Administration Institute (BAI),2215,0.1965501334362755,0.182652
Montverde Academy,580,0.25790617566275187,0.248529
Florida Christian University,3067,0.24940836556707421,0.239118
Mount Washington College,2188,0.18109722287937496,0.173819
United Education Institute-Ontario,852,0.2932534762205278,0.277256
Newport News Shipbuilding Apprentice School,1259,0.1746557225178237,0.164496
Coconino Community College,1541,0.28929908218369854,0.278655
Charter Oak State College,4541,0.2870256814782979,0.275282
North Hennepin Community College,10008,0.22152434756028497,0.211620
Escuela De Artes Plasticas Y Diseno De Puerto Rico,3542,0.18872291042932152,0.172053
Erickson College International,838,0.4426121985642594,0.421710
Coach Academy International,2490,0.5092391045016054,0.478143
South University-Richmond,5551,0.2359586226249579,0.223794
CUNY Medgar Evers College,5224,0.29872060417982477,0.287618
Troy University at Montgomery,1839,0.19667435541684158,0.187354
Colby Community College,1168,0.2660628312850775,0.257979
Gordon-Conwell Theological Seminary,3219,0.44640924093446016,0.430105
Northeast Lakeview College,1550,0.23339511866156193,0.223970
The Academy of South Florida,798,0.1364727450212547,0.127255
The International School of Hospitality,7031,0.16156812437306683,0.148415
Eastern Gateway Community College,6994,0.28170400255573186,0.270542
Houston Baptist University,6254,0.28472111848304266,0.273521
Epic Bible College&Graduate School,1155,0.37777009747629203,0.366775
International Cpr Institute,1829,0.3157377079922717,0.301484
Inter American University of Puerto Rico-Aguadilla,623,0.20257087899566187,0.188352
Strayer University-Florida,709,0.2189065834272141,0.202290
Orleans Technical College,733,0.14254851458942297,0.132013
Mountainland Technical College,2655,0.2068269081562684,0.197393
Biohealth College,909,0.25307613711188376,0.240483
Rio Salado College,10008,0.2635212545380755,0.251353
Embry-Riddle Aeronautical University-Daytona Beach,2297,0.16552381078409598,0.155291
Home Builders Institute,3540,0.20279626510271445,0.192716
Behavior University,551,0.40592982621027696,0.389325
Nevada State College,2502,0.3172253832874768,0.306338
Northland Pioneer College,1201,0.26570226706893346,0.252168
American School,19179,0.2266547522957655,0.214920
Albuquerque Academy,4848,0.25210857555468963,0.241879
Alp International Corporation,1471,0.21648879213943273,0.201510
Peachtree Yoga Center,1056,0.469710884784575,0.454852
Lake Superior College,4117,0.23879135481433536,0.229496
Singularity University,991,0.4064554885508474,0.390977
University of Missouri,22933,0.2434944344369388,0.231653
Curtis Institute of Music,620,0.28010817769343754,0.272615
Trinity International University,6277,0.37871164461574364,0.363606
Iona University,10408,0.18942145369537128,0.180442
California Specialized Training Institute,687,0.4461811563112036,0.433498
Swedish Institute A College of Health Sciences,2275,0.38705305265718914,0.368841
Southwestern College (OHIO),535,0.20743541618967104,0.199653
Infinity College,747,0.2836559719925534,0.271900
Mitchell College,2036,0.21605555516750394,0.207778
Fullerton College,21430,0.2089134798717845,0.199010
College of Pastoral Supervision and Psychotherapy,732,0.6033874978298965,0.587389
University of Dubuque,4354,0.2451278831742876,0.232954
Lake Region State College,1380,0.21709913013498963,0.206083
Carnegie Mellon University,68080,0.18928411635559944,0.179501
Southern Illinois University-Carbondale,61433,0.221175239569086,0.209938
Orange County Business College,1636,0.24276646215758022,0.234964
Codeup,2255,0.20021115891658822,0.191145
SUNY Maritime College,5864,0.12694805086962652,0.116097
John C Calhoun State Community College,8630,0.18253310933798952,0.172341
Rice University,33585,0.2255421173375074,0.214972
Victoria School,4362,0.1862894344235066,0.176753
Intellitec College,878,0.1903695892367964,0.178172
Conway School of Landscape Design,1610,0.2912231608622179,0.277311
Northern Essex Community College,7621,0.2066423033058236,0.197801
St Luke's College,3149,0.2873453155678603,0.273284
Qai Global Institute,1141,0.11639088876442999,0.107274
Toccoa Falls College,1622,0.38371308906725815,0.376224
Georgia Southwestern State University,4447,0.22847368199329862,0.217481
Western Business College,1222,0.21436351975842405,0.204082
Samadhi Center For Yoga,843,0.48800870842387667,0.472043
Lakeview College of Nursing,977,0.3235577045180086,0.314212
Holy Family University,6194,0.28887838985782777,0.277818
Automotive Training Center,1780,0.14529075560494345,0.137523
Professional Golfers Career College,1784,0.23315886464447544,0.221944
Remington College,3519,0.18569173051952964,0.175940
Landmark College,10397,0.38730645783850653,0.369164
Trinity International University-Florida,500,0.3452910904943425,0.334869
Institute of Business and Finance,2464,0.20518054195519217,0.192965
M T Training Center,1529,0.18723954232223416,0.177914
Forest Lake Academy,6802,0.2365259780643673,0.224260
Life Chiropractic College West,1361,0.6429631595287981,0.635723
Yti Career Institute-York,1117,0.17495481545615327,0.168555
Claflin University,3126,0.30716453040230285,0.298045
International Business College-Indianapolis,4251,0.1722565414742531,0.163897
Willamette University,10352,0.2953596986909732,0.283400
Ridley Lowell Business and Technical Institute,781,0.19053066092484863,0.181363
Patrick Henry Community College,2066,0.2326592901377596,0.222436
New England Culinary Institute,1392,0.2136931196288187,0.198758
Roanoke-Chowan Community College,752,0.25039803159804114,0.241898
University of Wisconsin-Barron County,591,0.24069930451403504,0.223611
Solar Living Institute,1606,0.2854159574823768,0.272814
Event Leadership Institute,785,0.2807778989487499,0.263676
West Virginia University Institute of Technology,3192,0.1573486434645565,0.149724
College of Charleston,29699,0.24997767639699603,0.239741
Mitsu Sato Hair Academy,905,0.24466794333439734,0.228972
Oregon College of Art and Craft,998,0.22959479981067707,0.216000
Antelope Valley Community College District,7199,0.247076579916654,0.235913
Healthcare Training Institute,1199,0.3401905666712811,0.327660
Webb Institute,2669,0.21967754660431812,0.209662
Mitchell Community College,2660,0.22128472101142221,0.211660
Johnston Community College,4851,0.24250940856519299,0.234595
Knowledge Systems Institute,915,0.23767441962849534,0.227062
Western Piedmont Community College,2205,0.22052090814746286,0.209805
California State University-San Marcos,23239,0.2864687583572275,0.275943
Frostburg State University,11462,0.23068969414697205,0.221486
Southwest Minnesota State University,5532,0.2370826951255701,0.226187
Simi Institute For Careers and Education,4037,0.11827458237190318,0.111068
Pfeiffer University,5593,0.2741504774239368,0.263132
Community College of Baltimore County,20745,0.22911880142406366,0.219474
Columbia Basin College,6496,0.23442522401215463,0.224764
Sqf Institute,1592,0.1953557978748494,0.179927
Vmware,1650,0.09554484559462177,0.085986
Widener University,21061,0.25639091519676677,0.245446
Valencia College,52934,0.22375645677978534,0.213229
Davis&Elkins College,1406,0.2341815538453541,0.224299
Sanford-Brown College,5370,0.2210906298486712,0.209256
Gateway Community College,9066,0.26191230414380084,0.251766
Institute For Professional Excellence in Coaching (IPEC),5642,0.5981759110556031,0.572386
The University of The South,6307,0.2726429941027214,0.260107
Mars Hill University,3010,0.2572750173070332,0.246000
Greene County Career and Technology Center,1710,0.22490258764475327,0.214207
Recovery University,525,0.5551935112153739,0.536392
Great Oaks Career Campuses,1523,0.21374741995778224,0.203752
Morningside University,3725,0.28550873042568403,0.274011
Delaware County Community College,12716,0.21324540030749012,0.204146
University of Central Missouri,32666,0.22013692908102664,0.209802
Lynn University,8645,0.23538268905005613,0.223976
American Health Care Academy,3094,0.36731921611365226,0.352861
Gonzaga University,23334,0.3038059501691388,0.291841
Bryant&Stratton College-Albany,765,0.20350974878768294,0.193050
Pasco-Hernando State College,7670,0.25158770936465263,0.241751
Cornerstone University,6942,0.3314014183903828,0.319732
William T Mcfatter Technical College,1857,0.21659255975582176,0.205017
University of Michigan-Flint,12416,0.27705287232815756,0.265289
University of North Texas,117840,0.2412312675072071,0.230877
Marygrove College,3461,0.37939256883627187,0.366717
Drury University,7584,0.27530759382080955,0.264028
Riverland Community College,3772,0.2296222342527005,0.217895
Cape Cod Community College,4522,0.24209974306328466,0.228967
Seward County Community College,1295,0.21219001209955823,0.203562
Escuela Hotelera De San Juan,1358,0.15757276254172564,0.140380
Yale-New Haven Hospital Dietetic Internship,1373,0.5103549187499077,0.496925
Sparks College,798,0.24478329606807697,0.230088
Touro University Worldwide,3000,0.38294646860763476,0.369214
Catalyst Coaching Institute,807,0.26387964160800054,0.253915
National Defense University,10108,0.20566469266113013,0.189449
Randolph-Macon College,4720,0.23711669116488715,0.226532
Texas Institute,7359,0.15418355711785625,0.145432
Nassau Community College,25266,0.19889625697162408,0.189481
Blue Mountain Community College,2483,0.2118486861762141,0.204531
Holyoke Community College,6411,0.23413676487476678,0.224919
Specs Howard School of Media Arts,3639,0.17484001820030193,0.162627
Earlham College,4193,0.36699048743105045,0.353703
Digital Media Arts College,2702,0.17225160342786897,0.162901
Westmed College,549,0.26810535324567947,0.250362
Learn Academy,7269,0.18511743312122156,0.171579
Harding University,12476,0.28762467325478397,0.275403
International Correspondence School,986,0.15885610325792995,0.151172
The School of The New York Times,1045,0.29647745086577604,0.284996
Shippensburg University of Pennsylvania,18496,0.22785045374594062,0.216900
Project Management Training Institute (PMTI),1425,0.15677631057974753,0.146557
Sig University,695,0.20040286078278977,0.193758
Hogan School of Real Estate,1278,0.2681362826795226,0.252027
San Diego Culinary Institute,593,0.17291214854428646,0.161125
Institute For Functional Medicine,643,0.7186625943294761,0.709512
Pathway Vocational Academy,878,0.25686985814835694,0.246948
Baptist Health System School of Health Professions,1395,0.36768543579407587,0.356939
Burlington Technical Center,953,0.21296767952758583,0.203499
Belhaven University,7046,0.2806371521537042,0.269874
Caregiver Training Institute,683,0.4649123878568773,0.455569
Mcdowell Technical Community College,836,0.2304815394745404,0.222635
Broadview College,2159,0.2825860448399182,0.272161
Dale Carnegie Institute,1278,0.21031025760703143,0.197882
Georgia Northwestern Technical College,3500,0.1901295077327614,0.179518
Brookdale Community College,16453,0.20025313428714886,0.191136
Suny-System Office,2478,0.23314653271627153,0.221880
Cayuga County Community College,3103,0.20892957226566464,0.198046
Tony Robbins Mastery University,1797,0.47673922408006647,0.451613
Kent State University at Tuscarawas,947,0.21253797724513127,0.204618
Cairo American College,2671,0.19733848033479026,0.188809
Triad Tech,589,0.1723732135217991,0.160714
City Colleges of Chicago-Richard J Daley College,3971,0.21252787696761538,0.202580
Northern Illinois University,77793,0.21961629180548192,0.208765
Universal Technical Institute of Northern California Inc,609,0.142320924042471,0.129076
Devry University-Illinois,48146,0.1808550749833977,0.169275
South Bronx Job Corps,510,0.23818741787037498,0.227124
Kal Academy,2560,0.19838555623501966,0.187228
University of Nebraska at Kearney,11908,0.2657281429798194,0.255054
San Francisco Conservatory of Music,2044,0.2637972581202727,0.253655
Birmingham School of Law,1065,0.23378828128777102,0.220264
National Institute of Technology,35507,0.10958089992322335,0.101311
Vincennes University,12594,0.2020279428649538,0.190956
Louisiana State University-Eunice,1842,0.20993866787941162,0.200176
Williams Baptist University,625,0.2762953615401157,0.259215
Valley Grande Institute For Academic Studies,999,0.17119543784134741,0.159649
Association of California School Administrators,738,0.4233515864311269,0.410734
Clearwater Christian College,2035,0.26949712492921246,0.258300
Delaware Area Career Center,754,0.19682171464438156,0.187082
Harrington Institute,742,0.2457127086448418,0.235229
Realtor University,1350,0.2878368667564593,0.273004
Dream University,1139,0.33655083640379213,0.324201
Wayne County Community College District,7344,0.2513487927076817,0.242281
Goshen College,3354,0.3405707101510731,0.326898
Mycomputercareer at Raleigh,8074,0.11960572958045612,0.112826
Atelier Esthetique Institute of Esthetics,787,0.3028247656349226,0.284079
Pennsylvania State University-Penn State New Kensington,681,0.17974615362952542,0.171683
The North Coast College,1449,0.23732316210980234,0.229277
Southern Adventist University,5023,0.34357231368048796,0.330834
California Miramar University,518,0.20601289319306237,0.193403
University of Texas Southwestern Medical Center,7387,0.39520312548953884,0.386098
Newark College,2909,0.23420760646467992,0.222222
Harris School of Business-Wilmington Campus,1405,0.2173812820467837,0.206239
Hammond Area Career Center,858,0.24144668691972804,0.225280
Esade Business&Law School,23235,0.19038375269565766,0.176811
Wentworth Institute of Technology,15437,0.12389285372789999,0.115579
Daystar Leadership Academy,770,0.29647300515030844,0.286299
Lake-Sumter State College,5327,0.24729587370434436,0.236059
University of Michigan,176272,0.26851435117503264,0.256871
Herzing University-Atlanta,644,0.17819485191759085,0.169770
Tech Talent South,1115,0.2169060364327968,0.205966
Mount St. Joseph University,4630,0.2893921641756684,0.280850
Globe University,5349,0.29021695773050293,0.281937
Rappahannock Community College,1970,0.23146967327942994,0.221633
Mediatech Institute,694,0.16997174125020725,0.159912
New York Institute of Technology,31664,0.17156076029723852,0.161767
Frederick Douglass Academy,6251,0.2546939265985634,0.243042
Montessori Center of Minnesota,2196,0.28719723087913973,0.276071
Ross Medical Education Center,918,0.29424209936807183,0.279383
Washington State Community College,1321,0.23493172243793298,0.225999
California Coast University,5033,0.2611331566675285,0.245934
Prairie State College,5070,0.225011978138131,0.215271
Columbus Technical College,2732,0.1896091050773708,0.181843
Brookline College-Phoenix,3253,0.27420397318236056,0.259185
Southeastern College,1913,0.21701709029400565,0.208081
SUNY Morrisville,5247,0.1948395589335158,0.183620
"Columbia College-Columbia, Sc",3201,0.35289676636839823,0.343879
South Carolina Criminal Justice Academy,730,0.3023208586407162,0.286164
Academy of Court Reporting and Technology,731,0.18258520819066082,0.171875
Dr. Ida Rolf Institute,854,0.44917269202736815,0.437678
Institute,77476,0.14906465921511128,0.139859
American University,84121,0.2903584337419976,0.277271
Laurel Technical Institute,586,0.21023897729857816,0.198540
Niagara County Community College,6420,0.20118524802155702,0.191887
Citrus College,10157,0.23325678929814922,0.224018
Tennessee College of Applied Technology-Memphis,648,0.17153724168146414,0.161082
Juniata College,4487,0.2601216704177035,0.247967
The University of Olivet,1094,0.2726513390139374,0.266206
Birthingway College of Midwifery,775,0.6190052156842443,0.602174
International Business School,11077,0.18929582004924975,0.176713
Somerset County Technology Institute,1263,0.1994354794219566,0.191818
Some College,3374,0.18744459827847107,0.177415
Greater Johnstown Career and Technology Center,596,0.18664270079472578,0.174625
Spirit of Faith Bible Institute,971,0.4477472408297843,0.432454
Community College of Beaver County,3478,0.2152016474445827,0.205200
Universal Technical Institute of Texas Inc.,8394,0.12109657835186646,0.112378
St Cloud Technical and Community College,4561,0.1986451852068854,0.189661
Control Data Institute (CDI),3580,0.08901718183029161,0.081664
Wayne State College,6489,0.2525562242189272,0.242557
City Colleges of Chicago,1852,0.21762587246807163,0.209042
College of Court Reporting Inc,979,0.16669374957112532,0.155428
Aventis School of Management,6901,0.19954849088294158,0.187883
"Westminster College-Fulton, Mo",2585,0.25047983292939047,0.240046
Professional Skills Institute,969,0.28924085028974855,0.277447
Charis Bible College,869,0.34983764965114056,0.333619
Devry University,112448,0.1476527419332732,0.138269
Plaza College,2994,0.3129864426155782,0.301268
University of Puerto Rico-Utuado,634,0.12183833351804284,0.115385
Gordon College,7390,0.3180618403750121,0.305485
Nexus University,881,0.20717502341846072,0.195215
Columbia Area Vocational Technical School,1498,0.17968132633354275,0.171126
Back School of Atlanta,1004,0.25985096553568293,0.250439
Universidad Central Del Caribe,5543,0.20542733152502432,0.187616
Commonwealth Technical Institute,727,0.3149308217444288,0.300228
Orange Technical College,698,0.2051526695823553,0.194175
Bennett College,2387,0.31854704318119426,0.308568
Tiffin University,7100,0.26075915146666806,0.251237
Miami Lakes Educational Center and Technical College,2251,0.20790224059602608,0.197794
Illinois Eastern Community Colleges-Olney Central College,568,0.23632262938218065,0.230887
Champions School of Real Estate,11551,0.2515407551731327,0.239780
Tulsa Technology Center,2916,0.19595320039145217,0.185982
Swarthmore College,6514,0.3277652467635632,0.313775
Savannah River College,831,0.2022237483496038,0.189563
Institute of Contemporary Psychotherapy,1310,0.513924797804713,0.484191
The Chaplaincy Institute,664,0.4771275044815065,0.465296
Mitchell Technical College,800,0.15017901285259275,0.140807
Tennessee College of Applied Technology,970,0.1847975201523297,0.172727
University of Houston-Clear Lake,22835,0.21968185068044793,0.209289
Lake Tahoe Community College,2071,0.29211660094233594,0.282031
London Eyes International Academy of Makeup,809,0.2868830166935931,0.270729
Penn Foster,4375,0.22120273884868724,0.211029
College of The Marshall Islands,506,0.2395490870176022,0.225539
Mount Mercy University,4059,0.2599263036478664,0.250456
Providence Institute,2757,0.2553248063439847,0.244706
University of The Ozarks,1504,0.2337692767768658,0.224861
Rowan College at Burlington County,9498,0.2185884254402736,0.208927
Ada Developers Academy,535,0.28144076378267546,0.272293
The University of Tennessee Health Science Center,6320,0.39012251781739493,0.378076
Allied American University,1596,0.2165237578758242,0.206913
Southwestern Oregon Community College,1416,0.28130108998896025,0.269902
Western State College of Law at Argosy University,1063,0.2566289652667772,0.244207
H&R Block Academy,1287,0.1621856751714823,0.154786
Jones College (Jacksonville),4000,0.23489661187102975,0.226933
Pioneer Pacific College,1559,0.23676975668109243,0.225868
Lone Star College System,48667,0.19998779872963462,0.190714
Claremont Mckenna College,6221,0.2574225944697376,0.248021
Lamar State College,553,0.16737483705625666,0.154221
Empire Beauty School,1686,0.2679368075923727,0.259422
Howard College,2000,0.2424814422936235,0.234198
Bethel College-North Newton,2985,0.3013829379522218,0.290553
Middle Georgia State University,6332,0.23204967219486644,0.222183
Grays Harbor College,1583,0.2776117811213584,0.266310
Geisinger Commonwealth School of Medicine,822,0.36469137140291635,0.357843
Daytona College,874,0.19798574019084358,0.187672
California College of Music,504,0.17688998304906445,0.160267
Faith Academy,7461,0.24934763926106923,0.240146
Public School,40078,0.15676988710397927,0.147029
George Mason University,103929,0.22680220626089637,0.215895
Commercial Divers International,885,0.17055748742191032,0.157488
Rome Free Academy,3523,0.24164750356543416,0.227932
"Middlesex Community College-Middletown, Ct",951,0.20179490153821855,0.192157
Fox Valley Technical College,14879,0.22436656467986957,0.214002
Hackbright Academy,1198,0.27636639985818573,0.266667
CUNY York College,3677,0.27973042036894286,0.268881
College of The Albemarle,2274,0.24632022034220835,0.237807
Itt Technical Institute-Troy,68872,0.11998556923831567,0.111885
Passaic County Community College,6651,0.22579278107801865,0.219874
Bessemer State Technical College,675,0.12910323313118605,0.123557
South Coast College,893,0.18385707923447853,0.172566
Accenture Solutions Delivery Academy,1671,0.20062029529136438,0.189699
Dispute Resolution Center,571,0.3995432783445115,0.375185
Ridgewater College,5399,0.22624613105274494,0.216142
Livonia Career Technical Center,692,0.17448716591019456,0.163914
Certified Life Coach Institute,968,0.6077388179094446,0.586762
South Georgia Technical College,905,0.16687189305621686,0.157631
Walden University,67833,0.44197245683720815,0.429103
Avenue Five Institute,500,0.27352408322915395,0.254799
Massachusetts Maritime Academy,4441,0.14419138233328846,0.134842
University of California-Santa Cruz,61107,0.2812899072211581,0.270291
Maysville Community and Technical College,1098,0.1839465476735433,0.175801
Chancellor Institute,719,0.24531438505161096,0.233179
Indiana University-Southeast,9713,0.23092596713205363,0.220617
Clinical Training Institute,984,0.4272889863753902,0.414742
Loyola Marymount University,37647,0.2699465952742955,0.259205
Polk State College,8225,0.2313556288602562,0.223673
El Paso Community College,7997,0.2193565132677535,0.210143
Baltimore City Community College,4398,0.26728408679833987,0.258800
City Colleges of Chicago-Kennedy-King College,2477,0.27170258803310193,0.260147
Global Tech College,2716,0.1810799113349321,0.164877
Saint Mary's University of Minnesota,14284,0.33126536625833947,0.318893
West Virginia State University,4821,0.2313606915892367,0.221821
Moore Norman Technology Center,1607,0.2005991990342321,0.191096
Catawba Valley Community College,4335,0.20848182395886625,0.200000
Modern Hairstyling Institute-Arecibo,895,0.1922419189343241,0.182174
"Mitchells Academy-Wilson, Nc",728,0.24607114856433698,0.236292
New York Film Academy,8398,0.1772788740849104,0.168228
Whatcom Community College,5289,0.29523554678477937,0.284382
Florida College of Integrative Medicine,1527,0.3114983383047505,0.295284
Monroe College,9791,0.22051625353113852,0.210987
Flint Hills Technical College,535,0.2020329018496236,0.186782
Alexander Academy,3336,0.247920888432552,0.236780
University of Puerto Rico-Rio Piedras,8431,0.2644704759786182,0.253743
Technical Institute,2752,0.12175727680813267,0.110976
Saint Louis Christian College,1167,0.3189514498338599,0.309271
Corinth Academy of Cosmetology,1158,0.24098958424431435,0.230189
SUNY Brockport,21955,0.27355028096040307,0.262100
Cet,1994,0.14833997406315738,0.137666
Midwest Technical Institute-Ridgeland,726,0.21394288875065862,0.200903
Executive Security International,1514,0.2725409813134047,0.251680
Lancaster County Career and Technology Center,1100,0.2084506973019646,0.197649
National Conflict Resolution Center,514,0.47186650473645275,0.446055
SUNY College of Technology at Alfred,8412,0.15982888992084912,0.150915
Monteclaro Escuela De Hoteleria Y Artes Culinarias,807,0.1467408102360157,0.134387
Thomas More University,3972,0.20300305923485282,0.191854
Louisiana State University Health Sciences Center-New Orleans,2430,0.37945331589979964,0.366864
Mcphs University,10061,0.4187556340594437,0.409052
Travel Agent Academy,514,0.29032765910430813,0.279869
University of Hawaii Maui College,2212,0.280994283246588,0.266643
Martinez Adult Education,936,0.21707118124342822,0.202761
Hawaii Tokai International College,957,0.21773205557535763,0.206446
Felician University,3132,0.29767696903673924,0.287710
SUNY College at Potsdam,8838,0.2621096469708513,0.250776
Polytechnic Institute,7963,0.13626036238307898,0.126676
Chrysler Academy,610,0.15101138708177564,0.141361
Los Angeles Community College District Office,1617,0.3190431105001887,0.306544
International Institute For Restorative Practices,1050,0.4246117364701988,0.410083
North Florida College,1030,0.2551106364016776,0.242697
Delaware Technical Community College,10629,0.22193901183647352,0.212407
Hamilton College,11130,0.2446272501615708,0.233699
Mcdaniel College,9647,0.30820753729785266,0.296043
Comcast University,792,0.214927721024849,0.201613
Feather River Community College District,1079,0.29637019035650697,0.284875
Georgia Military College-Atlanta Campus,574,0.19923116114345604,0.195467
Yakima Valley College,4083,0.2767293661059114,0.266393
St. Michael's Learning Academy,3759,0.21803535161280096,0.207746
Career Quest Learning Centers-Lansing,1031,0.2151036157777829,0.205975
Interactive College of Technology,661,0.1757061124615726,0.162592
East Tennessee State University,23422,0.27011243736019114,0.260553
Center For Innovative Training and Education,519,0.3509783094482704,0.336093
Rogers Academy of Hair Design,2748,0.25011503319803213,0.238355
"Real Educational Services, Inc",1792,0.14828534751527497,0.142399
Atlantic Acting School,1658,0.2550236702673528,0.241142
Duke Ellington School of The Arts,1573,0.26868631570050544,0.258065
Bucks County Community College,17060,0.199178851796246,0.190691
Berea College,4451,0.3244376765538591,0.312190
Tunxis Community College,3379,0.21781628500627348,0.208824
Academy of Chinese Culture and Health Sciences,2022,0.27486974759533844,0.265445
University of Mount Saint Vincent,1900,0.3486548217791522,0.335832
Sanford Burnham Prebys Medical Discovery Institute,907,0.23580436263040427,0.223268
Basic Enlisted Submarine School,755,0.16042904961372462,0.146369
Cleveland Clinic Health System,1716,0.39936944209879377,0.387023
Sul Ross State University,3073,0.2803722527779892,0.266591
Montessori Institute of Milwaukee,2000,0.33965503618179943,0.329067
Fullstack Academy,5728,0.212066204001532,0.200730
Kennedy University of Baptist,4183,0.1843459961315511,0.172439
San Joaquin Valley College-Modesto,744,0.26276551260303094,0.251116
North Country Community College,1107,0.2230566568060817,0.206799
Naval Technical Training Center,5843,0.16864290198506152,0.155996
Trinidad State College,2115,0.23947808618977487,0.226919
National Paralegal College,1719,0.19843706021920887,0.190174
Texas A&M University-Commerce,25831,0.24681771446560555,0.236999
University of California-Berkeley,229029,0.2671078560872237,0.255714
Sacramento Entrepreneurship Academy,669,0.3133278045804633,0.291771
Pine Ridge Job Corps,1072,0.21319444400105117,0.202160
Studio Academy of Beauty,627,0.24955216763963817,0.234417
University of Puerto Rico-Carolina,1024,0.20005626921303934,0.186520
United States Army,122151,0.19465471413469682,0.182223
Universidad Ana G. Mendez-Carolina Campus,500,0.16602166328955772,0.152513
Lenana School,1623,0.2011131346279148,0.190270
Randall University,941,0.24889517372378986,0.238606
Odessa College,5133,0.19184318279880905,0.182279
Halifax Community College,2308,0.21754689770073884,0.204990
Columbia-Greene Community College,1545,0.237884289497878,0.227090
University of Notre Dame,65601,0.23623128359352083,0.225601
Northland Community and Technical College,2414,0.23956559852771292,0.229550
Life Support Training Institute,629,0.33686052607930494,0.321330
Wilderness Medicine Institute,739,0.4072533471304221,0.395006
Otero Junior College,958,0.15923638031378728,0.146814
Mission Valley Regional Occupational Program,527,0.31105906156421953,0.298438
Denver Seminary,2380,0.49503477053981454,0.482067
Bais Binyomin Academy,524,0.19875143798577952,0.186125
University of Washington,188844,0.2840159989939467,0.272433
A T Still University of Health Sciences,4981,0.5092120707145555,0.496856
Oklahoma City Community College,8730,0.23033400349660932,0.220372
Southern New Hampshire University,142587,0.24611253720186044,0.234424
Miles College,2206,0.2533998634437838,0.246692
Moraine Valley Community College,14791,0.1999493404213894,0.191033
Sanford-Brown Institute,2477,0.2438263559956554,0.234396
Duquesne University,27871,0.26739718109822536,0.256823
Gateway Community and Technical College,3839,0.1925233647202419,0.181021
Norwich University,13349,0.2374078768009326,0.224499
Reedley College,2792,0.25998293146178353,0.248913
Newschool of Architecture and Design,4941,0.18517464615715945,0.174343
College of Visual Arts,2180,0.18172596460512583,0.169337
University of Pikeville,2712,0.25025174768436176,0.242716
St. Jude Nursing School,870,0.2794639382832779,0.266413
Bellevue University,30673,0.22091096038251565,0.209008
Professional Bartending School,2050,0.20882052601517212,0.193421
American Certification Institute,1450,0.2597022004389592,0.247472
Navy and Marine Corps Intelligence Training Center,1483,0.18701649965437875,0.169742
Loraines Academy&Spa,1268,0.26813847713475303,0.255587
Flight School,2850,0.20206604699695,0.189099
George C. Marshall European Center For Security Studies,585,0.2137858535602658,0.198880
San Joaquin Valley College-Bakersfield,611,0.2322695591263495,0.217610
International Academy of Design and Technology,10157,0.16733090710898207,0.157488
Western Michigan University,69242,0.2421659258979904,0.231155
Eastern Connecticut State University,11409,0.22825266412047465,0.218964
La Roche University,5515,0.2239211226718981,0.212004
Natural Gourmet Institute For Health and Culinary Arts,1053,0.45246167518118324,0.431886
California State Polytechnic University,10991,0.21975711904124617,0.210316
William Paterson University of New Jersey,26524,0.2271106881054528,0.217676
Woodland Community College,2443,0.26444614270229727,0.252953
College Park,1173,0.22558137221193902,0.214052
Rowan College of South Jersey,1421,0.25058075377932965,0.237107
Maric College,2502,0.2122340881550381,0.200267
Rensselaer at Hartford,2357,0.13437757850017112,0.126820
West Hills College-Coalinga,791,0.24661746127907988,0.240781
Vista Adult School,1833,0.23868996139279613,0.225264
Reach University,568,0.4685431101349616,0.457050
More Tech Institute,510,0.19438130757568567,0.191589
Trinity International University-Illinois,740,0.28816205040962684,0.280127
Fairmont State University,7016,0.21975763750070315,0.209122
Estrella Mountain Community College,4693,0.25040385322853703,0.239740
Northeastern Hospital School of Nursing,805,0.403588010838568,0.394467
Applied Instructional Design Academy,1052,0.5308728794436417,0.500420
Rensselaer Polytechnic Institute,37605,0.15348189506484544,0.144132
New Jersey Institute of Technology,40410,0.12273426581225676,0.114877
Columbia School of Broadcasting,1096,0.20929727730293554,0.197708
Roberts Wesleyan College,4651,0.32877933826562605,0.313523
Christie's Education,752,0.2051120190567487,0.190385
Paralegal Institute,977,0.21160156040455003,0.198850
Western New England University,14792,0.18544200543280406,0.175397
Desales University,11351,0.23034120535956046,0.220253
Detroit Training Center,931,0.22506528514870638,0.212707
Acton Technical College,973,0.26138012224044316,0.251539
North Orange County Regional Occupational Program,1052,0.28644786594166594,0.273856
University of Providence,2445,0.3055488479156704,0.294138
Global Translation Institute,595,0.26455304913710126,0.256738
Nyack College,4745,0.342147486410056,0.331605
Institute For Supply Management (ISM),1160,0.11492820124915218,0.104317
Utica School of Commerce,1272,0.22191904391274228,0.213041
Collin County Community College District,120227,0.21478138914854958,0.204519
Academy X,762,0.2423690150982361,0.231544
California State University-Bakersfield,11858,0.29463225030835444,0.282766
Naval Air Technical Training Center,3078,0.15523008126365498,0.143769
Athens Technical College,3273,0.21649999947384857,0.209093
American Academy of Art College,666,0.197145662303272,0.185542
Process Work Institute,1017,0.2807572133229048,0.264511
University of Houston-Victoria,7156,0.22593241277603385,0.214792
Brown College,6019,0.17165613606840197,0.163804
Sullivan County Community College,2119,0.2221241998882376,0.213839
Big Bend Community College,2072,0.2195382444536073,0.209267
World Mission University,1213,0.38825826193003526,0.378151
Antigua College International,755,0.258859044751634,0.244173
Esco Institute,616,0.13207596550583264,0.120172
Community Christian College,1580,0.2744532343295779,0.265040
Chatham University,6543,0.3671261256362746,0.354865
Emily Griffith Technical College,4232,0.25023225287667744,0.239666
Daytona State College,14236,0.2336593231280479,0.223937
Emc University,578,0.11319680092882599,0.104312
Diverse Media Institute,895,0.2605099538409007,0.249315
Northwood University,21809,0.17926939084401142,0.168973
Saint Charles Borromeo Seminary,746,0.26019908439370043,0.248284
Nashville Software School,2071,0.20743504150043693,0.197764
Northwest Lineman College,1262,0.15218524688122215,0.141267
Tooele Technical College,511,0.23256091351774055,0.225042
Law Enforcement Training Center,1239,0.27484552724234673,0.257677
Rosedale Technical College,592,0.16065220350155518,0.152893
Palm Construction School,813,0.2127977214125028,0.198178
The Airline Academy,1430,0.17484449736916563,0.160885
Normandale Community College,14557,0.2378759690945802,0.227756
Hillsdale College,7459,0.25331237677120994,0.242749
Bryant&Stratton College-Buffalo,1255,0.20624018704365427,0.197500
Columbia College Chicago,36598,0.2020846171042866,0.191657
Sami Halaseh Institute,555,0.22937100282884146,0.221003
Central Wyoming College,1701,0.2638030096425349,0.252269
East Mississippi Community College,2283,0.19915434490374123,0.191072
Oakwood University,5363,0.35976655460528956,0.348689
Lim College,7288,0.12648078693179504,0.120512
Troy University,39861,0.2433281863376464,0.231663
Santa Barbara Business College,1006,0.19683717866106376,0.189904
The Academy For Dog Trainers,636,0.4510840984861083,0.428571
Villa Julie College,1401,0.2247479116605459,0.217345
Argosy University-San Francisco Bay Area,552,0.4658120858391132,0.445293
Harvey Mudd College,4165,0.21396509960091137,0.205710
Master of Project Academy,589,0.1857801494330868,0.167164
Sonoran University of Health Sciences,1184,0.4390725482474672,0.423384
CUNY City College,53957,0.24900957262048715,0.238904
Southeast Kentucky Community&Technical College,719,0.23047997763977404,0.224422
School of Coaching Mastery,533,0.5083020170365575,0.484472
Huston-Tillotson University,2101,0.2860922060291696,0.274885
"Code One Training Solutions, Llc",843,0.24904646103902428,0.234872
Temple College,5032,0.25116913748487174,0.240592
Augsburg University,11704,0.2804366327469425,0.267663
Usaf School of Applied Aerospace Sciences,939,0.2195619875459045,0.206626
Remington College-North Houston Campus,743,0.20383522156870135,0.194444
Youth Coaching Institute,778,0.38775804128740227,0.374578
Parkland College,8861,0.24948189149295716,0.239364
University of Western States,1887,0.5870826677298467,0.574081
Traviss Technical College,1096,0.22075692744694517,0.209026
Calumet College of Saint Joseph,1874,0.2578107109211519,0.249128
Computer Labs,740,0.1885619520500167,0.178974
Bergen Community College,18065,0.19776904450401642,0.189039
College of The Siskiyous,1276,0.27713283233527003,0.268307
Bb&T University,730,0.18114396034304084,0.167573
Naval Postgraduate School,16385,0.18685507065731322,0.173453
Columbia Gorge Community College,607,0.2954491000205556,0.290488
Noncommissioned Officer Academy (NCOA),6777,0.2037610032435305,0.188814
Mt San Jacinto Community College District,3524,0.23821289215889216,0.223648
Sv Academy,1004,0.29055330841787286,0.274705
York College,8562,0.25377725103229043,0.243937
Rocky Mountain College,3691,0.2585739371740437,0.247414
Hacienda La Puente Adult Education,539,0.2443490504643314,0.232595
Crowder College,2827,0.22300261137137972,0.211438
Northwestern University,147037,0.2534285204620419,0.241598
Oakton Community College,8235,0.19939101163622544,0.189637
Motion Picture Institute,944,0.31857332720023956,0.307816
Wofford College,4769,0.2373507352099161,0.228780
American Advanced Technicians Institute,1091,0.16144790968479308,0.151125
Code Louisville,802,0.20712854606683015,0.198962
Linux Professional Institute,501,0.13393969338443673,0.127768
Van Education Center,1897,0.21324000851323432,0.203018
The Juilliard School,3981,0.2764061497204652,0.264237
Elkhart Area Career Center,892,0.21742394481370117,0.205103
Metropolitan College of New York,5809,0.31050237209038983,0.299926
Southeastern Baptist Theological Seminary,3230,0.41365738569634464,0.399488
Maplewood Career Center,992,0.2019661871940145,0.193576
Ehove Career Center,558,0.20735036418987796,0.197080
Real Estate Institute,2454,0.27182982533452227,0.257620
Icon Collective,816,0.1871646199247941,0.177388
Florida Technical College,2926,0.19384659739450824,0.185458
Orange Coast College,27569,0.2069143342705787,0.196755
Mississippi Gulf Coast Community College,7564,0.20047061015486833,0.190427
Carroll University,7486,0.30625513664396997,0.293917
Notre Dame of Maryland University,5786,0.36695680604013947,0.356747
Monmouth University,18955,0.22602179053447227,0.216179
"Ucnj Union College of Union County, Nj",5857,0.21976521914788116,0.207896
Localization Institute,539,0.1380729725162891,0.117647
Texas Health School,2053,0.3148039208453577,0.298806
Southern Missouri Technical Institute,738,0.15826670519857194,0.149533
University of Arkansas-Fort Smith,5782,0.20969688052616828,0.201710
Hood College,5529,0.2740345591292624,0.262087
Mills College at Northeastern University,557,0.23074948560345435,0.222603
Tourism Ambassador Institute,979,0.19536458118474892,0.182587
Ohio State Beauty Academy,577,0.15405075040196842,0.144144
Los Rios Community College District Office,794,0.29435766683898645,0.285097
Felbry College,725,0.21291774965844523,0.200000
Webster University,60305,0.22931368993647774,0.216953
Lewis and Clark Community College,4585,0.2006822491410038,0.192366
Disney College Program,1146,0.21768995296806568,0.207110
Studio Makeup Academy,767,0.2278318426297982,0.217012
Aquinas Institute of Theology,1445,0.28670068133418464,0.275156
Duluth Business University,1194,0.2178062538619826,0.210822
Turing School of Software&Design,2753,0.283631038100232,0.273610
Naval Justice School,1237,0.22726331022904805,0.213514
Alabama Fire College,593,0.24995594466547758,0.239189
Brewton-Parker College,1605,0.24982237673426927,0.241026
Capitol City Trade and Technical School,517,0.2098637515737441,0.197138
Park City Culinary Institute,546,0.2798032801710679,0.264249
Wellcoaches School of Coaching,1088,0.6839858635459887,0.668934
Piedmont Virginia Community College,3869,0.23773943083009616,0.225972
Alexandria School of Scientific Therapeutics,1267,0.2413499321414962,0.226046
Lower Columbia College,2805,0.27050326168017247,0.260178
College of Athens,2974,0.25285506760044313,0.244554
Magnolia Bible College,684,0.19594392866043492,0.182810
Florida Professional Institute,565,0.2238461101143881,0.209335
Hipaa Academy,519,0.22105244429939136,0.204047
Coach Training World,2753,0.5447382275650356,0.521527
The Village School,3622,0.24839471824604198,0.238875
Bavc Media,828,0.2741821745567155,0.265426
Grand Rapids Educational Center,1181,0.265219212507936,0.254160
University of Medicine and Dentistry of New Jersey,1951,0.3864501373098944,0.374753
Pacific States University,1333,0.22139717782445215,0.205643
Marymount California University,1932,0.22354694436216116,0.210363
Bauder College,3367,0.19433497917594375,0.184520
Eagle Gate College,2902,0.2279777973034782,0.216545
Golf Academy of America-Carlsbad,2468,0.20137477556098163,0.191785
Rowan College of South Jersey-Cumberland Campus,2563,0.24441119001354433,0.235452
Triangle Tech Inc,1744,0.12015545247822536,0.113678
Purdue University Global,38595,0.30654609350535106,0.294496
Resume Writing Academy,632,0.3093946707526836,0.288251
Claremont Lincoln University,1305,0.3649062060374227,0.354483
Chemeketa Community College,7696,0.266765672188385,0.255641
Culinary Tech Center,1669,0.2023696104818749,0.190619
Community College of Philadelphia,16489,0.2505280294701347,0.240701
Saint Francis Medical Center College of Nursing,859,0.4319556905036785,0.422942
Well Control School,1593,0.10980803874811547,0.095750
Kentucky Christian University,1417,0.2857968332487492,0.276517
Illinois Central College,13212,0.2019872740544714,0.191751
Arapahoe Community College,11790,0.23369193806598879,0.222365
Maine Maritime Academy,3154,0.1364750509594492,0.126789
Western Seminary,2470,0.504456684198148,0.489381
Kansas City Business College,628,0.18052676031649018,0.174136
Southern Nazarene University,6584,0.28187999528497365,0.270941
San Diego Christian College,2218,0.32325323972201236,0.308405
Universal Technical Institute of Illinois Inc,1000,0.11583947337697194,0.106061
Coastal Alabama Community College,3295,0.20751495659100389,0.196069
Lees-Mcrae College,1925,0.26706688722371735,0.258850
Warren Tech,1662,0.18263034723511798,0.173724
Hack Reactor,7133,0.21692712306224102,0.206267
Hollins University,4019,0.3106989138976168,0.300245
Edison Job Corps Center,788,0.17339521789634812,0.162162
Cabrini University,13240,0.2507965482777258,0.240599
Elim Bible Institute and College,1515,0.2371769142518789,0.224424
Inter American University of Puerto Rico-Bayamon,1185,0.20756090366022723,0.196464
State Career College,693,0.1992543657649995,0.184502
Salem University,2209,0.22385245523780536,0.213317
American School of Business,2833,0.20085622325467667,0.190755
Culinary Institute of America,15042,0.17615739093711416,0.165701
Spring Hill College,1908,0.24879955479765148,0.238142
Arkansas Northeastern College,644,0.227974100483054,0.218225
Strozzi Institute,2661,0.25677267252242914,0.243735
Yuba College,3875,0.2609506784914514,0.249747
Bossier Parish Community College,3936,0.19974716473009535,0.188350
Clovis Adult Education,1134,0.2508551774935322,0.239526
Saint Louis University,46576,0.272034313759852,0.260771
Wilson Community College,1387,0.23875701806364513,0.227421
Fidm-Fashion Institute of Design&Merchandising,15875,0.15256297840142016,0.143061
Guilford College,7105,0.26265941813694554,0.250281
Global Leadership College,2449,0.34139121190426186,0.328433
North American Montessori Center,781,0.5155471289709902,0.500000
Paris American Academy,6750,0.226771417804708,0.214603
Rose-Hulman Institute of Technology,11171,0.15839181746004494,0.148612
Saint Anselm College,7128,0.2227385347509588,0.211515
Simeon Career Academy,532,0.2382238920662634,0.234177
Central Maine Community College,3848,0.20835479565117587,0.199259
Fort Osage Career and Technology Center,1651,0.22247512654195567,0.212070
Marist University,10472,0.21745874973364407,0.207343
Windsor University,2031,0.2718367138754907,0.260611
Greenville Technical College,12393,0.20087295432269778,0.192146
Shoreline Community College,9974,0.24800911169891235,0.236465
Madera Community College,772,0.2650784890895544,0.256293
College of Marin,9050,0.26000075959818386,0.248232
Montana Academy of Salons,3066,0.24256846650047,0.230661
Dover Business College,1523,0.13601647536356282,0.126173
Jackson State University,12738,0.29308220002008123,0.283253
The Medical Arts School,867,0.33592429043936667,0.322874
Focus Personal Training Institute,828,0.2995478431950063,0.279261
American Airlines Travel Academy,649,0.16676526015109708,0.156328
Massasoit Community College,7084,0.2126430290350256,0.203795
Allen School,2917,0.20566185250322172,0.195580
Decatur Area Technical Academy,841,0.23166141057603717,0.220507
Carolina Career College,757,0.13257080878238978,0.125440
Superior School of Real Estate,1398,0.2504127897603411,0.238066
Masters Institute,878,0.21323201565603891,0.201581
Fremont College,2625,0.24412098637961352,0.236184
New Approach School For Jewelers,567,0.1888216058372152,0.179562
Aaa School of Dental Assisting,505,0.3307009117834241,0.319343
Tad Technical Institute,1463,0.17987352237725895,0.165552
Valley City State University,1904,0.26091405320985206,0.251143
St. John's College-Department of Nursing,6053,0.24263111055589753,0.230780
Cleveland State Community College,2990,0.2011749804940244,0.191543
Trifocus Fitness Academy,1212,0.3888502445463787,0.377015
Lenoir Community College,2080,0.244732345376652,0.236902
Trinity Law School,1004,0.3477080569805857,0.333813
Sri Sai Krish Institute,43642,0.10170633698328958,0.093982
Bethany Global University,583,0.36851755465689373,0.357607
First Coast Technical College,672,0.23491439159331476,0.224566
Computer Business College,1572,0.1222652083230902,0.115795
University of Nebraska,6799,0.23951400634526546,0.226737
Grove School of Music,1656,0.24664955158506963,0.234328
Society of Certified Senior Advisors,1741,0.2757655984903837,0.260720
Eastern Monroe Career Center (EMCC),674,0.20349842759905096,0.189843
Colorado Mountain College,6550,0.2763554379655189,0.263249
Chicago Theological Seminary,1626,0.41474139760869966,0.401646
The University of Tennessee-Knoxville,86050,0.23811934547933258,0.227294
General Motors Institute,919,0.12707724648682245,0.113768
SUNY Polytechnic Institute,6889,0.15144723828570833,0.144386
University of Phoenix-Nevada,597,0.28093795480830275,0.265570
Meridian Community College,2212,0.2245942780645278,0.214110
Sierra Academy of Aeronautics,558,0.18849023305476675,0.180758
South-Western Career Academy,658,0.23879567440156732,0.231979
Neuroleadership Institute,704,0.4416609882430992,0.406214
Central Pennsylvania Diesel Institute,1112,0.21341883071453316,0.202921
Towson University,54373,0.24556886380500095,0.235589
California College of Barbering and Cosmetology,1605,0.20574456685019635,0.195148
Dixie Technical College,570,0.23259717484091655,0.224576
The Knowledge Academy,779,0.22180670911199313,0.208733
San Francisco Art Institute,6381,0.2282180142797032,0.215073
Peterson School,871,0.16768711197906216,0.156008
Roosevelt University,30343,0.24595720713720662,0.233898
Touro College,13719,0.3137059616162124,0.303477
Baylor University,54949,0.2745292942708144,0.263809
Relias Academy,538,0.32845948452844315,0.318328
School of Hair Design,994,0.27530432493064194,0.264631
Pickens Technical College,1470,0.22378280402682799,0.218141
Vh Barber&Styling Academy,1145,0.23478327075191613,0.222305
Wayne County Schools Career Center,761,0.2251075665195114,0.214054
Ensign College,5573,0.27078111196928767,0.259209
Real Estate Negotiation Institute,516,0.286450324232522,0.276873
Mount Aloysius College,2881,0.24072328377554517,0.234090
Calvary Chapel Bible College,1762,0.3254878019448011,0.311317
"Northwood Technical College-Shell Lake, Wi",1312,0.2356206637937782,0.223616
Mount Carmel College of Nursing,3004,0.31811012234731983,0.309360
Institute of Health&Technology,1044,0.19025232977836537,0.181818
Fortis Institute-Nashville,518,0.20692511583947354,0.193798
Baptist University of Florida,503,0.3532921279353016,0.343470
M-Dcps The English Center,4115,0.21276065458667937,0.199702
Siena College,10508,0.20714778350816512,0.196965
Front Range Community College,19450,0.2518717069029556,0.241835
East Central University,5154,0.25375841045685343,0.242335
Central Connecticut State University,27348,0.2196895487424079,0.208736
Withyouwithme Academy (Wywm Academy),1278,0.2624944810498967,0.249335
University of The Southwest,1835,0.3283490849533553,0.316293
Herkimer County Boces,732,0.21727493991907856,0.201900
Lincoln Technical Institute-Shelton,546,0.23284616435226232,0.216814
Concordia University Texas,5499,0.33434237341280243,0.323132
The University of West Florida,2257,0.19995369498489998,0.191748
The Healthcare Institute,1623,0.37359253067185466,0.358051
Dolce The Academy,547,0.19393360130994863,0.185484
Chesapeake College,2873,0.2413791439868631,0.230640
The Boston Conservatory,3539,0.3108178622758723,0.296085
Lincoln Park Academy,10571,0.2567750896836804,0.245570
Mesa Community College,22722,0.22917653010180983,0.217504
Hebron School,4475,0.18342967446169173,0.170059
Northeast Technical Institute,747,0.17815125876073712,0.165389
International Language Institute,7969,0.24760291475059817,0.234072
Itchen College,889,0.19789779450752296,0.189594
Chartered Financial Analyst Institute (CFA),13107,0.12715376011039983,0.120070
Southern Illinois University-Edwardsville,1140,0.23810073516476254,0.227373
Jna Institute of Culinary Arts,1560,0.14011723760049474,0.128874
National Fire Academy,3047,0.3209719166667325,0.303214
Averett University,6120,0.20954008894284862,0.197985
Southwest Mississippi Community College,2031,0.18860648686208023,0.178797
Wharton County Junior College,4764,0.19507498687882044,0.185809
Pennsylvania State University-Penn State Berks,2470,0.19697126073877114,0.187896
La Salle University,37863,0.22770061728825106,0.216720
Bancroft School of Massage Therapy,918,0.3247616673358574,0.313027
Everest College-Fort Worth,1035,0.2155029313347503,0.206815
Cloud County Community College,1431,0.2416203734911798,0.231828
Auguste Escoffier School of Culinary Arts,2170,0.24812732543747587,0.235889
Northwest Louisiana Technical Community College,1231,0.16914807776300733,0.160050
University of Holistic Theology,3658,0.49506248834629946,0.475138
Tribeca Flashpoint Media Arts Academy,1056,0.13682110050616791,0.124159
Iowa Lakes Community College,1815,0.23395368468938382,0.224968
Louisiana State University-Alexandria,2255,0.23340799511904253,0.222718
American University of Health Sciences,3744,0.2869033317993899,0.276745
Meridian Institute of Surgical Assisting,828,0.35094383738600154,0.339394
Alaska Vocational Technical Center,694,0.17101699186858516,0.160735
Institute of Finance and Management,5750,0.13409980525167092,0.123680
Chaffey College,12846,0.2248773740069167,0.215124
Instituto Tecnologico De Puerto Rico-Recinto De Guayama,12436,0.137505805547047,0.122312
Mid-America College of Funeral Service,590,0.38277685448831167,0.371179
Lab Management University,876,0.20580816514802744,0.199364
Ibmec Business School,23319,0.16602514063076568,0.149829
Panola College,1709,0.25432906380709913,0.244777
Remington College-Cleveland Campus,639,0.21993773795517202,0.209657
Pacific Northwest University of Health Sciences,755,0.3650654512130694,0.353201
Monterey Peninsula College,7590,0.2641540423231209,0.251358
International Air and Hospitality Academy,2471,0.20352331997665637,0.190019
Stillman College,1731,0.27265323686975573,0.264668
Usaf Squadron Officer School,1463,0.22069406581010667,0.203607
Salt Lake Community College,31883,0.23143290883034384,0.220743
Bob Jones University,9004,0.26946085381178475,0.258128
Institute of Financial Consultants,1680,0.13538036806415168,0.128938
Pathways College,3555,0.19325358540383927,0.183346
Ball State University,60927,0.27924581125098064,0.268836
National Technological University,1011,0.1018388670808277,0.091544
Western International University,6947,0.2008206281120394,0.188872
Roger Williams University,15766,0.20872080815638921,0.198409
Florida School of Insurance,897,0.22955897625270927,0.209459
Southern University and A&M College,14261,0.26551864349921955,0.254747
Tulsa Community College,16209,0.22199832244291168,0.212304
Wilkes University,10331,0.28276344145031695,0.273362
Roxbury Community College,2103,0.269599733414317,0.259316
SUNY College at Oswego,23490,0.23143097724400913,0.221360
New England School of Banking,506,0.23633755919588664,0.221870
Institute of Certified Records Managers,821,0.2036771564369487,0.198039
East Los Angeles Skills Center,539,0.21507245614453901,0.209703
Shawnee Community College,7234,0.22103255915133793,0.209797
Seminole State College of Florida,18112,0.212332011839999,0.203257
Vermont Law School,3939,0.3260884900324131,0.310463
Americare Technical School,565,0.3987612261276634,0.384731
Delta School of Business and Technology,791,0.17783370410071672,0.169028
J D Academy of Salon and Spa,1059,0.21130268920350842,0.203749
Samuel Merritt University,4166,0.5618370900845756,0.553239
San Diego Mesa College,19469,0.23444059236574166,0.224067
Lake Erie College of Osteopathic Medicine,2873,0.4505959685989369,0.443813
Beacon College,2812,0.2666041168963339,0.257414
University of Wisconsin Colleges,1746,0.263160108416115,0.250743
Air Academy,2223,0.17982353972619458,0.167665
Missouri University of Science and Technology,22351,0.13901432666953265,0.130638
Bethune-Cookman University,6602,0.30513411547289543,0.293749
University of Arkansas at Pine Bluff,4693,0.28368798500108466,0.275082
Ibm University,2862,0.1428488879624024,0.129989
Sherman Oaks Center For Enriched Studies,1685,0.2478853651602184,0.236314
Community Care College,2652,0.28692422022967984,0.274976
North Central College,13045,0.23550176652547855,0.225284
School of Electronic and Aeronautical Engineering,1742,0.11657721397855993,0.106271
East Central Community College,1688,0.19605201072931544,0.185688
Bryan College-Dayton,3068,0.26608840527233035,0.255160
The College of New Jersey,25649,0.26174723141016193,0.252338
Luther Seminary,1503,0.47829698838855716,0.459627
Eureka College,2690,0.26695416734343375,0.257143
Technical Training Center,2415,0.15715657530064625,0.145205
Johnson&Wales University-North Miami,637,0.21371943694351508,0.202934
Marion Military Institute,1875,0.19996681180734893,0.187582
Emdr Institute,792,0.6708324521744269,0.648073
Camden County College,12137,0.21324756139886025,0.204609
Southwest Tennessee Community College,9336,0.20819582611836449,0.199780
Asa College,4381,0.18310009444663902,0.171943
Thunderbird School of Global Management,16081,0.20570635699554957,0.193104
Art Academy of Cincinnati,978,0.21917340863562063,0.210985
Bramson Ort College,659,0.15451631862311774,0.145833
Wake Forest University,34782,0.25405405044567175,0.243195
George C Wallace State Community College-Hanceville,3902,0.20833929020176692,0.198621
Blue Mountain College,1301,0.224228966523421,0.210668
Institute For Information Industry,3446,0.11361034809443543,0.104202
Cittone Institute,1743,0.12192591435457008,0.113706
Academy of Cosmetology,504,0.25652418721817305,0.246753
Miami-Jacobs Career College,1183,0.20880533704152787,0.200613
The Hague Academy of International Law,636,0.2811106624336077,0.261378
Corporate College,1203,0.20079515223825534,0.189058
College of Western Idaho,4888,0.247243754375901,0.237330
Saint Peter's University,15278,0.20299503064208252,0.192739
V School,4591,0.1558699887014945,0.145763
Nazarene Theological Seminary,786,0.45486316619599976,0.443060
Georgia Military College-Augusta Campus,1180,0.20702247736627882,0.195667
Beckfield College-Florence,689,0.21045050033147297,0.200401
Career Point College,766,0.25799865911827397,0.254639
Southwestern Michigan College,2852,0.22005592565155327,0.208756
Anne Arundel Community College,18370,0.2133361769805686,0.203257
South Carolina School of Leadership,2913,0.2921382831524848,0.283136
Louisiana State University Health Sciences Center-Shreveport,936,0.3720597702536484,0.364677
Advanced Welding Institute,1099,0.14198776455663903,0.129909
Hamrick School,1750,0.21099601414702226,0.199266
O'more College of Design,581,0.1885599341332326,0.174672
Truck Driver Institute,1013,0.13892068927525156,0.122900
King's College-Charlotte,2279,0.22870513388489191,0.218404
Hudson Institute,1566,0.3053285217630868,0.290972
Salisbury University,18787,0.24447005095278457,0.233965
National Cable Television Institute,594,0.16686036966580303,0.155878
Pontifical Catholic University of Puerto Rico,2344,0.23533095095862155,0.222256
Cybertex Institute of Technology,757,0.1590158587621588,0.148678
Stephens College,6635,0.2655957791842879,0.254356
Miami International University of Art&Design-Art Institute Dallas,612,0.16246166046195792,0.156288
Miracosta College,15088,0.2527737289329242,0.243838
San Joaquin Valley College-Fresno,648,0.2493749389026265,0.244526
University of St Francis,12216,0.28247840854829076,0.269372
Virginia Beach Theological Seminary,640,0.4374518133929062,0.421769
Adult and Continuing Education-Bcts,7894,0.20969971095114262,0.198801
Tamalpa Institute,648,0.35414224624492036,0.341394
Video Symphony,1289,0.11845032266983366,0.110393
Union University,10909,0.2977946149902077,0.289136
Mildred Elley,593,0.26454754503066713,0.255259
Saint Louis Community College-Meramec,3919,0.17772917345546557,0.168624
Sheridan Technical College,2884,0.2148896627508903,0.203807
The Master's University and Seminary,775,0.36905591980506924,0.355263
Belmont Abbey College,4155,0.20947037908787114,0.200177
National Welding Inspection School,674,0.07885406990530482,0.069767
Saint Cloud State University,37122,0.2339333455462124,0.222851
University of Illinois Springfield,1321,0.181812730542038,0.170844
Portland Community College,32829,0.2574162502481912,0.246483
Chattanooga State Community College,9105,0.20748074469614905,0.197644
Cincinnati State Technical and Community College,13634,0.18915763131286406,0.179468
Wilford Hall Medical Center,759,0.2517998947161656,0.239540
The Culinary School of Fort Worth,590,0.24322354471086036,0.236772
Ocean Corporation,1961,0.12555254286959602,0.115669
Yogalife Institute,11722,0.5315544855942549,0.515005
Bloomfield College,6728,0.21800897134219946,0.208914
Purdue University-Main Campus,11288,0.18222983604539386,0.172627
Center For Coaching Certification,1097,0.5531677101805307,0.532132
Westover Job Corps Center,1284,0.2593278844203249,0.249500
Sishya School,33049,0.12231378000141843,0.114111
East Coast Aero Tech,610,0.1103907330407071,0.100968
Eastern Mennonite University,4377,0.36597419415453264,0.353948
Phillips Junior College,4977,0.2681220277673875,0.257491
South Orange County Community College District,1155,0.2305403532153455,0.223473
Oregon State University,70816,0.25417589841985394,0.243428
Texas State Technical College,13134,0.14009953828787405,0.130774
Llb Phlebotomy Training Center Llc,2121,0.3861240181247616,0.379250
Allied Health Careers Institute,583,0.2695912221867697,0.258993
North Seattle College,10730,0.24687311537562776,0.236750
Laurus College,1197,0.16782825894253092,0.158638
Dallas College,57670,0.20562561944805072,0.195691
Ramapo College of New Jersey,17633,0.21683420841925807,0.207342
Heald College,14791,0.17986629182041103,0.170524
Defense Language Institute,13637,0.21410846427436236,0.201960
Open Training Institute,636,0.3387915865807552,0.316147
Glendale Community College,26692,0.2265942805031444,0.217260
Palo Alto University,3662,0.462989616565371,0.450235
"Watkins College of Art, Design&Film",1205,0.1918842132019993,0.180672
Hamilton Business College,530,0.22001008950389064,0.212349
Genesee Valley Boces-Practical Nursing Program,1237,0.24457334233354747,0.231610
Marian Court College,862,0.178753326837233,0.172288
Five Branches University,613,0.5362830325553168,0.524719
SUNY Old Westbury,6414,0.17240438274545056,0.163311
Healing Hands School of Holistic Health,1053,0.4873070611647797,0.469502
Abc Bartending School,1349,0.2151332646877163,0.207739
East Valley Institute of Technology,2137,0.1937038205949336,0.182941
Institute of Buddhist Studies,590,0.46572273234505823,0.456022
Institute For Certification of Computing Professionals,1020,0.14297747831434446,0.130252
Triad Education,562,0.26598687750217515,0.251885
Studio Jewelers,1157,0.21955257412214613,0.208847
Gogebic Community College,850,0.22214191420445387,0.208178
American Institute For Paralegal Studies,1237,0.17821042264050635,0.171987
Dental Assisting Institute,566,0.323874879257835,0.313600
Frontier Nursing University,2566,0.5940407222924967,0.584797
Sierra College,16635,0.25125069452612775,0.239894
South Puget Sound Community College,5607,0.28047877939278937,0.269145
Institute of Audio Research,2963,0.14372150907614514,0.133972
Yeshiva University,14911,0.2502449464194733,0.239139
Texas Health and Science University,2343,0.2947912592103342,0.280709
Northeast College of Health Sciences,1662,0.5297980172514875,0.515135
Walsh University,5257,0.25811726882559316,0.248662
Cornish College of The Arts,2843,0.25188012580882685,0.240152
Smith Chason College,1066,0.2650806668590842,0.252197
Cape Fear Community College,10035,0.21868769299295007,0.208343
Miller-Motte College-Stvt-San Antonio,603,0.19603299086038345,0.183284
Donnelly College,1581,0.24106596053243468,0.230084
Thomas College,6925,0.20075819656153912,0.190973
Caldwell University,4994,0.2671769278037784,0.258957
Kankakee Community College,2720,0.2206907093046991,0.209463
Quinsigamond Community College,7259,0.21913070741016485,0.208705
James Rumsey Technical Institute,1509,0.23610301924874724,0.226169
Pennsylvania State University-College of Medicine,907,0.36062704663493733,0.347270
International School,84343,0.23040816463586916,0.220767
Regan Career Institute,1042,0.20481756598965087,0.193659
Dallas Theological Seminary,4478,0.4569668688389099,0.440275
Marque Learning Center,718,0.21801145538260838,0.206444
Advance Beauty Techs Academy,1009,0.2642929949730579,0.250633
Del Mar College,9363,0.20141371775176817,0.191341
Jefferson Community and Technical College,4148,0.19393177035738646,0.183293
Sacred Heart Seminary and School of Theology,5643,0.17924782859859384,0.168565
Ymca George Williams College,1366,0.2678377925687374,0.258216
Osh Academy,991,0.26539441261313024,0.250202
Vo-Tech,1397,0.17122798759133376,0.163415
Henderson Community College,2033,0.21933265158251888,0.207673
University of Nebraska-Lincoln,63883,0.25163346914694373,0.240575
Hch Institute,567,0.2078147315370145,0.194940
Worldquant University,1303,0.35421373620620933,0.341932
Pinnacle Career Institute,1545,0.21892771759489005,0.207653
St Joseph's Medical Center School of Radiography,913,0.29946712977817413,0.288765
Center For Domestic Preparedness,620,0.3650166045075237,0.350554
Tri-State Bible College,706,0.28259357291921405,0.271702
County College of Morris,14286,0.1828310671404368,0.173747
Lexington Theological Seminary,744,0.43668535260208846,0.426770
Arkansas Tech University,10476,0.2417116972479433,0.231786
Calvary University,604,0.3375607587242124,0.326301
New York School of The Bible,623,0.36418168912036897,0.355954
Paris Ii Educational Center,3521,0.20167402213292795,0.191534
Hollywood Institute,2402,0.15539660739346423,0.146202
North Island College,705,0.2342020061229393,0.226310
Saint Louis Community College,38784,0.20781749159460644,0.198011
Asher College,1979,0.179410320313221,0.170854
Talladega College,1277,0.2946097962381622,0.281739
Bard College at Simon's Rock,1816,0.3275176768730164,0.312977
Correctional Officer Training Academy,734,0.3260153285324264,0.313772
Sir Arthur Lewis Community College,807,0.21469130371484543,0.206004
East Texas Baptist University,2784,0.2909662358518573,0.280376
Lehigh Carbon Community College,6561,0.211089008542567,0.202165
Andover Newton Theological School,583,0.4474195158673436,0.431688
Kaplan Career Institute,706,0.22161841466491022,0.212121
Hampton University,19501,0.320610619378258,0.308222
Kendall College,6948,0.20595798701840992,0.195586
Musicians Institute,4196,0.16544474622674557,0.155632
Platt College-Ontario,614,0.23178526595410742,0.221578
Capital Area Career Center,2382,0.17374214472136656,0.164661
Base Camp Coding Academy,609,0.16727857134838603,0.156593
West Virginia University,65428,0.22557177667955106,0.214957
University of California-Los Angeles,225342,0.2609457968951494,0.250264
Villa Maria College,6276,0.23438541193562046,0.223512
Clark State College,3999,0.22778877276570067,0.219618
Lee College,7183,0.17404083303971318,0.166056
Air Assault School,1079,0.20158834090232688,0.189655
Coahoma Community College,710,0.23097426971726628,0.221622
University of South Carolina-Sumter,678,0.247112529152546,0.236010
Udemy,15515,0.2115265810248426,0.198931
Florida School of Banking,998,0.21540920306254868,0.203980
Ventura Adult and Continuing Education,673,0.2034292961072913,0.192618
Oklahoma Baptist University,4448,0.3117767235730454,0.300082
Net Institute,3089,0.147081140970126,0.134208
Stone Child College,627,0.26610265681037754,0.243357
New Orleans Baptist Theological Seminary,2936,0.4056124821043087,0.391663
American College of Physician Executives,1089,0.5061608231856678,0.492636
National Academy,1757,0.2129473278696215,0.203244
Mt San Antonio College,20996,0.22215812099776314,0.212067
Dan Lok University,669,0.3216206205714771,0.305590
Bridge-Linguatec,691,0.2997574876678216,0.287440
Southeast Missouri State University,18802,0.2204483219595391,0.210411
Northern Wyoming Community College District,12879,0.1919295817835149,0.181108
Gettysburg College,10170,0.2447397921353579,0.231631
Metropolitan Community College-Kansas City,20016,0.22223360246161503,0.212258
Certified Medical Representative Institute (CMR),5383,0.18807116844933128,0.178151
Lake Forest College,7155,0.260473648868434,0.249327
Rets Institute,826,0.21131348363368896,0.198819
School of Electrical and Mechanical Engineering,1194,0.11460267281357492,0.105491
Wyncode Academy,648,0.23159775598504642,0.217237
The Freelancer's Workshop,1048,0.32333678373047176,0.303529
Scripps College,4928,0.3614607124855006,0.348674
Pennsylvania State University-Penn State Greater Allegheny,535,0.21683850897130943,0.208075
Coastline Community College,10653,0.20866150353974944,0.196389
Texas Wesleyan University,5965,0.27073359101549144,0.259533
The University of Tennessee,25417,0.21808753605355444,0.207382
Western Technical College,5189,0.21258593033891618,0.202708
Chester College of New England,1155,0.2288624460722439,0.219061
Freed-Hardeman University,3430,0.3049747885238892,0.294151
Universidad Del Sagrado Corazon,8492,0.22454661535818465,0.210763
Southwestern University,10293,0.25983020850903676,0.248907
"Eastern Florida State College-Melbourne, Fl",4694,0.20040120248685062,0.189936
All-State Career School,706,0.2015017715898063,0.193671
Taylor College,1914,0.23742296581365838,0.227865
Texas A&M International University,4987,0.25461561332401433,0.244197
Larkin University,561,0.32018643944501,0.309707
Jacksonville State University,13502,0.2500002571082569,0.239343
Saint Louis Community College-Wildwood,1302,0.21960643661454265,0.208413
Clatsop Community College,823,0.27454957798072666,0.260056
Southwest College of Naturopathic Medicine&Health Sciences,844,0.6763422995794902,0.666955
Divergence Academy,768,0.17656307137291463,0.167644
Monroe County Community College,3548,0.20113544001052797,0.192677
Naval War College,12297,0.21014324949002822,0.193544
United States Naval Test Pilot School,2108,0.14369026609440785,0.132097
Fayetteville Technical Community College,10238,0.23780321865521706,0.226992
Albany Technical College,2197,0.19252653403914172,0.180528
East–west Center,707,0.3306357301104397,0.309745
Regent University,17784,0.37966539501662744,0.366401
"Century College-White Bear Lake, Mn",692,0.19006795309281888,0.178893
Southern West Virginia Community and Technical College,834,0.21241375856910139,0.201439
"School of Professional Horticulture, New York Botanical Garden",1667,0.31508286328901663,0.298383
Phoenix Seminary,540,0.49978021103092934,0.490040
Valor Christian College,558,0.35735846329608956,0.341394
Nevada School of Insurance,532,0.24834204157720224,0.237024
Advanced Training Center,3717,0.21328533490485685,0.197602
Richmond Technical Center,2044,0.23343734542945008,0.223545
Nashville State Community College,10884,0.20087784008728515,0.191472
John Academy,977,0.1976775338759842,0.183562
United States Marine Corps (USMC),23954,0.19308739600305316,0.179766
Thompson Institute,3131,0.21063390173375504,0.198604
Bowling Green State University,56585,0.24417959955133484,0.233695
Allied School,2576,0.24830422535701338,0.239276
The College of Saint Scholastica,9531,0.32771716765642017,0.315159
Patient Experience Institute,531,0.3458614230528609,0.332781
Artistic Academy of Hair Design,2353,0.17767287291308276,0.166382
Honors College,9546,0.26369950296735545,0.253455
Life Pacific University,3578,0.37926822505018093,0.362903
Newbridge College,5204,0.18139224128751624,0.171602
The Catholic University of America,29819,0.2623193650977967,0.250296
Danville Area Community College,1837,0.20774395962859263,0.199253
Christian Life College,3879,0.3127750300822683,0.302114
Tricoci University of Beauty Culture-Chicago Ne,528,0.22185789469284736,0.208931
Northwest Vista College,7792,0.22056816878539415,0.211662
Arkansas State University Mid-South,610,0.1959343935907881,0.179927
Community Business College,12992,0.2019595748028903,0.190261
Louisiana State University-Shreveport,20518,0.26048113811244106,0.250126
Los Angeles Pacific University,1274,0.300354817815364,0.287173
Rogers State University,11516,0.2231550481439591,0.213561
Douglas Education Center,1375,0.19718874711973666,0.187536
Charleston Cosmetology Institute,667,0.16505213728567666,0.154327
Notary Learning Center,2496,0.22579483600148956,0.213635
Pensacola State College,10830,0.2365239219296601,0.227162
Spencer Institute,540,0.4831524321675908,0.470958
Everett Community College,10464,0.24428008651122704,0.232687
Metropolitan Community College-Business&Technology,1497,0.1746298907816906,0.165217
College of Biblical Studies-Houston,978,0.39976205730875874,0.387097
Indiana University-Indianapolis,16115,0.2872387140937708,0.276266
Carthage College,8151,0.24453032914981082,0.233950
Randolph Community College,2195,0.19816247478641053,0.189940
Milligan University,775,0.3674568226449939,0.352349
Michigan State University,176120,0.23734033777838923,0.226549
Concordia University-Saint Paul,11524,0.3331368137136659,0.320875
Kettering College,1302,0.3886633131285465,0.383140
Mayfield College,2152,0.23871172928476175,0.227848
Institute For Professionals in Taxation,639,0.1552961235384271,0.139535
Health Training Center,848,0.38098651580019927,0.367722
Inco Academy,531,0.2211118968890622,0.199357
National Center For Paralegal Training,840,0.16688969496064476,0.157706
The University of Texas Rio Grande Valley,18094,0.28047650352540315,0.269580
H&R Block Tax School,1316,0.172980740946184,0.165453
Baptist Bible College,2911,0.30597816699249164,0.292794
Hesser College,3564,0.1833843577009212,0.175189
University of South Carolina Beaufort,2361,0.24554013643723382,0.236387
Arizona School of Massage Therapy,630,0.3907020569299344,0.379973
Lake Career and Technical Center,3242,0.21394286425878214,0.203506
World Instructor Training School,651,0.2917787988089161,0.278667
Co-Active Training Institute (CTI),1356,0.6344791970967133,0.610051
Brenau University,7083,0.2985875195574784,0.287409
Ohio University-Chillicothe Campus,716,0.2748892217313389,0.263333
Blackstone Valley Vocational Regional School District,1904,0.20235216156131206,0.195266
Denver School of Massage Therapy,502,0.377707490291634,0.367596
Pacific West Academy,1816,0.29136380144280993,0.277908
Phoenix Institute,3949,0.18175703615426028,0.171636
Toyota Technological Institute at Chicago,998,0.14948507193914987,0.133164
Eastern School of Acupuncture and Traditional Medicine,1969,0.19349953678526008,0.179293
University of Scranton,17599,0.24163876846891488,0.231460
Wave Leadership College,1286,0.28629188367466346,0.272971
Franklin W Olin College of Engineering,1188,0.2926037050124501,0.284308
University of Cincinnati-Main Campus,22712,0.1762423703143061,0.167295
Idaho College of Osteopathic Medicine,1225,0.20522678911771006,0.195606
Bennett Career Institute,632,0.2542848312411346,0.244382
Laredo College,2563,0.2026558772399213,0.195725
"Christine Valmy International School For Esthetics, Skin Care&Makeup",1075,0.275404347242972,0.260870
Steel Center For Career and Technical Education,784,0.16364421711165264,0.158730
Life Coach Training Institute,852,0.6176479502115239,0.598402
Emirates Aviation College,845,0.16919095105844048,0.158818
Cambridge Business Institute,1182,0.2779386033026035,0.262834
Canyon Crest Academy,27101,0.23592819190256856,0.226117
Metropolitan State University of Denver,44345,0.2622252334982226,0.250519
Converse University,3206,0.35300295505968937,0.342272
Uniformed Services University of The Health Sciences,2659,0.4031744717989221,0.391903
Mount Carmel Academy,9437,0.21964078871170414,0.211053
Cinta Aveda Institute,537,0.2733128979057031,0.266667
Indiana State University,27219,0.26315523429928706,0.252342
Dakota County Technical College,5324,0.1745418726437832,0.165670
Parkview Baptist School,6263,0.22011356643953647,0.209830
Heritage Valley Sewickley School of Nursing,845,0.2671426554147006,0.258551
South Mountain Community College,2409,0.25656161200717575,0.248584
Southwest Institute of Technology,1786,0.14072123096370354,0.133272
Dakota State University,4258,0.177512692885455,0.167941
Salina Area Technical College,3561,0.2255431419809326,0.213347
Pennsylvania State University-Penn State Altoona,1964,0.2223996326052492,0.212714
Cuny New York City College of Technology,11669,0.17109771833057674,0.164147
Conservatory of Music of Puerto Rico,2703,0.2607795384409823,0.248965
Metro Beauty Academy,1355,0.24988158208585975,0.239241
George C Wallace State Community College,857,0.18384870065791964,0.176407
The College of Health Care Professions,1510,0.3400090318574378,0.331908
Long Island Jewish Medical Center,996,0.42844503220548,0.414735
Kansas Health Science University,4381,0.46353993568477014,0.453798
Marymount University,16152,0.26595660719089526,0.254937
Usaf Airman Leadership School,771,0.21405509696129524,0.199313
Mitchell Hamline School of Law,7186,0.2537566249808885,0.241041
Calvary Chapel School of Ministry,1210,0.385171894510508,0.372497
Wilberforce University,2339,0.2853321111474311,0.274224
Cambria-Rowe Business College,786,0.1379779607914439,0.131068
Finlandia University,885,0.26257714473326843,0.252336
Georgia Film Academy,1000,0.25052167733125075,0.243007
Otero College,2131,0.22663222950223516,0.213004
Brewster Technical College,726,0.211182493687802,0.197842
Ncr University,743,0.12926132409879612,0.116144
California Polytechnic State University-San Luis Obispo,74028,0.22599350849298994,0.216174
Morris Brown College,2439,0.25810193332254555,0.246777
Natural Healing College,915,0.6106478175855903,0.598354
Career Technical Institute,842,0.17653665651757836,0.168133
Fidm-Fashion Institute of Design&Merchandising-Los Angeles,1132,0.16236701452300947,0.153097
Spartan College of Aeronautics&Technology,502,0.1852014903103935,0.175497
University of Mississippi Medical Center,2655,0.38434947020780313,0.376785
Central Oklahoma College,587,0.18398282790048515,0.173160
Jarvis Christian University,1231,0.2673512604343298,0.258103
Emergency Management Institute (FEMA),6258,0.3171902040037059,0.298517
Florida Culinary Institute,764,0.19654020611111245,0.183693
Maria College of Albany,1407,0.31252460539071597,0.301802
Foreign Service Institute,1472,0.2638432516579801,0.250797
Krs Computer and Business School,541,0.11453571389428621,0.104167
Oaksterdam University,505,0.31682909263597697,0.305246
Massachusetts Bay Community College,6605,0.23010806636200135,0.221606
Northeast Institute of Industrial Technology,662,0.09846544338434317,0.081657
New England School of Communications,1012,0.19360217669122648,0.179775
Palo Verde College,2215,0.24460623436289874,0.236756
Universidad Adventista De Las Antillas,5026,0.2584612422538674,0.242678
Dr. William M. Scholl College of Podiatric Medicine,538,0.3663446096571629,0.360164
Dominican University of California,5778,0.3879140294133735,0.373630
Lamar Community College,1065,0.2224286498773417,0.205556
Product School,4672,0.22974397323584153,0.216764
American Business Institute,1708,0.20018987703971874,0.189266
Kapiolani Community College,4889,0.23869225307289055,0.228047
"Lincoln University-Oakland, Ca",746,0.14147682809250947,0.137233
Minnesota North College,696,0.25420718059396985,0.242021
Livingstone College,2067,0.2613812951846179,0.252928
Virginia Wesleyan University,4857,0.24369104438691597,0.234253
University of Technology,9315,0.09308949846243529,0.085402
Dallas Christian College,3286,0.23450627874616656,0.223923
Emporia State University,12162,0.2873062482187118,0.276625
Wilmington College,5759,0.23282662447733618,0.222426
Life Safety Institute,2151,0.2711369987608973,0.253012
Solano Community College,8722,0.25585155552438094,0.244558
Leadership Academy,13090,0.36423499668230236,0.350108
International Training Careers,815,0.2517697185075757,0.240375
Calbright College,895,0.2964509081287835,0.285167
Shaw Academy,2027,0.25511508493109375,0.242613
Webber International University,1716,0.2057089193576207,0.196809
American College of Sports Medicine (ACSM),3614,0.4943758153277215,0.478551
Institute For Therapeutic Massage,683,0.4685597505189514,0.452174
Northwest-Shoals Community College,1604,0.17335045850962064,0.163099
University of Northwestern Ohio,3388,0.15012054082547288,0.142768
Westlake Culinary Institute,2067,0.2183623064001429,0.208901
College of Emergency Services,650,0.3428625334065508,0.328841
West Virginia Junior College-Morgantown,663,0.21090764729183695,0.200000
Climate Control Institute,1239,0.24884494896223142,0.237374
Russell Sage College,4496,0.3460484636970836,0.333043
Jefferson Community College,8859,0.21347681068684513,0.203324
Oakland University,45856,0.2369100815634419,0.227029
Mid-Plains Community College,1556,0.24827994890895755,0.238677
Wichita Technical Institute,3286,0.1607987803992843,0.151700
Agnes Scott College,3673,0.3970290093576982,0.384097
Citadel Military College of South Carolina,12810,0.20732740254052778,0.195980
City College,3947,0.2136914095719067,0.204274
University of Louisiana at Monroe,13111,0.2534400366739077,0.243057
Rancho Santiago Community College District Office,2660,0.206997499428218,0.197368
Metropolitan Learning Institute,1583,0.24986013985278982,0.240130
William Jewell College,4841,0.28452249576654565,0.273973
Sauk Valley Community College,2192,0.21767666376675113,0.204512
Goucher College,5909,0.3613125737042792,0.349067
Building Owners and Managers Institute,1544,0.1220893656280738,0.107296
The Academy of Radio and Tv Broadcasting,1247,0.19639499028374482,0.188002
New Skills Academy,2019,0.2528913379819555,0.241194
Globe Institute of Technology,611,0.15068133617363189,0.141236
Cameron University,6972,0.2335507369318479,0.222393
Pja School,3845,0.15865503185605584,0.149306
Florida State University,136809,0.25159938907470314,0.241188
Carrington College-Sacramento,935,0.33603731642033974,0.326741
Aesthetics Institute,586,0.3950687029010058,0.382824
The Creative Center,3463,0.2620108288291615,0.249821
Northrop University,1461,0.10861444397954764,0.101158
Florida School of Massage,1241,0.375141183748774,0.363763
Brightside Institute,679,0.1611224012179687,0.146040
Wiley College,1459,0.24876331610458652,0.241206
University of West Alabama,5361,0.31344883145581215,0.303280
Butler Technology and Career Development Schools,1727,0.23309193780158016,0.220729
University of Alaska Anchorage,16792,0.2611191236750928,0.250259
Augustana College,8700,0.267823992650158,0.257604
William&Mary,36548,0.25895634603875817,0.247317
Waubonsee Community College,9541,0.22036936226930273,0.210548
Burlington County Institute of Technology,2066,0.19505869333130849,0.183630
Edward Via College of Osteopathic Medicine,1268,0.3428165889630208,0.336406
National Park College,1672,0.25473215878286254,0.245197
Concord College,1888,0.27110292219197235,0.260407
Muskegon Community College,5336,0.2267468163963412,0.217836
Central New England College,660,0.07984662224150219,0.067553
Widener University School of Law,1894,0.222299342794559,0.210712
Labette Community College,1129,0.24310683213001688,0.230605
Moravian University,7316,0.24466994642873643,0.234481
William Jessup University,3938,0.3005261982170442,0.291374
CUNY Kingsborough Community College,14887,0.22334312916950694,0.214350
Edge Academy of Beauty,869,0.2312238689944188,0.218479
Westfield State University,12981,0.24719363674498687,0.236385
Gutenberg College,571,0.20432663530325407,0.193303
Spring Arbor University,8267,0.34091309431811206,0.328625
Union Presbyterian Seminary,618,0.4754688871753802,0.461988
Aveda Institute,3166,0.29095357652134163,0.277524
Brescia University,1496,0.25752527480375315,0.241742
Mendocino College,1853,0.29574509062199383,0.283468
Cdm Institute,1501,0.1319898674883247,0.127203
Hutchinson Community College,5627,0.22562188143931267,0.216281
Bluefield University,1223,0.2834547081168692,0.272795
California College For Health Sciences,943,0.30729983622363904,0.290507
Texas Chiropractic College Foundation Inc,1191,0.38576143159350346,0.371925
Santa Clara University,48506,0.21453704723030775,0.204405
University of Guam,2134,0.262646611864193,0.250278
Kaiser Permanente School of Allied Health Sciences (Kpsahs),990,0.4038783899183995,0.391552
Orange Academy,1084,0.22588711567864622,0.217577
Icdc College,1913,0.22965686878250602,0.219209
National Business Academy,850,0.1747509838376576,0.125586
Baton Rouge General Medical Center School of Nursing&School of Radiologic Technology,1143,0.2701585792344072,0.259615
Albert Einstein College of Medicine,4713,0.36271088108274524,0.350953
Middle College,1713,0.2734712152741347,0.263941
Defense Acquisition University (DAU),11224,0.1452635977336289,0.134164
Hillsborough Community College,24795,0.22533848763730038,0.215285
Waldorf University,5240,0.3002539498204077,0.284279
Palo Alto College,3335,0.23704896232015346,0.228172
E&S Academy,1871,0.22760906170816025,0.216689
Holmes Community College,5138,0.21909047012357177,0.210177
Pennco Tech-Bristol,510,0.1149598057301502,0.108590
University of Akron Wayne College,1124,0.2136210566163789,0.205972
Logistics Operations School,1375,0.17185595215590166,0.157895
Florida Academy,3119,0.21367355408778443,0.201285
The Consultation Institute,891,0.22394397267369293,0.204436
Florida Career College-Miami,829,0.15693217192550793,0.145738
Medical Coding Academy,1202,0.17969684763254573,0.171920
Gateway Technical College,7844,0.20136380210690835,0.190130
Retail Ready Career Center,797,0.18915903451045693,0.180696
Rets Electronic School,599,0.0965370270030291,0.093872
Minnesota School of Business,9631,0.23955608719184246,0.229379
Sacred Heart University,20626,0.2371602336586104,0.227725
Concordia University-Nebraska,3341,0.35000619094911056,0.340543
Mansfield University of Pennsylvania,4959,0.25579665238964305,0.246227
CUNY Hunter College,50319,0.3466288563095428,0.335309
Fortis College-Orange Park,549,0.2294749104308824,0.219081
Institute of Professional Careers,715,0.21211920722045088,0.205282
North Metro Technical College,1924,0.18891623905759458,0.182636
Kerala Ayurveda Academy,1667,0.24048155749840214,0.228643
Albion College,6358,0.26171052634314357,0.248530
Grossmont College,15241,0.2451488955308896,0.234052
Dss Academy,617,0.20033871400022796,0.190150
The New England Conservatory of Music,2754,0.28457303414032,0.269651
The University of Texas System Office,1253,0.1893804565917887,0.179030
Wright Career College,1161,0.22872364038863927,0.218750
Starmark Academy,776,0.24557565522124838,0.233890
Byzantine Catholic Seminary of Saints Cyril and Methodius,660,0.17681401489031173,0.164141
Indiana Wesleyan University-National&Global,2077,0.285210041267693,0.272385
"California Institute of Arts&Technology-San Diego, Ca",2652,0.16799750929111115,0.157895
Pope St John Xxiii National Seminary,1038,0.21555937468612163,0.205357
Henderson State University,5208,0.2668128308010274,0.256228
Knox College,5832,0.28498656754947604,0.274022
The Marketing Seminar,6999,0.21938992190872142,0.205837
Stanbridge University,2796,0.4731786184404807,0.463198
Temple Baptist Seminary,570,0.3277631079337607,0.314888
Elgin Community College,10860,0.21689044183123612,0.206448
Shelton Professional Phlebotomy Services,1237,0.1526846487372894,0.144006
American Islamic College,568,0.30037606643240794,0.285061
School For Advanced Studies,3640,0.28407284803166327,0.275498
Carrington College-San Leandro Campus,596,0.2872029885007756,0.278533
Spring Garden College,1146,0.10471367734249666,0.093548
Concordia University-Wisconsin,11330,0.3231230083831648,0.312139
International Wine Center,820,0.1694871996404545,0.151000
The Wellness Institute,715,0.6867081447000951,0.676505
Nationsuniversity,1417,0.4087283859878133,0.390817
Institute of Health and Healing,590,0.6113492918815465,0.588983
Cincinnati Hills Christian Academy,3259,0.25551388754499804,0.246150
Theatre of Arts,5484,0.27586429934580103,0.262905
Georgia Institute of Cosmetology,1083,0.17487951794897072,0.160643
P&A Scholars Beauty School,1195,0.3482050966899962,0.332834
Alabama A&M University,10041,0.2528642732769083,0.243700
Linn-Benton Community College,5489,0.2571655269593858,0.246999
International Baptist College and Seminary,918,0.3619160057726024,0.345190
Osha Academy,4566,0.17895142002318215,0.162855
Interaction Institute For Social Change,654,0.5617858424035219,0.545455
Detroit College of Business,1250,0.18118707589214686,0.171267
Career Academy,2441,0.2375454284697352,0.227146
Pittsburgh Career Institute,12789,0.16034877024184427,0.151538
Valley College-Martinsburg,1277,0.1649203835102846,0.158173
Carrington College,1607,0.3534425895034654,0.341151
Stonehill College,9553,0.21608054852589306,0.206200
The Second City Training Center,2494,0.2587294420075162,0.244918
National Career Education,1149,0.3607238710631409,0.346434
Pan Am International Flight Academy,622,0.16826100782189807,0.157825
Peirce College,5076,0.2079992821320087,0.197875
Quantum Healing Hypnosis Academy,560,0.6398068471158138,0.616438
Aims Community College,5401,0.23967796075816952,0.229955
Millersville University of Pennsylvania,18218,0.2664324862173977,0.256676
Park University,30486,0.21871326333601354,0.206840
Universidad Central De Bayamon,520,0.20205242259428932,0.185022
American Institute of Healthcare&Technology,720,0.32852232762671835,0.316927
Bryant&Stratton College-Greece,701,0.21784360837417047,0.206230
Ifrec Real Estate School,866,0.25457617214047207,0.241950
University of New Hampshire-Main Campus,10421,0.16297245638234237,0.153904
Seattle Film Institute,928,0.18244603728235492,0.173642
Purdue University Northwest,17079,0.22504579306806355,0.215845
Medical Career Institute,1081,0.3049518739321785,0.295333
Concordia University,12356,0.21232816963922732,0.201249
Graduate America College,612,0.2563781839395968,0.241581
University of Valley Forge,2113,0.32408024788137446,0.309219
University of Georgia,129845,0.2512290418628388,0.240510
French Academy of Cosmetology,579,0.24192142779498854,0.229167
Midwestern State University,11634,0.25822797960290805,0.246602
National Association of State Boards of Accountancy,2089,0.2424618292807274,0.233374
Campbell University,17643,0.2687230870621049,0.258520
Santa Fe College,15098,0.25306762916618625,0.242083
Trinity School of Natural Health,1515,0.5747810003823502,0.565746
Downey Adult School,1559,0.2622193312143193,0.252490
Mast Academy,2056,0.24732116876149807,0.237578
Foundation College,1955,0.23377396869851272,0.224656
Darton College,3232,0.25236959249354723,0.242684
Accelerated Sports Career Academy,621,0.2941747482393498,0.282640
Forklift Academy,510,0.14085821681816982,0.131119
University of Puerto Rico at Ponce,1110,0.2752936901546929,0.261784
California Institute of Integral Studies,5499,0.5467769833620107,0.530206
International Coach Academy (ICA),3280,0.5210868104944111,0.494984
New York Restaurant School,1507,0.17734221385608467,0.168132
Advance Science International College,833,0.21449299114526135,0.202929
Westmont College,6485,0.3268399137366361,0.314482
Davis College,5677,0.20033676736999223,0.190469
Welder Training and Testing Institute,515,0.11258521438427754,0.109698
Institute of Medical Education,4547,0.31043334402643075,0.299572
Hr University,1986,0.22029744350245223,0.200897
Lincoln University,11065,0.2950819129639223,0.283904
Berlitz Language School,3884,0.22769338292587862,0.214224
Athens State University,7053,0.1868383195946518,0.179544
Sae Institute of Technology-New York,814,0.13785265032702582,0.121908
Barnard College,11988,0.346323414771281,0.331859
Occidental College,8225,0.3231980712281615,0.310639
Mid-America Christian University,3497,0.30806679000971304,0.293621
Helio Training,1014,0.2342625105251636,0.219947
University of Wisconsin-La Crosse,24679,0.2919994401637159,0.281047
Fordham University,67752,0.24450131371618197,0.233965
Oliver Finley Academy of Cosmetology,715,0.25413274534829555,0.239295
National Labor College,2202,0.23516012288857835,0.218070
Lincoln College,4650,0.21050970876058056,0.199796
Hickey College,2025,0.1636863981063251,0.151724
Quincy University,3382,0.24342361906981463,0.233213
Minneapolis Community and Technical College,10627,0.2493902293307678,0.239575
Schoolcraft Community College District,3212,0.23710556782711023,0.225638
Sotheby's Institute of Art-Ny,3186,0.22536327510815307,0.214076
Carlow University,4839,0.33367870656804205,0.322017
Avalon School of Cosmetology,543,0.2592238469274276,0.252782
Pillar College,720,0.3196430146349858,0.301552
Old Dominion University,53251,0.23721958872975032,0.226907
Gene Juarez Academy of Beauty,526,0.29351421878718975,0.282875
Alhambra Beauty College,1342,0.23778601872884395,0.224518
Keiser University-Ft Lauderdale,18678,0.27389863168326484,0.263631
Itasca Community College,1338,0.24075891421474716,0.230173
Boston Language Institute,5208,0.2704182796853868,0.260648
Blue Ridge Community and Technical College,1103,0.22132106666804413,0.216745
University of Minnesota-Crookston,3373,0.2231983891144621,0.212663
Northwest Nazarene University,5851,0.33487910666674986,0.324782
Seminario Evangelico De Puerto Rico,980,0.29784130224698296,0.282776
University of Rio Grande,2512,0.25468951100505904,0.243341
College of Massage Therapy,1214,0.47615344013892774,0.458179
College of Saint Mary,6592,0.2903698009431263,0.278119
Blue Hills Regional Technical School,1902,0.18054004437814458,0.168610
Washington State University,72240,0.24414957782039293,0.233575
Computer Graphics Master Academy (CGMA),537,0.12296923052531787,0.119822
The University of Texas at Austin,231892,0.2311837400293,0.220914
Reed College,7817,0.2819625141812201,0.268708
University of California-System Administration Central Office,557,0.26270502215834557,0.243531
Micropower Computer Institute,571,0.13617230524054497,0.122754
Bob Hogue School of Real Estate,1933,0.2493934050285369,0.240401
Linfield University-School of Nursing,7532,0.26552468369202925,0.253661
Oklahoma State University,74106,0.21736821729234596,0.207257
Simpson University,2074,0.3675576633239474,0.357906
Chamberlain University,24044,0.5197788123440974,0.510750
Lon Morris College,710,0.21191713923242264,0.200873
Utah State University,49302,0.2746196830764053,0.263413
Institute For Professional Empowerment Coaching,591,0.556313203582109,0.533700
Cornell University,164956,0.2577195689049158,0.245507
Westmoreland County Community College,3924,0.1944798704213927,0.185460
National Cryptologic School,1065,0.16248055905147407,0.146190
Southwest Technical College,557,0.20682032886533522,0.198804
Briarcliffe College,4105,0.17395274441352193,0.162238
Clemson University,67797,0.21612500234444887,0.206298
Airman Leadership School,3677,0.20538226587393787,0.192075
Med Academy,1008,0.24568519409966771,0.236041
Institute of Occupational Safety and Health,1740,0.2806510135744943,0.258525
Peralta Community College System Office,998,0.3538163719498237,0.347607
Coaches Training Institute (CTI),3598,0.615611480566238,0.580725
Santa Fe University of Art and Design,4126,0.25009324184790294,0.239342
Council on International Educational Exchange (CIEE),13839,0.2815808350683266,0.271985
Jersey College-Cleveland,1010,0.4376667207288605,0.424293
Charleston Southern University,7557,0.26717098187348176,0.255058
University of Holy Cross,1033,0.319080680201555,0.306413
Concordia College at Moorhead,665,0.3290778315178024,0.316687
The Tech Academy,1509,0.2037573683842291,0.191048
The Evergreen State College,15641,0.32583832901365106,0.311468
Colorado Technical University,49815,0.20758298128525854,0.196201
Cornerstone School of Ministry,932,0.40822003405937385,0.395410
Genesee Community College,4634,0.22848979237661907,0.219024
Chowan University,2127,0.23851288804517737,0.228749
Colorado Heights University,764,0.2637726445263164,0.254484
Long Island University,44573,0.27570212945975225,0.265610
Central School of Practical Nursing,679,0.34481782089622554,0.332921
Montserrat College of Art,2502,0.18536609876709556,0.178778
Columbia College Hollywood,1234,0.12973925719623478,0.117548
Embry-Riddle Aeronautical University-Worldwide,59864,0.16118996139826794,0.149382
Atp Flight School,2310,0.22895066321027233,0.217672
Los Angeles Southwest College,1867,0.3204653033962131,0.306939
Tarrant County College District,39396,0.2049538280158593,0.195608
Kent State University at Geauga,536,0.24852222109363914,0.238806
University of Baltimore,19719,0.23869754467122262,0.228558
Fulton-Montgomery Community College,2616,0.2205468022625682,0.207145
Bucks New University,1220,0.21186893040846747,0.197874
Live Oaks Vocational School,1189,0.20162948212796578,0.191298
Airline Academy,2125,0.16479407811772784,0.152157
Green River College,13973,0.23167114129718863,0.221224
Coding Temple,1642,0.20231291624491193,0.191106
St Bernard's School of Theology and Ministry,2730,0.26531396439051125,0.255924
University of South Carolina-Upstate,8316,0.2349742845967694,0.224610
Blake Business School,1672,0.23842020157567045,0.225758
Mento Design Academy,684,0.20929720307448904,0.198402
Chandler-Gilbert Community College,9788,0.23977320486115672,0.229257
Tallahassee State College,5380,0.2378453422776168,0.228495
Saint Michael's College,10351,0.24774165457778433,0.235502
Ohio State University-Lima Campus,846,0.21361259009708808,0.207076
Wade College,1538,0.18362990559660214,0.176526
Express University,1805,0.24466647503456104,0.230990
Gems Modern Academy,5159,0.15914127476998874,0.151965
The King's University,1192,0.4318181001719141,0.418278
Heritage Christian University,3840,0.28091928630817886,0.268966
It Certification Institute Llc,1704,0.16493498970106465,0.153579
Pacifica Graduate Institute,2385,0.5636881249951978,0.541305
Richard Bland College,1882,0.24357111982096244,0.230867
Eastern Illinois University,28952,0.24139164318219725,0.230234
The Washington Center,4838,0.35266117311554285,0.339341
Cardinal Criminal Justice Academy,740,0.20179184881350573,0.192214
Washington Bible College-Capital Bible Seminary,727,0.4195259036884617,0.407625
Rush University,7240,0.4550686723037172,0.442449
Sit Graduate Institute,15092,0.4773885348876527,0.461420
Washington Health System School of Nursing,948,0.5417179701799336,0.530915
Institute of Hazardous Materials Management,657,0.22228201345510112,0.201342
Elizabethtown College,7238,0.2494388042317422,0.239523
Vickie Milazzo Institute,777,0.3708652742466525,0.354379
Alliant International University,6701,0.4776890963146099,0.457865
Wyatt Institute of Real Estate,651,0.2681991149186416,0.257901
University of South Carolina Aiken,5317,0.25028194880014704,0.239355
Sierra Nevada University,2648,0.27234849257134963,0.258385
Erikson Institute,1061,0.6368118947885071,0.625090
Huntingdon College,2988,0.243227789399431,0.230769
Lex La-Ray Technical Center,1159,0.19393231750094542,0.185736
Yeshivat Hechal Shemuel,1844,0.24329680638811205,0.235123
State of New Jersey,2400,0.2593629081768935,0.241832
Presentation College,3265,0.2583209401528934,0.243563
Tucker School of Real Estate,785,0.27606325494477035,0.265127
Simpson College,5190,0.25744133467495645,0.246592
Cardiac and Vascular Institute of Ultrasound,652,0.3260996054262792,0.316273
Chopra Center University,697,0.5970033649516371,0.575758
Yoga Center of Minneapolis,602,0.5442461863479892,0.529326
Mountain Gateway Community College,1700,0.1908151045342618,0.182284
Mci,501,0.14731226618991666,0.137990
University of The Virgin Islands,2966,0.26505095689939795,0.253364
Somerset Community College,2508,0.23807719835094895,0.226450
Clarke University,2737,0.2536979094047703,0.243808
Professional Development Institute,3827,0.27030990644330993,0.254779
St. Joseph's College of Nursing,1154,0.2552822944424262,0.247720
South Central Career Center,550,0.22408212546623926,0.217257
The New School,59229,0.23595799972852857,0.224027
Oglala Lakota College,847,0.3195290824459447,0.313745
Dominican School of Philosophy&Theology,8882,0.18344880385984555,0.173288
Golden State School,684,0.2263738957464101,0.214286
The Ducret School of Arts,8725,0.1837998152403833,0.173183
Cosmo Beauty Academy,533,0.20651211577647707,0.201365
Moresteam University,696,0.19082939713362834,0.175904
"Middlesex Community College-Bedford, Ma",1026,0.20254081387917644,0.196707
Shepherd University,7036,0.24306607771133648,0.230222
State of California,1424,0.30327246359225196,0.286686
Healing Arts Center,1225,0.5898564243246021,0.578694
Compass Career College,521,0.3104653717070114,0.297735
Hennepin Technical College,8897,0.16492739318008323,0.155856
New Iberia Senior High,5401,0.17516827675166674,0.166415
Lee University,8113,0.3162361415358636,0.304116
American Musical and Dramatic Academy,3537,0.2746754796353851,0.261977
Cosmetology School of Arts&Sciences,820,0.24149472502541622,0.229279
Central Baptist College,1198,0.23482411234602124,0.222076
School of Visual Concepts,2782,0.2223102199262393,0.206098
Truckee Meadows Community College,7131,0.2525282698339378,0.241533
Iowa School of Beauty-Sioux City,508,0.22566201082182882,0.216015
Medical University of South Carolina,11604,0.41157299742013637,0.399837
Western Kentucky University,33319,0.2505688197343728,0.240691
New York Real Estate Institute,1100,0.20933428982675903,0.200159
East Central College,4257,0.20026345755481326,0.192513
Charlotte Technical College,1186,0.14877179764255097,0.142950
Boricua College,958,0.30508504033901457,0.295438
Pennsylvania State University-Penn State Brandywine,593,0.183123178296724,0.174834
Emerson College,24869,0.2359527855661791,0.223672
Ai Miami International University of Art and Design,4609,0.14521396166372896,0.135562
Austin Institute of Real Estate,2034,0.1956215842560916,0.185211
Deloitte University,742,0.24121779545501876,0.227325
Sas Institute,1725,0.12377933969469941,0.113412
Hawkeye Community College,5537,0.21130697200032836,0.202901
Massachusetts College of Liberal Arts,4945,0.2660723742126908,0.254516
Buckeye Joint Vocational School,1935,0.2093148481386184,0.201449
Texas Bible Institute,971,0.27909497145876655,0.270551
Howard Community College,11550,0.22912072978797982,0.219658
Centre College,7311,0.2780680229172343,0.266330
School of Medical Technology,621,0.2513888725520359,0.238439
Chattahoochee Valley Community College,1360,0.2191437567630691,0.207701
SUNY at Purchase College,12203,0.2484289968924291,0.239225
Robeson Community College,1698,0.23388484183720276,0.219980
University of The Incarnate Word,14144,0.2728582348680665,0.261388
Google Creative Campus,914,0.2505872456318781,0.238647
North Greenville University,3512,0.2639733498045081,0.255366
Western Texas College,1138,0.22128932802937307,0.208481
Cuny City College,825,0.2807060052756525,0.269269
Cambridge School of Culinary Arts,1184,0.2519498936729419,0.240989
Icahn School of Medicine at Mount Sinai,4549,0.4172890994896112,0.405181
Cci Training Center-Arlington,1464,0.20801254984708392,0.192019
Saint Catharine College,1018,0.248789119286387,0.238400
Euro Institute of Skin Care,538,0.3611459164392738,0.346687
Holy Child School,19421,0.17672018076688153,0.167491
Miami Media School,512,0.18765739520234845,0.176849
Fountainhead College of Technology,587,0.13270623578480195,0.125850
Monongalia County Technical Education Center,972,0.20139468967216861,0.189381
Ascension College,962,0.2563351051052197,0.246563
Private School,19396,0.23343848884924331,0.223224
Jefferson College,6846,0.2004858059056476,0.189964
Christos Center For Spiritual Formation,540,0.6037409268648825,0.586207
The University of Tampa,25318,0.22150850467556515,0.211365
Angeles Institute,1689,0.18842731835698087,0.180441
Kairos University,666,0.44350520936662746,0.435484
Ross Medical Education Center-Ann Arbor,733,0.26361475577658694,0.248780
Tallahassee Community College,10498,0.24041605681019212,0.230718
Des Moines Area Community College,15472,0.22160068039345274,0.212562
Audio Institute of America,536,0.20634800593174402,0.199387
Amberton University,5541,0.2664594935653769,0.254687
Kent Career Technical Center,1911,0.2269987885217026,0.217047
Saginaw Valley State University,12684,0.2798302875854279,0.270671
Palmer College of Chiropractic,5595,0.5740591258231105,0.559197
National Academy of Sports Medicine (NASM),12512,0.435459930174026,0.420476
Strategy Institute,3278,0.22609865594601564,0.212491
Institute of Product Leadership,673,0.19730980367086315,0.183824
Devry University-Colorado,1245,0.1737187689599993,0.162462
Northland College,1657,0.32687574332982083,0.316550
Stanly Community College,3939,0.19923339946155755,0.190915
Vatterott College,4103,0.15093970218443326,0.141314
Central Oregon Community College,4840,0.2646211687643981,0.254194
U.s. Truck Driver Training School,1739,0.1377832898202245,0.126497
Anderson University,13187,0.2948836803574871,0.284076
Arizona School of Integrative Studies,730,0.3422657096606064,0.333333
Performance Training Institute,1070,0.3136828032820927,0.299768
Saint Edward's University,19021,0.2501036300205036,0.237904
The Chubb Institute,8014,0.09769931851793448,0.090516
Winthrop University,15361,0.28324574316361845,0.273014
Central Business College,558,0.17558830391089675,0.163743
Gateway Christian School,2853,0.2286759933607208,0.216641
Sports Management Worldwide,2690,0.23569599325764512,0.228135
Interlochen Center For The Arts,3135,0.30194581094575607,0.286353
Career Technology Center of Lackawanna County,560,0.2028374996199264,0.196429
Florida International University,123508,0.2339065987708552,0.223773
Piedmont Technical College,2541,0.20619070786645505,0.196444
Morehouse College,13548,0.32603777775994425,0.315277
University of Arkansas Community College,854,0.2247015147635204,0.214962
Rocky Vista University,868,0.447502095471664,0.439466
Grayson College,20245,0.20729524924005416,0.197590
Binghamton University,50557,0.23462827452155136,0.224306
Venture Capital Institute,1663,0.3021228071568838,0.288900
Software Engineering Institute,1017,0.10058413681379393,0.093777
CUNY School of Law,1265,0.27325271585113,0.263583
Mgh Institute of Health Professions,3538,0.5045099838793289,0.493901
The Chicago School of Professional Psychology at Washington Dc,518,0.49120611845523887,0.470097
Oklahoma Christian University,6193,0.23081847935668684,0.221488
Franciscan Missionaries of Our Lady University,1102,0.33451996796382066,0.319033
Satellite Academy,1005,0.217708128073159,0.205758
Northwest Technical Institute,7264,0.1926167424084575,0.182202
Mount Mary University,8696,0.32217465299837394,0.309747
Middlesex College,9579,0.20683341593949442,0.196816
Quincy College,5583,0.23269172476742686,0.223096
Marion Technical College,2764,0.22591623655810592,0.219072
Century College,14286,0.23061067744981995,0.220020
Berkeley College-New York,3361,0.1686595850112488,0.160727
University of Massachusetts-Boston,40280,0.2871410921354379,0.275154
The University of Alabama,84285,0.23438169463807937,0.224839
Living Arts College,6923,0.2122902351771974,0.201969
Hampton Roads Criminal Justice Training Academy,598,0.24252981162252135,0.230101
University of Southern Maine,17988,0.29090377201996515,0.279590
Gold Coast School,6852,0.19342752968867888,0.180478
Notre Dame Academy,10168,0.2636140323325546,0.254164
Washington Online Learning Institute,847,0.274699135218088,0.261996
Career Networks Institute,1589,0.3120031972959433,0.299574
Longy School of Music of Bard College,1471,0.2959172971302099,0.284865
Westminster University,14580,0.24501519924754764,0.233752
Marlboro College,2780,0.28677408520931863,0.275682
Moody Bible Institute,6537,0.41634873575070436,0.402494
Colorado School of Mines,20867,0.15954303388776547,0.150852
Saic University,536,0.23764259185887868,0.227273
Baldwin Beauty School,1372,0.264171194564574,0.250314
Mercer County Technical Education Center,1030,0.19416392932591173,0.184909
Business Enterprise Institute,665,0.3712752480712707,0.355721
Lane Community College,9110,0.25872006595508457,0.248980
Grove City College,9264,0.23356186159030404,0.222900
Chabot College,13248,0.24645585667303563,0.236513
Piedmont University,4476,0.30719956888480204,0.297526
Hallmark Institute of Photography,1023,0.1518988551769317,0.142665
Pikes Peak State College,5906,0.26451381661184187,0.252786
Keck Graduate Institute,2226,0.3448688306245246,0.336924
Hypnotherapy Academy of America,891,0.6144643319360268,0.594439
Yavapai College,4384,0.2852629897846172,0.273812
Arizona State University-Northeastern Arizona,6198,0.3343240419923939,0.323868
Dallas Nursing Institute,2271,0.1681407075621037,0.159973
SUNY Cortland,14593,0.2861680190141385,0.274225
Mercer University,25384,0.295019842624292,0.284353
Amridge University,1479,0.3358463281850231,0.320227
University of West Florida,24751,0.2789805780521875,0.268880
Midwest Institute,591,0.26105094569025383,0.247453
Sojourner-Douglass College,1122,0.32163848746327933,0.309278
University of Kentucky,75618,0.25263289829751595,0.242689
Yakima Valley Technical Skills Center,572,0.2461488582555213,0.231355
Kenyon College,8165,0.2867444330755151,0.274466
Lackawanna College,2183,0.21807722172778388,0.206944
Environmental Systems Research Institute,518,0.18701593769685587,0.176563
El Camino Community College District,22306,0.21948078525237477,0.209145
Divers Academy International,515,0.1466394689631011,0.134328
City College-Fort Lauderdale,876,0.2261942898427085,0.218304
Transportation Safety Institute,1747,0.18913861789390604,0.174633
Academy of Finance,1081,0.19867987109022667,0.192462
The University of Texas at Tyler,48531,0.241704768174299,0.230431
Northwest Technical School,750,0.19217364327269912,0.180509
Trumbull Career&Technical Center,686,0.2054963094411653,0.189422
Davenport University,22142,0.2044539801869451,0.194462
Polaris Career Center,1275,0.18186170736837254,0.170763
Northwestern Michigan College,5528,0.21599735390243263,0.207676
Tennessee Temple University,1926,0.2879697079162942,0.274923
University of California-Davis,109840,0.27777441349282583,0.266776
Palm Beach State College,26595,0.23536428535607054,0.225175
Hci College,885,0.2019632905856344,0.187926
University of The District of Columbia,13136,0.25861885257731637,0.248915
Stockton University,18848,0.2449502680535129,0.234231
Carolina College of Biblical Studies,837,0.3724232991564295,0.355721
Upsala College,1663,0.17879126471268555,0.168843
International Institute of Professional Education and Research (IIPER),692,0.12794192805909424,0.117305
Faith Baptist Bible College and Theological Seminary,1028,0.3467281327155023,0.332869
University of Pittsburgh-Greensburg,1947,0.232723130855297,0.220459
Lascomp Institute of It,551,0.16085514138757323,0.154993
University of Houston-Downtown,29553,0.18955576082886028,0.180197
Jose Maria Vargas University,5363,0.1698655818096226,0.155596
Chapman University,35299,0.2733691038259859,0.261124
Faith International University,1530,0.4253462632367008,0.412172
Montclair State University,50676,0.24460054136035764,0.234308
Institute of Electrical and Electronics Engineers,1525,0.109044294550468,0.098888
University of Hawaii System Office,1396,0.2734232413049966,0.259766
American Institute of Certified Public Accountants (AICPA),10824,0.10765262755668863,0.100066
Villiers School,1525,0.1998163826802963,0.185941
Mayo Clinic College of Medicine and Science,1708,0.4151929643537045,0.405418
Ranken Technical College,3339,0.11937890999986413,0.112607
Transylvania University,3255,0.2584388798375703,0.248064
Nova Institute,2171,0.2045879978403042,0.193120
Rockefeller University,546,0.2526072143515787,0.233766
Quality Technical Training Center,613,0.1572773610051829,0.151389
Empire College,2146,0.22032654696297557,0.212309
Columbia College,33159,0.2266996605792376,0.215006
The Southport School,8325,0.19465064690972017,0.183428
Securities&Investment Institute,3612,0.16760772471732574,0.157178
University of The Potomac,1464,0.16295607276702254,0.153633
Massage Therapy Institute of Colorado,783,0.42644045838807515,0.417241
National Laser Institute,1890,0.3265024834459948,0.314108
Hendrix College,3831,0.30178887327026316,0.291627
Hootsuite,502,0.2789782071916791,0.260105
Northwest Florida State College,6221,0.22794931500694535,0.215543
Coastal Bend College,1412,0.20942775193703034,0.198638
Minnesota State University Moorhead,15143,0.2491839640319108,0.238566
Bentley University,32121,0.15322471092557347,0.143929
SUNY Oneonta,16585,0.23050353126116904,0.219731
University of Illinois Urbana-Champaign,199335,0.219960678309489,0.209180
Electrical and Hvac/R Training Center,694,0.10121726670361382,0.093168
College of Central Florida,9830,0.23936755198933546,0.228919
Navy Supply Corps School,1730,0.16083513985530237,0.146729
La Sierra University,4353,0.3254032516844117,0.316658
University of California-Hastings College of Law,6629,0.24108307552194966,0.229726
Connecticut Center For Massage Therapy-Westport,863,0.4388092995747429,0.428000
Mott Community College,8155,0.22024690407444775,0.211589
University of Phoenix-Arizona,505,0.28176590158151066,0.273770
Kirtland Community College,1090,0.22441034450028005,0.214080
Central Academy,8409,0.1971545247891393,0.187791
Amg School of Nursing,501,0.2085195840099567,0.201040
National Center For Housing Management,649,0.30694768364539304,0.290363
Altierus Career College,1130,0.3352364046270802,0.318355
Northwest Shoals Community College,564,0.18831345810331146,0.176556
Denver Paralegal Institute,605,0.17983804727178251,0.173967
Spalding University,4155,0.3537823847108123,0.342332
Iata Training and Development Institute,948,0.14789949780002856,0.134728
Somatica Institute,504,0.5472501693158487,0.525597
Carson-Newman University,5164,0.2912831880722183,0.280697
Learning Alliance Corporation,873,0.3399763355457725,0.327290
American Yoga Academy,1459,0.4832987608543356,0.461634
Albert Merrill School,1702,0.24412300271373918,0.227902
University of Pittsburgh-Pittsburgh Campus,17020,0.22377835951187783,0.212947
Murray State College,1914,0.21222261874370368,0.202499
National Orthodox School,755,0.18439908523406068,0.171429
Cascadia College,4895,0.24528936420846653,0.232933
Westchester Business Institute,645,0.13990267956323715,0.135201
Wilkes Community College,2011,0.21534852043970867,0.204792
United Education Institute,1557,0.22852007417457176,0.216231
Conversational Academy,541,0.36358381758078,0.347896
Curry College,6354,0.2521209160789491,0.241042
Sno-Isle Tech,659,0.17387808531665375,0.166247
Richport Technical College,1156,0.19569274432301326,0.188486
Western Iowa Tech Community College,2905,0.1957274005527265,0.184129
Kalamazoo College,12740,0.22304371994936806,0.213648
Cadd Centre Training Services Private Limited,1267,0.07862070359246541,0.069011
American Commercial College,1390,0.16632938689707544,0.158053
Mercy College of Ohio,1555,0.39423588800955145,0.385230
Victory Outreach Bible College,570,0.3575736201917896,0.343203
Rand School of Public Policy,564,0.32855817479870686,0.317610
"Aviation Institute of Maintenance-Teterboro-Teterboro, Nj",624,0.09217953344049198,0.079016
University of Mobile,3576,0.2671416409844985,0.256441
Texas A&M University-College Station,188318,0.21404624816462475,0.203896
Fashion Careers College,2467,0.20014705470325958,0.189430
North American Learning Institute,544,0.29400573541303554,0.277519
Blackburn College,1867,0.20665625465627213,0.196414
Institute of Real Estate Management (IREM),1398,0.1990967402157213,0.186845
Academy of Acadiana,2546,0.2529062173595658,0.244961
Brooks Institute,4770,0.15848576277083476,0.148123
Snead State Community College,1949,0.19170567544178516,0.181711
University of Minnesota-Morris,4454,0.26925871099099125,0.258761
Utah Valley University,47431,0.24930928584553086,0.238319
Allan Hancock College,5860,0.26114546817628365,0.251953
State of Vermont,724,0.24923423188631902,0.240328
Iap Career College,2660,0.3829679965761353,0.368525
Pensacola Christian College,6534,0.251826188500029,0.240309
Feac Institute,871,0.1448036089478515,0.127641
University of St. Augustine For Health Sciences,5209,0.5113950226150391,0.500301
Mcneese State University,11016,0.2078851575153213,0.197098
State University of New York at Oswego,3639,0.2480515472300145,0.237381
J F Ingram State Technical College,1928,0.15392182294142925,0.141895
Northern Kentucky University,29706,0.2359754634643977,0.226501
Southeastern Technical College,690,0.21733989096245873,0.204324
Japan Center For Michigan Universities,1441,0.20715689406357432,0.196749
Thomas Aquinas College,857,0.219535862313052,0.210479
Service Quality Institute,1041,0.1634583466150201,0.154213
Amherst College,8780,0.30215600186269587,0.289887
American Institute of Banking (AIB),6562,0.17661088169385156,0.166524
High-Tech Institute-Atlanta,7621,0.1566270641622991,0.147202
Durham Technical Community College,7985,0.24406443109621345,0.233887
Eden Theological Seminary,560,0.4448134655188866,0.429333
The Ccim Institute,679,0.2143311079222508,0.206943
Gemological Institute of America-Carlsbad,895,0.1536305418455534,0.144828
Five Towns College,2140,0.1760421353733259,0.167199
Permaculture Institute,1034,0.49567554929751595,0.482156
Icpr Junior College,3586,0.10888719395932837,0.101861
National Institute of Standards and Technology,784,0.1620844414119659,0.149142
Avtech Institute of Technology,3013,0.10349709759049502,0.094598
Rose Training Institute,567,0.22044659553629958,0.208775
Premier Academy of Cosmetology,862,0.22312187133093847,0.211823
Fashion Image Institute,5297,0.17116161822432752,0.160148
Pennsylvania Gunsmith School,717,0.18771745738643505,0.181710
University of Arkansas Hope-Texarkana,557,0.2597799432136789,0.249304
Grant Cardone Sales Training University,1044,0.24535677209679613,0.233278
Pace University,60734,0.19532436825539864,0.184942
Florida State College at Jacksonville,28691,0.22007229591017705,0.209889
Benefits Management Group Inc (BMGI),973,0.17386391750746436,0.158076
Takoda Institute,714,0.24225182051986155,0.235018
Nyc Data Science Academy,2575,0.20011548840878332,0.190396
City Colleges of Chicago-Harold Washington College,9145,0.2510991738369163,0.241445
Engaged Mindfulness Institute,666,0.6478706093660517,0.629389
Sandler Sales Institute,3286,0.20292215053854146,0.190286
Salt Lake Institute of Genealogy,513,0.22013715415531673,0.214756
Coleman University,4626,0.13866093500904395,0.128840
Boca Beauty Academy,1063,0.2531149562922782,0.244348
Chattahoochee Technical College,9767,0.1890233868008541,0.181104
Applied Tech,912,0.20708891010413916,0.197252
University of California-Irvine,101672,0.24285823142046634,0.232716
Edgecombe Community College,1608,0.21990213342452336,0.211000
Global College of Natural Medicine,755,0.5284604825862237,0.510081
Washington State College of Ohio,3059,0.23009394155067633,0.219491
Donaldson Career Center,564,0.23642017880954252,0.227205
Philander Smith College,1677,0.28849750044034406,0.276309
Hope College,10531,0.30370460208135525,0.293668
Minnesota West Community and Technical College,1491,0.20259902274539018,0.191260
Lyon College,2765,0.22282016018343262,0.212522
Crafton Hills College,6917,0.24683287448593075,0.236525
South Tech Academy,3801,0.21945555755171897,0.209631
Forensic Science Academy,600,0.2723612322728887,0.250685
Purdue University-Indianapolis,541,0.21127449415448885,0.199067
Draughon Business College,1437,0.1476813633828171,0.142857
Integrative Psychiatry Institute,598,0.6796867023586564,0.650636
Virginia Western Community College,5271,0.20663799785279455,0.197429
Minnesota State Colleges and Universities System Office,5305,0.2210553687753431,0.208661
Williamson College of The Trades,605,0.12612271145079434,0.120510
Rock Valley College,8861,0.21484175759407828,0.205146
Baptiste Power Yoga Institute,655,0.49183109428591854,0.472603
Mbti Business Training Institute,1115,0.2809365604669263,0.265015
The Andrews School,5762,0.24890893664649213,0.238581
Tennessee College of Applied Technology Nashville,1634,0.18154907760223357,0.172397
Beaufort County Community College,1079,0.24157995469541688,0.232489
Mount Holyoke College,11404,0.35755217407024575,0.345241
Chicago Portfolio School,2240,0.155018764731613,0.143978
East Texas A&M University,2137,0.25432170784329494,0.243945
St. Augustine College,4556,0.2310246884275413,0.218095
Divers Institute of Technology,874,0.14589626410224288,0.131226
University of Pittsburgh-Titusville,566,0.22549256228148232,0.208861
Carnegie Institute,684,0.23847697980464447,0.231436
Total Technical Institute,1991,0.10179882974410732,0.095130
Business Institute,7112,0.176136359295079,0.164258
Fort Lewis College,9397,0.25828687787130833,0.246585
Blackstone Career Institute,711,0.24245475903556082,0.229563
Ancilla College,599,0.25857325523163105,0.249354
Warren County Community College,2294,0.233093726942053,0.223864
Forsyth Technical Community College,9273,0.22581866556246627,0.216676
California University of Science and Medicine,1211,0.20749439717822674,0.199580
Good Samaritan College of Nursing and Health Science,1893,0.24788588772925454,0.238806
Roanoke College,6861,0.24731069196922656,0.237073
Cottey College,1711,0.28727401281726656,0.275737
Cornell College,8176,0.24046146627321136,0.227048
Treehouse,3343,0.21971651540848625,0.207487
Alamance Community College,8724,0.16234517328819908,0.153973
State of Washington,630,0.2403585224027748,0.223011
Computer Systems Institute,2176,0.1705330799629099,0.162100
University of Michigan-Ann Arbor,59830,0.2327810652996072,0.221566
Technology Center Inc,1184,0.11517295011058835,0.108619
The Art Institute of Pittsburgh-Online Division,3501,0.17170501228317359,0.162698
Pennsylvania State University-Penn State Harrisburg,3393,0.2242685058012941,0.213562
University of New Mexico-Los Alamos Campus,800,0.1890674029859632,0.174586
Seattle Pacific University,15590,0.3341092000309763,0.322325
Riverside College of Health Careers,710,0.2672983883481768,0.258918
Olivet College,2006,0.25210290600462104,0.244243
Cedars Sinai Medical Center,903,0.42083707596040487,0.407306
Sw Graduate School of Banking,1421,0.20810682674435602,0.198657
Texas Christian University,33528,0.24574500507459798,0.235712
University of Oklahoma-Health Sciences Center,4340,0.42722464976752617,0.416556
George C Wallace Community College-Dothan,1233,0.2188843519064596,0.213018
Camden County Technical School,1884,0.18263169238944307,0.173363
Haverford College,6595,0.2821329217233493,0.270506
Humphreys University-Stockton and Modesto Campuses,1056,0.2573843903031429,0.247409
Kean University,30262,0.2480683391542417,0.239038
Elon University,21361,0.24450825140621682,0.234433
Modern Welding School,606,0.11628242607514097,0.105997
Spencer College,1287,0.24272402059460838,0.232913
Dillard University,4220,0.33795075036801514,0.325698
Bluegrass Community and Technical College,4508,0.2307492108147729,0.222318
Elizabeth City State University,3363,0.27715966664490593,0.268741
University of Wisconsin-Baraboo/Sauk County,707,0.2147346643504289,0.205640
Nova Southeastern University,55104,0.3341447816597523,0.323125
Newbridge College-Monterey Park,1025,0.24448572667693447,0.229643
Academy of Culinary Education,639,0.19956902389824724,0.190244
The Seattle School of Theology&Psychology,9196,0.22973019545513818,0.218395
University of Massachusetts,16346,0.20606871453196599,0.194410
Portland State University,66705,0.2909494082640459,0.278560
Industrial College of The Armed Forces,1153,0.17007366213796046,0.151011
Long Beach City College,17223,0.22809324303058506,0.217934
The University of Findlay,9265,0.2758544597054284,0.264546
Lincoln College of Technology-Denver,1031,0.1131121640493585,0.104478
"Devry University-Illinois-Naperville, Il",833,0.14982325813127517,0.139352
Institute For Veterans and Military Families (IVMF),3467,0.33248200536212363,0.317622
International School of Veterinary Postgraduate Studies,2018,0.31398410239596297,0.303446
Southwestern Oklahoma State University,7337,0.24192597114678455,0.231884
Connors State College,1825,0.22226605404665362,0.211375
Anoka-Ramsey Community College,9925,0.24184040830564377,0.232481
Ohio University,85431,0.25708278962815884,0.246533
California Institute of The Arts,8703,0.1995902362302961,0.188692
Argosy University-Washington D.c.,640,0.4364322298938645,0.420455
Performance Training,3440,0.27612698807169284,0.260826
San Bernardino Valley College,5858,0.25760384097421263,0.246920
Utica University,11213,0.23821247598290082,0.227756
Kent State University at Kent,77637,0.23912112655636628,0.228551
Burlington College,2256,0.23764941807805018,0.226097
Sunbridge College,2321,0.21669498457984304,0.205464
Asa Institute of Business and Computer Technology,911,0.17373115098486522,0.165700
East Arkansas Community College,532,0.26053484761658624,0.253030
Zane State College,1588,0.19853023094201033,0.190836
Squadron Officer School,1779,0.20762882970684382,0.192854
Dakota Wesleyan University,1359,0.2951205404931438,0.286624
Adjutant General School,904,0.25920046249115397,0.239815
William D. Ford Career Technical Center,1125,0.21049787538293027,0.201821
Eastern Florida State College,13359,0.2154011686869868,0.205309
Photography Institute,1006,0.20166706979436758,0.192090
Florida College,3507,0.2399953124023967,0.227986
Albany Medical College,1914,0.3945281480227613,0.383641
Wayne State University,77332,0.25218076594143846,0.241953
Auburn University at Montgomery,8886,0.22565860474591784,0.215948
Homespection Training Institute,585,0.16824568043939161,0.163982
Pennsylvania Institute of Technology,1626,0.14289898350024913,0.135797
Texas State University,88066,0.2418268360606196,0.232064
Lead Academy,1475,0.29006721037973343,0.277130
Stewart School,3127,0.20276016751931528,0.192448
Sofia University,6383,0.25164252081594024,0.241379
The Chicago School of Professional Psychology at Chicago,9486,0.5041033745771353,0.486955
George T Baker Aviation Technical College,1038,0.1296113963705479,0.118780
Navy Senior Enlisted Academy,1058,0.25138564440774996,0.234677
Newfield Network,1326,0.36548469034787556,0.342593
Duke University,88083,0.2882409412167911,0.276873
American Academy of Professional Coders (AAPC),7358,0.22219105467112568,0.210900
Bene's Career Academy,1259,0.23439876246024036,0.226117
Business Careers Institute,584,0.19379577007865648,0.188822
Arizona State University Campus Immersion,5057,0.34216396304983315,0.330385
University of North Carolina School of The Arts,9183,0.2719344512795949,0.260045
Barry University,21104,0.3216835484755712,0.310478
The International Culinary Center,5821,0.2017031455962069,0.189548
Sturgis Charter Public School,2500,0.2870311495078382,0.279279
The New School Center For Media,831,0.20119759540735827,0.192308
School of Paralegal Studies,574,0.19228425733442714,0.176912
State Technical College of Missouri,2382,0.18380705295182267,0.170073
Mississippi Valley State University,2531,0.2734814528059205,0.263405
Azusa Pacific University,21504,0.40651258395780027,0.394878
Vallejo Nursing School,521,0.25028844064472844,0.243433
Washburn University,12250,0.25479169139054575,0.244126
Challenger Institute of Technology,838,0.1328575229118163,0.124872
School of Practical Accounting,707,0.13869859302138507,0.127784
"Oakland Community College-Bloomfield Hills, Mi",1307,0.21287331858276412,0.200980
Intercultural Communication Institute,1369,0.3874519945729954,0.370617
Lee Institute,1106,0.2418563318749235,0.226107
St. Thomas University,11048,0.2674712560391273,0.255375
Okanagan College,1280,0.23815441600615034,0.224066
Itt Business Institute,716,0.1602550404185973,0.146002
Phillips Graduate Institute,1121,0.5409462343583207,0.523212
St Lawrence University,12509,0.24154184765777648,0.231113
Heritage University,1486,0.40853954082703064,0.398616
Lamar State College-Port Arthur,1441,0.22526700893616722,0.217226
Information Computer Systems Institute,1394,0.13005754054851146,0.116899
Itawamba Community College,3890,0.2049850154990287,0.194511
Denver Health Paramedic School,594,0.36897158342955144,0.354037
California Institute of Advanced Management,1171,0.19455626845780505,0.182090
Allen School-Brooklyn,523,0.24521566006351378,0.231648
Iowa Central Community College,3507,0.21595786174602588,0.208498
Turner School of Construction Management,525,0.26727664650687205,0.252994
Elementary School,6831,0.2423033179010223,0.230353
Memorial Sloan Kettering Cancer Center,1190,0.3364407131763801,0.327143
Frontier Community College,1526,0.24028915870011838,0.228406
University of Florida,182808,0.26082630842469406,0.250257
Rocky Mountain University of Health Professions,3464,0.4724257653539449,0.457751
Florida Gateway College,2339,0.21933565012629308,0.209982
"Manchester Community College-Manchester, Nh",2605,0.2393916531990347,0.230146
Shelton State Community College,3898,0.2023306387315438,0.190961
Mcvsd,746,0.1920567761417138,0.183150
Franklin and Marshall College,10050,0.25275654082802596,0.240046
National University of Health Sciences,4228,0.4491515526363498,0.438383
Memorial Hospital School of Radiation Therapy Technology,598,0.34462328447439566,0.334286
Vocational Training Center,1658,0.18416128671525153,0.172951
Lenoir-Rhyne University,4788,0.3060583314387297,0.296176
Intercoast Colleges-Fairfield,688,0.20629259225347715,0.197090
Aim Academy,1761,0.2170327151762591,0.205266
Startup Institute,4862,0.32106141699188073,0.305142
Recording Connection Audio Institute,879,0.17542674142554843,0.165950
Ecumenical Theological Seminary,1287,0.30043281693636137,0.284977
Adrian College,4262,0.2354659484286827,0.224743
School of Audio Engineering,1019,0.1483513256491403,0.138846
Abb University,642,0.2197007944420869,0.206623
Collins College,4676,0.16857563580660664,0.158109
Haywood Community College,1584,0.2589699992203969,0.253500
University of Cincinnati-Blue Ash College,2455,0.22258545164942692,0.213156
Saint Johns River State College,5098,0.24031396442740796,0.228708
Liceo De Arte Y Tecnologia,8013,0.17468912745713128,0.161616
Wheeling University,4592,0.24757576666656125,0.238316
University of Massachusetts Medical School Worcester,2298,0.41530394199715237,0.402283
Kd Conservatory College of Film and Dramatic Arts,552,0.2557511913055325,0.242637
South Texas Vocational Technical Institute,1327,0.17886314734919373,0.166347
Laboure College,1917,0.2646273439797052,0.250622
Neosho County Community College,1412,0.25116537709883907,0.238430
Mohawk Valley Community College,7709,0.19470123686873575,0.183496
Georgian Court University,3943,0.31255700682712256,0.304387
Stevens Institute of Technology,29711,0.12680596038485148,0.119258
Prescott College,5170,0.3894139019878366,0.374010
Columbia International University,3575,0.40796060375205073,0.395995
Carrington College-Pleasant Hill Campus,642,0.31440363856355263,0.297844
Andrew College,1594,0.21859845859394328,0.206164
Antioch University-New England,2976,0.5399009182902373,0.521983
Tri County Regional Vocational Technical High School,2487,0.18629782015969557,0.176535
Pima Medical Institute-Seattle,842,0.3821785226559773,0.371045
Benedict College,3932,0.2620820646838929,0.252596
Refrigeration School Inc,1202,0.10529284757841406,0.093583
Saint Johns University,69932,0.2157092065871714,0.205592
Dell'arte International School of Physical Theatre,681,0.3383159460338651,0.318937
Wheaton College,15474,0.3519054236606588,0.338744
Inter American University of Puerto Rico-Barranquitas,725,0.22484313849768142,0.212058
The Pilates Center,1781,0.5118013584446375,0.496813
Miat College of Technology,2598,0.11625843895006473,0.108288
Le Moyne College,9119,0.23352023651076367,0.222986
American Aerospace Technical Academy,735,0.1496858636170936,0.142408
Texas A&M University-Kingsville,16179,0.18725138496735275,0.178042
Claremont Graduate University,7840,0.34004095187281635,0.327271
Southern California University of Health Sciences,2253,0.5150112509630876,0.502646
Wesleyan College,2552,0.28990670965550697,0.277613
University of Houston,143445,0.20117458828442134,0.191310
Rowan University,34661,0.23228713189295971,0.223884
Nicolet Area Technical College,1603,0.2653853974141271,0.256798
Honor Academy,2816,0.2554860661352068,0.242667
Westwind School of Aeronautics,641,0.180454605216906,0.167105
Morgan Community College,1490,0.2559930351078607,0.245502
Franklin University,26634,0.21457619970150074,0.204071
Hanover College,4815,0.2832216433452993,0.272699
Buena Vista University,5905,0.24624601914631297,0.236179
College of Menominee Nation,689,0.2663819864279119,0.247205
Bridgewater State University,20035,0.2619429146536838,0.250992
Vernon College,2141,0.2339015540970311,0.222222
Development Institute,6089,0.25769453705426754,0.246131
Patten University,1927,0.2822535520825199,0.263655
Ottawa University-Phoenix,764,0.3706579280583627,0.361940
Financial Peace University,767,0.42431070477912036,0.408389
High Point University,17022,0.23613951058312915,0.226946
University of Alaska Fairbanks,10801,0.2657169451621831,0.253639
Tompkins Cortland Community College,3565,0.23290479190075244,0.221010
Southern Union State Community College,3942,0.22323715395906044,0.213724
Tulsa Technology Center-Riverside Campus,738,0.1556423950173436,0.146710
Otis College of Art and Design,6119,0.1587040363351912,0.148165
Ideal College,601,0.14467638833955587,0.134722
Soma Institute-The National School of Clinical Massage Therapy,791,0.4778649472378956,0.469072
Abc Institute,730,0.16899173503459758,0.160567
Neumont College of Computer Science,1410,0.11851700808192404,0.111056
Penn Foster University,2861,0.21802203547939458,0.206327
Northwest College of Art&Design,1047,0.2299168612982646,0.218579
Huntington Junior College,725,0.2139430805300934,0.204961
The Wright Institute,1077,0.5613686489053531,0.552249
Regenerative Leadership Institute,644,0.5212132621159645,0.494148
Germanna Community College,4707,0.22755473236131066,0.215782
Eastman School of Music,2516,0.2571714708271359,0.249383
G Skin&Beauty Institute,535,0.28291430760067227,0.271860
Newberry College,2325,0.2184595268008243,0.209201
Btii Institute,1106,0.17920826207491314,0.169112
Unity College,4513,0.3110447934118855,0.297684
Star Technical Institute,664,0.19073881872013337,0.174623
Truett Mcconnell University,1378,0.2387050679753603,0.226997
National Security Space Institute,1210,0.2358793410419221,0.220142
Texas School of Business East Inc,2322,0.20372070667544892,0.194216
Long Beach Polytechnic,14407,0.23508996760591908,0.224071
Lorain County Joint Vocational School District,1664,0.20045140413961582,0.192508
North Carolina Wesleyan College,4013,0.19158143992144408,0.183041
Egerton University,1226,0.23658547020121093,0.223168
SUNY College of Agriculture and Technology at Cobleskill,5167,0.19837053229127918,0.188669
York County School of Technology-Adult&Continuing Education,3179,0.20682882117332124,0.197718
Jackson State Community College,3232,0.2038312039025743,0.194783
Pennsylvania College of Art and Design,1469,0.1851295148602249,0.171806
Meharry Medical College,1907,0.532916235454331,0.523663
Ohio University-Zanesville Campus,760,0.27106747585818075,0.257656
Acupuncture and Integrative Medicine College-Berkeley,539,0.462203903428398,0.444444
Harrisburg University of Science and Technology,5261,0.14537539603236152,0.136152
New England Ems Institute,612,0.32616726689626935,0.319001
Somatic Experiencing Trauma Institute,918,0.7172427028739892,0.705516
The Creative Circus,1925,0.14275189747635916,0.133521
Southwestern Baptist Theological Seminary,6154,0.4063086580624467,0.392511
Career College Consultants,1966,0.23340716733378825,0.214598
Contra Costa College,5222,0.2926107617397728,0.281297
Irene's Myomassology Institute,518,0.41490965496365523,0.402619
Haven University,534,0.30800747901200776,0.295935
Healing Mountain Massage School,846,0.4363565434958113,0.424084
Psi Institute,1651,0.314031013840999,0.301778
Cg Master Academy,645,0.10912560793604638,0.101152
Edp University of Puerto Rico Inc-San Sebastian,1026,0.19087589437292887,0.178876
Ameritech College-Draper,666,0.3649776417749685,0.357930
College Education,4018,0.2430945067298133,0.229709
Wisconsin Lutheran College,5060,0.2805050153160962,0.269579
Fashion Institute of Technology,50746,0.15457437908968508,0.145928
Cheyney University of Pennsylvania,2732,0.31502524979417634,0.304543
Social Service Institute,1913,0.3444661917821585,0.328452
The Yoga Institute,862,0.38480332589663585,0.375260
Ogden-Weber Technical College,2040,0.20390060653313988,0.192337
Milpark Business School,566,0.19134821868854437,0.168493
Louisiana Tech University,22956,0.19496687268142143,0.185473
Shore School,7054,0.22793931997425868,0.218770
Health Enrichment Center,778,0.4290667418358221,0.413991
Lansdale School of Business,1060,0.1729614240757925,0.163205
Faa Academy,1307,0.16841891332471465,0.157827
Fort Valley State University,4026,0.28582144135491794,0.275311
Central Community College,2731,0.21324094380570757,0.202627
Lock Haven University,8481,0.264362921173537,0.254592
Berkeley City College,4487,0.30459252650223934,0.292580
University of Farmers,1744,0.23372615188016294,0.222013
Sampson Community College,962,0.23555719114314305,0.224681
Operation Spark,532,0.21133190447330386,0.201587
Rets Electronics School,1018,0.08964198586978167,0.082095
Laguna College of Art and Design,3911,0.19438256308896668,0.183723
Institute of Business Administration,3363,0.13653016072584365,0.127816
South University-Virginia Beach,708,0.2539086894018443,0.245136
Catholic International University,2068,0.2772536256316148,0.262329
New Hampshire Institute of Art,719,0.1989434058887165,0.185877
University of Colorado Boulder,163225,0.24708605107202267,0.235766
The Advertising Arts College,501,0.1769985168960673,0.172982
Yale University,73810,0.32561224715406556,0.312339
Fairfax University of America,2002,0.13728162041792857,0.129073
South Louisiana Community College,2915,0.18243594864286292,0.171871
New York School of Interior Design,607,0.18891126321654117,0.181319
Southeast Technical College,1489,0.17691813918111973,0.167603
Altura College,1076,0.27297092800147765,0.261401
Laboure College of Healthcare,743,0.3038149257404124,0.292476
Saint Gregory's University,3788,0.21644730303477178,0.205732
American College of Traditional Chinese Medicine,667,0.5707502695371095,0.550379
Urban College of Boston,780,0.28609496727657463,0.268737
Generations College,2405,0.23133367619875037,0.220588
William Penn University,4247,0.2244425678904058,0.214656
North Central State College,3451,0.21217465975341107,0.201917
Thomas More College of Liberal Arts,3499,0.20904050580366582,0.197983
Malone University,5318,0.2804536211934254,0.266317
Infocomm University,1489,0.1402979418995241,0.132925
Pennsylvania State University-Penn State Scranton,729,0.18104495767719903,0.175420
New Age Training,721,0.36935985629801477,0.353919
C-Tech,1069,0.16598479985730374,0.158400
University of Nevada-Reno,38223,0.2778668902160351,0.266783
Lutheran Theological Seminary at Philadelphia,588,0.42701258704658623,0.405882
Midwestern University,7313,0.4561175235082915,0.446279
American Concrete Institute,1137,0.12366124603036081,0.114613
Case Western Reserve University,44426,0.2641623207359256,0.253135
Westech College,587,0.16181532985842462,0.150492
University of Central Florida,154493,0.24120868256250166,0.231235
Concorde Career College-Memphis,655,0.2433353959507231,0.236386
Moorpark College,16201,0.22638752525204678,0.216763
Portage Lakes Career Center,618,0.18162322619942295,0.175243
Kiamichi Technology Center-Mcalester,590,0.22526372089290514,0.215529
James Sprunt Community College,832,0.2659864464490606,0.260407
Biola University,13432,0.35896009353425606,0.346415
Rasmussen Business College,2950,0.15613704276473686,0.094275
Milan Institute,651,0.315068427444262,0.300813
Miami Ad School,3745,0.15669233324000675,0.144630
Southwest Texas College,1462,0.20159644771824428,0.188679
National Academy For Paralegal Studies,548,0.15183456423452524,0.141802
Van Loan School at Endicott College,860,0.304380882347227,0.290106
Carteret Community College,1852,0.23665381191978532,0.224837
Intuit Academy,1225,0.19790847398508418,0.183729
Nlp Academy,505,0.46140574873133333,0.434505
Southern University at Shreveport,1125,0.2644835557649871,0.253689
Clark College,13342,0.2497996023596237,0.238668
Frederick Community College,7765,0.2260025805258985,0.214257
University of The West,2924,0.3211496094190922,0.303783
The Recording Arts Center,984,0.17762029677845084,0.173267
Career College of Northern Nevada,506,0.21663780094178334,0.210843
Tba Career Tech Center,621,0.17742912201568267,0.171543
San Juan College,5896,0.21546795906544233,0.204043
Cortiva Institute,2222,0.4318483002428109,0.420929
Profile Institute of Barber-Styling,1062,0.18601282233425986,0.166536
North Georgia College&State University,3204,0.26105528313949,0.248500
The Pja School,737,0.24996717937609775,0.239336
Renton Technical College,3880,0.2178760289960315,0.209252
Adler Graduate School,1617,0.5548301439381135,0.538531
Villanova University,83808,0.20039766497447073,0.189720
United Nations University,1359,0.5104317649284984,0.490374
National Intelligence University,3062,0.20394897929139805,0.186990
State of Ohio,3183,0.2659447294060403,0.253879
Bethel School of Technology,521,0.21283189600230956,0.205172
Minerva University,1175,0.2992838377437678,0.287879
Bowdoin College,8002,0.2962948107542713,0.284710
Independent Training&Apprenticeship Program,2513,0.19070023560784122,0.180317
Hamilton Technical College,1625,0.16650323034364223,0.159569
Lorenzo Walker Technical College,720,0.21318243198491654,0.199324
Coursera,31520,0.24470968086160122,0.232281
Computer Networking Center,1067,0.12516819240506546,0.113253
Fairleigh Dickinson University,33706,0.1984776240856091,0.188428
Lawrence University,10888,0.2606484216931101,0.246414
Cannabis Training University,807,0.3745631087256594,0.361789
American College of Education,15088,0.5224765444546142,0.511816
Faulkner University,6187,0.22321010099126365,0.211854
New City College,3628,0.1881009931074798,0.177499
Academy of Dental Assisting,531,0.3382895178497556,0.324742
Flathead Valley Community College,1583,0.2663654879223435,0.257241
Watterson College,1190,0.20521095938687917,0.195371
Word of Life Bible Institute,2315,0.3521922700786549,0.338508
Lively Technical College,858,0.20634744876444672,0.191530
Florida Coastal School of Law,8214,0.24003097415691202,0.229910
Eastern Shore Community College,1097,0.23632722464182135,0.224736
SUNY at Albany,50224,0.25633507045495785,0.245841
Career Quest Learning Centers-Jackson,7507,0.26799980897484194,0.255322
Paris Fashion Institute,5476,0.17636259823893558,0.164017
Carroll Community College,4096,0.23851958877217097,0.230126
Phillips School of Nursing at Mount Sinai Beth Israel,614,0.5025047353394927,0.484211
Metro Detroit Barber College,7775,0.12049789340674645,0.112967
Antioch University-Los Angeles,5194,0.394372227975015,0.380066
Southeastern Oklahoma State University,7637,0.24867592887726253,0.237717
Health Careers Academy,895,0.38649999907439114,0.379620
Johnson University,1955,0.3895320732363577,0.374911
Alfred University,8455,0.24170877144788333,0.231008
Bemidji State University,9021,0.24055671972116927,0.228917
Autodesk University,1153,0.12708600545623916,0.120924
Los Angeles City College,11887,0.23835874054605094,0.227209
Abilene Christian University,14546,0.3136727769936905,0.302048
Mercy College of Health Sciences,1144,0.4064717620229093,0.395317
Institute of Data,1452,0.1689642264166617,0.155254
American Intercontinental University,44202,0.20796886380209992,0.196386
Missouri Southern State University,8270,0.24202519221217253,0.231252
Cuyahoga Valley Career Center,1566,0.227759043412953,0.215644
Oak Point University,858,0.38601564433638313,0.374207
Defense Systems Management College,795,0.10103770967134416,0.089832
W L Bonner College,1221,0.18937847597773522,0.178254
Tuskegee University,9088,0.28471376131622655,0.272783
Macomb Community College,27977,0.1707929211526523,0.162829
Cairn University-Langhorne,2922,0.38568713479848055,0.374226
Philadelphia Technician Training,666,0.17367219492390598,0.163415
Shawnee State University,3488,0.220202732374371,0.213135
Weill Medical College of Cornell University,3656,0.3810197734910542,0.368033
Per Scholas,9168,0.18987920059074917,0.179116
Berks Career&Technology Center,1911,0.14937986926471708,0.141809
Georgia Military College-Valdosta Campus,533,0.2187155482534408,0.214939
Rob Roy Academy,1137,0.22113266369379256,0.215444
Florida Polytechnic University,1516,0.15033936858526054,0.144335
Barton County Community College,3928,0.24873894149074738,0.238266
CUNY Graduate School and University Center,15644,0.3549366525080477,0.341745
Center For Executive Coaching,1456,0.4933733632463909,0.455124
Mahoning County Career and Technical Center,584,0.1608419540296946,0.152299
Southern Oregon University,11116,0.2925459467463738,0.280535
Western Pennsylvania Hospital School of Nursing,1000,0.3678216007662761,0.357605
City University of Seattle,9742,0.2545740175396592,0.242517
Heidelberg University,14116,0.22720246129942287,0.215552
College Unbound-Newport/Aquidneck Island,881,0.23529421981348905,0.221374
United States Career Institute,10308,0.23840360137511557,0.227926
Portland Actors Conservatory,595,0.279461693547327,0.260430
New Mexico Institute of Mining and Technology,4438,0.16600236228572315,0.155269
Macmurray College,1402,0.23217483854802948,0.220557
Kaizen Institute,590,0.2270867141320923,0.217143
Hartford Technical Institute,867,0.1099732205500859,0.103933
Kirkwood Community College,14303,0.2200900500654515,0.210285
Centriq Training's Career Program,2273,0.12674720429041747,0.117844
Nazareth College,6694,0.34796330702475836,0.335816
Granite State College,3833,0.2828550825841833,0.271904
College America,1633,0.21292454294706029,0.202673
Maccormac College,744,0.14989241105793558,0.133056
Bpp Business School,1557,0.155430929741342,0.146615
Porter County Career Center,602,0.21795336359679993,0.211009
Baptist Health Sciences University,1088,0.3670507297065038,0.359777
Mandl School-The College of Allied Health,1257,0.26227409901822796,0.251530
The College of Westchester,4127,0.19213956256664383,0.182743
University of Maryland Eastern Shore,7170,0.28185746949825036,0.272137
Silicon Drafting Institute,511,0.07467234319252514,0.065502
Gnomon,2398,0.09306208845492782,0.084979
Goddard College,3363,0.4117966333349516,0.394633
Grantham University,7429,0.1802378511781573,0.168713
Avila University,5288,0.2890104411850121,0.276341
California Business Institute,1665,0.1750302601861355,0.164830
Strayer University-Virginia,6713,0.157062156202034,0.146202
Fuller Theological Seminary,6482,0.5186022386426037,0.502761
Clarion University of Pennsylvania,12174,0.24326569518865027,0.232224
Year Up,17769,0.27016772849605214,0.260152
Casper College,3319,0.2468278296636062,0.236739
Siebel Institute,682,0.1450126189457435,0.141667
Alaska Pacific University,1755,0.32832931579479246,0.313458
Emmaus Bible College,836,0.3506530082579772,0.330973
Neumann University,5211,0.27912323653425414,0.268604
King University,4475,0.2585631172890452,0.247544
Delta Connection Academy,699,0.2064349315894977,0.194342
Williston State College,1279,0.21975042257875896,0.204294
The Southern Baptist Theological Seminary,5523,0.3926518870836437,0.377863
College of Dupage,36391,0.20125791785174935,0.191818
Stevenson University,8639,0.23134742160193147,0.221669
Indiana University-East,4515,0.2660908607666363,0.255542
Industrial Technical College,2347,0.1103283002026202,0.097963
Eastern Michigan University,53249,0.2551286735244335,0.244306
Austin Community College District,40833,0.22438212015052086,0.214719
Tennessee Career College,591,0.21289659054527668,0.207386
Immokalee Technical College,521,0.20896276741838937,0.184514
Oregon Health&Science University,7879,0.4331933993582235,0.422699
Illinois Valley Community College,3400,0.20769087250218723,0.198137
Jefferson Regional School of Nursing,7928,0.16735403085523864,0.158084
Lake Forest Graduate School of Management,4743,0.16079011079301903,0.146909
Rockwell University,1076,0.16496739121744602,0.152924
Florida State Fire College,706,0.24453386449488476,0.237172
Essex College of Business,783,0.1512272817683373,0.145240
Cattaraugus Allegany Boces-Practical Nursing Program,1187,0.2045245516609625,0.194776
The Basic School,3017,0.21335460387134259,0.199470
Haskell Indian Nations University,887,0.3143128723966976,0.307758
Medspa Academies,1488,0.20526006689643386,0.191789
Hennepin County Medical Center,528,0.46155788536518205,0.453292
Alexandria School,1536,0.22960740045148947,0.218141
Dr Sears Wellness Institute,1123,0.6314287499746039,0.614096
Presidio Graduate School,1428,0.48754207614191725,0.464816
Covenant College,5331,0.2613379724955721,0.251028
Tricoci University of Beauty Culture,782,0.2873294109992804,0.275250
Van Nuys College of Business,886,0.2162035711939357,0.203782
Galveston College,1990,0.24773960110594717,0.238247
Oak Hills Christian College,2329,0.25026568112811437,0.238636
National Emergency Training Center,635,0.33312329829277587,0.314136
Menlo College,4219,0.22785056439098852,0.215749
Stautzenberger College,606,0.2112836462190645,0.199732
Columbus State Community College,28762,0.21542860877926132,0.206408
Dordt University,3198,0.27386761046761376,0.263303
Universal Technology College of Puerto Rico,1112,0.14990152549836994,0.135922
Nutrition Therapy Institute,1198,0.6045795056495152,0.590818
Pragmatic Institute,1321,0.19658476486569768,0.189519
Nuclear Power School-Naval Nuclear Power Training Command (NNPTC),18839,0.13573287452037053,0.125316
Connecticut State Community College Tunxis,1192,0.22918353787865806,0.221949
Des Moines University,2555,0.4091893527502252,0.396923
Bainbridge College,967,0.23001128076454216,0.221595
Opportunities For Learning,1554,0.31342358786444924,0.297373
American Academy Larnaca,505,0.19699117668868318,0.192810
Virginia Commonwealth University,75639,0.27646922958812503,0.265609
Hiram College,4353,0.23706081490561484,0.226078
State of Arizona,522,0.303985467276641,0.300000
Beverly Hills Design Institute,780,0.2073864826161218,0.191209
Rutgers University-New Brunswick,197295,0.24283578880578058,0.232911
Catherine Hinds Institute of Esthetics,666,0.30052249029727207,0.285369
Arkansas State University-Beebe,1934,0.2211145380709913,0.210461
Northern Maine Community College,676,0.18644577935017217,0.175325
Notre Dame College,7096,0.25017946556845067,0.240897
Tri-County Adult Career Center,2095,0.17693909940929156,0.169325
Hilbert College,1744,0.20818752570838156,0.195898
Mid-South Christian College,996,0.24985518104719662,0.238264
Embry-Riddle Aeronautical University-Prescott,1415,0.15124635257166202,0.136058
Lebanon Valley College,5640,0.2637826490281418,0.254259
Mission Language and Vocational School,527,0.22679267760265767,0.214642
Cedarville University,8789,0.3050288584803415,0.293366
Coastal Carolina Community College,5218,0.24783283385904434,0.234960
Holistic Life Institute,583,0.6065722775744706,0.584203
Central Michigan University,72637,0.24396679237828123,0.233433
Professional Academy,2234,0.24562353551738048,0.234975
The Landing School,1122,0.15941196745842665,0.153451
Red River Technology Center,1042,0.1803795963576997,0.169355
Hibbing Community College,1317,0.22819854592456723,0.220930
Madisonville Community College,1355,0.229217774747438,0.220129
University of Management and Technology,1361,0.14347126888165251,0.137485
American Academy,7726,0.20713564720206598,0.196408
Potomac Job Corps Center,525,0.20046088284300073,0.184170
Harvard University,260699,0.3212106803196244,0.307668
Institute For Professional Development,1039,0.23033664481055646,0.217427
Manor College,1810,0.21856092826944368,0.208498
Antioch University-Santa Barbara,1228,0.4610195789374693,0.444949
Acme Institute of Technology,500,0.12308310350021327,0.113793
Academy of Computer Education,4185,0.11436537840760501,0.106512
Peninsula College,2302,0.2681827841481401,0.256419
Saint Francis University,6219,0.271769348301586,0.261260
The School For Field Studies,3913,0.43003973962445463,0.413764
Utah Tech University,3622,0.2403921484302588,0.231677
Ohio State University-Newark Campus,695,0.2115418460280714,0.197842
Samford University,14047,0.28455149059907947,0.273221
Pickaway Ross Joint Vocational School District,876,0.24720432050431823,0.234568
East,2682,0.21983272143185179,0.210860
Wabash College,4291,0.2363447533440416,0.223272
Savannah State University,6835,0.25747126724145236,0.247629
Beloit College,5213,0.3130300924694449,0.299400
Lindsey Hopkins Technical College,638,0.27250633825337756,0.256145
University of Memphis,51088,0.2420005529276642,0.231810
Investments&Wealth Institute,917,0.35583311857278094,0.332110
The University of Montana,25555,0.28765867357630065,0.275237
Divine Mercy University,1555,0.41465469971101104,0.403312
York University,10491,0.21988793920137434,0.208254
Ohio Valley University,993,0.2636074097990078,0.255988
National University of Natural Medicine,1317,0.6585045013650035,0.646651
University of Northern Iowa,27700,0.2580792058037418,0.246397
Asheville-Buncombe Technical Community College,5629,0.24470393953965577,0.234980
Business School,43289,0.20724072972464247,0.194618
Muscatine Community College,783,0.19270169593894929,0.183633
Randolph Technical Center,1043,0.19339394148082398,0.185154
Bank Street College of Education,3415,0.559235572090719,0.547447
New Horizons Regional Education Centers,632,0.2366740842379956,0.222535
The University of Texas Health Science Center at Tyler,8904,0.2520337957489376,0.241231
Devpoint Labs,674,0.16319328594613072,0.157833
Paris Junior College,4978,0.2077871171471387,0.198611
Northwest Iowa Community College,754,0.18517751994683398,0.176411
Full Sail University,53890,0.17528526894501237,0.166301
Bakers School of Aeronautics,769,0.10934103089954776,0.099893
Ripon College,3643,0.24870394191425313,0.236564
National Institute of Trial Advocacy,915,0.3646215372716694,0.348718
Morse School of Business,1024,0.20946378054499779,0.201747
American Film Institute Conservatory,2688,0.1656492074322631,0.152834
Metropolitan Technical Institute,1466,0.1247426092323047,0.114676
West Virginia Northern Community College,1233,0.18722358792968394,0.180678
Colorado Mesa University,11229,0.26118675753269716,0.250718
New River Community College,3487,0.20152455451028142,0.190338
Best Care College,637,0.3648545689233695,0.354707
Bakke Graduate University,1340,0.2662507531907904,0.258166
Manna University,850,0.2495552468527106,0.232673
Lexington College,2413,0.2377556518775578,0.226087
Aden Business School,862,0.2015683898489596,0.181356
Gwinnett Technical College,10759,0.1738377273187305,0.164341
Travel University International,741,0.25243340963715033,0.237327
Corcoran College of Art and Design,2638,0.22108790218403193,0.207165
"Hebrew College-Newton, Ma",893,0.2586261081473895,0.250000
Advanced Computing Institute,3596,0.09985827253002436,0.089790
Cypress College,13300,0.22605861109953013,0.215559
The Robert B Miller College,2599,0.20621771687499232,0.197744
Spoon River College,2410,0.2289057988611176,0.215854
Sage College of Albany,3889,0.3138711212695014,0.303252
American Business and Technology University,777,0.18579490364468607,0.180769
Montgomery Community College,1227,0.21695676160615235,0.209699
Ross College,1160,0.2563449624904509,0.245926
Electrical Training Institute,3881,0.11225473710627974,0.102440
Spartanburg Methodist College,1922,0.22662893061273157,0.218435
Thinkful,5558,0.2070606605478246,0.194891
Concordia University-Chicago,9496,0.4430756137785981,0.430246
Kentucky Wesleyan College,1564,0.263272743530121,0.252154
Pittsburgh Institute of Aeronautics,1347,0.10842672663381532,0.097961
Stonier Graduate School of Banking,656,0.1902254293388203,0.177549
Colorado Film School,828,0.16844841253823784,0.156966
Spencerian College,1247,0.25692186455067306,0.249546
University of Evansville,10673,0.2504299921168772,0.240237
Rescare Academy,569,0.3056175690979704,0.291362
Mesabi Range College,1177,0.23641320774002209,0.227485
Southern Virginia University,2258,0.2834198672926969,0.272158
City of New York,1430,0.27615918991408894,0.259134
Florida Health Institute,535,0.39830709536206177,0.382258
University of Cincinnati-Clermont College,1974,0.1992249802252342,0.189283
Eastern New Mexico University,7028,0.24922268960386085,0.237908
Gardner-Webb University,8869,0.31154312395623873,0.300195
Institute of Lutheran Theology,1560,0.1891958305076463,0.174541
Michigan School of Psychology,1227,0.403711285418066,0.389764
Illinois Center For Broadcasting,744,0.17541203015074724,0.164581
Comptia,9190,0.1265870306661948,0.115154
Shipley University,1170,0.2124720168749625,0.198153
Mt Sierra College,1338,0.13745405074494457,0.129301
Drake University,21529,0.2663614613097298,0.254552
Palm Beach Atlantic University,8223,0.35405167665797493,0.342218
Jones International University,3703,0.27769605629917776,0.263705
Eastern Nazarene College,3543,0.25349826780305795,0.242237
Johnson&Wales University-Providence,924,0.19146033451617472,0.182427
University of Arkansas Community College-Morrilton,1615,0.1827069554107267,0.167339
Northern Michigan University,15787,0.2498860126567455,0.238863
Dabney S Lancaster Community College,663,0.22461890891368594,0.211137
Weatherford College,4434,0.22647970094356318,0.215979
Illinois State University,65247,0.24137807768268865,0.230397
Blue Ridge Community College,5175,0.23276527788465792,0.221815
Manchester Academy of English,576,0.19340940764420872,0.177542
Aveda Arts&Sciences Institute-New York,2238,0.2919040916973887,0.280598
Arclabs,562,0.14999631873330044,0.144172
Med College,7458,0.3574295905376429,0.346571
East-West University,950,0.23155719710114064,0.217850
Houston Graduate School of Theology,510,0.4078217904635643,0.397015
Las Vegas College,2417,0.24094382327363284,0.228543
American Educational College,1563,0.22000744953638124,0.210984
The Stephen Stagner Sales Excellence Institute,815,0.26712605443230564,0.252110
Yeshiva Shaar Hatorah,2816,0.23741269684037317,0.224621
Century Business College,784,0.19866785306051923,0.186165
New College of Florida,4425,0.2726010062793854,0.260424
Techskills,5154,0.15085636472361186,0.139903
University of Missouri-St Louis,43037,0.22525894178290998,0.214697
Heartland Community College,4314,0.25183424861456727,0.242857
College of Technology,3383,0.13914657946430078,0.127415
Pima Medical Institute-Tucson,1078,0.39163335485439854,0.381499
New England Institute of Technology,8096,0.13177468062781778,0.124202
Lebanon College,1217,0.21073527675589743,0.198980
Career Training Institute,771,0.2771106901563648,0.267261
SUNY Buffalo State University,14399,0.24738751701653727,0.237323
Western Illinois University,32405,0.2312799072562924,0.221611
Family of Faith Christian University,1149,0.286978454547502,0.279412
New England School For Financial Studies,1131,0.20466356395133384,0.189755
American Home Inspectors Training,1360,0.16264476921664037,0.147572
Anabaptist Mennonite Biblical Seminary,1135,0.3205551742517423,0.305175
Henley Putnam University,880,0.21551104411769892,0.197111
University of New Orleans,25785,0.22283455064961094,0.212524
Simplilearn,1678,0.17257621874861562,0.160199
Lakeland University,5266,0.23785339165385186,0.225644
Intel University,1266,0.19208154064867866,0.182603
Carroll College,4865,0.2822375760291767,0.271319
Urban Permaculture Institute,1246,0.40696815615932286,0.392954
North Central Missouri College,2196,0.22328983629471247,0.213500
Nashua Community College,4381,0.19739594431972618,0.186943
Chamberlain University-Illinois,594,0.512343365905336,0.500000
Maranatha Baptist University,2150,0.29701914604609353,0.288029
Chancellor University,1068,0.17099234487916545,0.159360
Logan University,4277,0.49606958046491223,0.482122
Broward College,41678,0.22047878479407043,0.210731
Hudson Valley Community College,13124,0.21319246344427562,0.202892
Make-Up Designory,1838,0.20387089477390388,0.194739
Chi Institute-Broomall,1441,0.2105837478143105,0.200433
Lincoln College of Technology-Grand Prairie,617,0.11998484024322952,0.114362
Northwestern Health Sciences University,2054,0.5739713486997046,0.557263
Brown University,42823,0.31112870536128995,0.299099
American Gunsmithing Institute,620,0.22057567558087515,0.200000
Great Lakes Institute of Technology,1528,0.1284785822350585,0.121123
Devry University-Missouri,1798,0.13329809932123451,0.122523
Institute For Business and Technology,839,0.16667487342923779,0.152989
Caldwell Community College and Technical Institute,3409,0.2350910773677576,0.225062
Gallaudet University,3307,0.44180717290355503,0.430445
Elmhurst University,13909,0.2363979391548148,0.225913
Appalachian Bible College,724,0.2623462546065166,0.250000
California Southern University,2808,0.43605170263409104,0.421786
Indiana University-Northwest,7746,0.24724099136181393,0.236014
Saint Augustine's University,3186,0.2448091532299214,0.231654
Strayer University,67561,0.2010883901835733,0.189759
Concorde Career Institute,1055,0.29225790706654325,0.283049
Morris County Vocational School District,5184,0.21762151839080185,0.209283
Berean Institute,1389,0.33060394212381133,0.318286
Global Knowledge Training Center,2870,0.11290790333370233,0.103395
Centriq's It Career Program,626,0.17173205490078186,0.162577
Faith Theological Seminary,579,0.3972765426849048,0.381481
Western Oregon University,7903,0.33676559694126074,0.325788
San Diego City College,12214,0.2536739583114307,0.243536
SUNY College at Geneseo,16074,0.2648326747280879,0.252743
Keystone College,3559,0.22464271841692718,0.216120
Pace Institute,3869,0.17498455896968318,0.164115
Clark University,15937,0.2712825970696134,0.260842
Urbana University,1942,0.24928152700276907,0.239442
"Stevens-Henager College-West Haven, Ut",1055,0.19364617934055056,0.181880
Gavilan College,3926,0.24634513289911694,0.234144
International Academy,5874,0.27298304368078596,0.263349
Primary School,6330,0.18250821511416043,0.172511
Idol Courses Academy,1174,0.4995338162150687,0.470669
American College of Cardiology,2571,0.3897168291777734,0.372503
Gupton Jones College of Funeral Service,557,0.31224186571795143,0.300000
Ithaca College,26796,0.26060348300321445,0.249175
Boone Career and Technical Center,1088,0.2315523270578367,0.218966
North Carolina State University at Raleigh,123414,0.2246165108340378,0.214948
University of Puerto Rico-Aguadilla,587,0.2347543717305449,0.224044
Air Transport Training College,1176,0.1429588720686242,0.134801
Roseman University of Health Sciences,1649,0.470845038448807,0.464504
Brown Institute of Technology,1083,0.15067841385437514,0.141703
Union County Vocational Technical School,3124,0.1849901621882673,0.172087
State of Pennsylvania,1139,0.2525039739820592,0.239886
Region 4 Education Service Center,504,0.4255293340658322,0.416532
Allen University,670,0.2469252812253354,0.234763
San Joaquin Delta College,12032,0.25602171673915797,0.244577
Detroit School For Digital Technology,2924,0.25362158059069023,0.241288
Highline College,10950,0.2514397256696168,0.240758
California University of Pennsylvania,1453,0.33757968457705273,0.324528
American National University,1387,0.1998318827234152,0.190981
National School of Government,833,0.22177762829019934,0.214433
Homestead Schools,1047,0.21291514072577233,0.201882
New York State Academy of Fire Science (Fire Academy),764,0.2545586533940209,0.241453
Pomona College,7557,0.32724993642195066,0.313883
Iglobal University,4418,0.14884544584680579,0.140874
"Midwest Institute-Earth City, Mo",727,0.11635082282982245,0.109390
Grand River Technical School,506,0.2065635285646818,0.191597
Alexandria Technical&Community College,3263,0.18344308742138266,0.175080
Pennsylvania State University-Penn State Erie-Behrend College,7776,0.15728763256248493,0.150919
Larson Training Center,974,0.21206731356710407,0.201014
Cleveland State University,48073,0.23251663841368572,0.222318
Sowela Technical Community College,2180,0.12172119854574895,0.112860
Green Mountain College,2908,0.32728785843048774,0.314360
Appalachian State University,44838,0.27288922621998496,0.262407
Ohlone College,11095,0.23257979999840292,0.223204
Joseph Business School,1171,0.24455910266013473,0.236413
Pacific Coast Banking School,2269,0.23442609766382239,0.222584
Instituto Tecnologico De Puerto Rico-Recinto De Ponce,1343,0.18247300324868607,0.171103
Institute of World Politics,3148,0.1820395704011855,0.170322
Milwaukee Institute of Art&Design,3114,0.18555895863231325,0.175531
State of Texas,735,0.23491900637781057,0.215983
Union County College,7949,0.20217380173858507,0.192382
Wright State University,37282,0.2313559178491136,0.221157
Florence-Darlington Technical College,4260,0.19019263651602214,0.181137
Linfield University-Online and Continuing Education,4889,0.2353543735027849,0.224667
Tri-Community Adult Education,694,0.18253800427350025,0.169834
"University of Maryland, Baltimore",16160,0.3941943476885066,0.382035
American Writers and Artists Institute,1368,0.3285291922373532,0.314512
Guilford Technical Community College,10346,0.20822541919480847,0.199504
Hellenic College-Holy Cross Greek Orthodox School of Theology,722,0.2945431530259919,0.280083
It Works Learning Center,893,0.22996170997912335,0.210884
Kauai Community College,1073,0.27903870399975045,0.266566
Sylvania Tech,871,0.20793962604334393,0.200207
Formations Institute,692,0.1993226146287881,0.187279
Tsc Training Academy,837,0.18907875610821442,0.178238
Florida National University-Main Campus,1601,0.2610413210893037,0.251349
Crestpoint University,1459,0.22430926955440858,0.212063
Atlanta School of Massage,2911,0.26747623397381004,0.255503
Berklee College of Music,21712,0.20449658367294624,0.193893
New Hope Christian College-Eugene,544,0.29470952306762555,0.282642
St Paul's School of Nursing,5867,0.2174790526636058,0.208594
Saint Vincent College,5065,0.22788959814509177,0.218768
Mcpherson College,1548,0.2424335591796818,0.230209
Virginia State University,11188,0.279044361010869,0.268531
Highlands College,852,0.3472199063941119,0.336406
Cit College of Infomedical Technology,881,0.16459673395287894,0.155620
University of Alabama in Huntsville,19749,0.1658877978678436,0.157116
Elearning College,2358,0.2501147507409638,0.234305
Stagen Leadership Academy,1405,0.29250812908157525,0.278924
California Technical Academy,941,0.26183860038831175,0.251589
West Liberty University,4283,0.22784753131998847,0.219151
East Los Angeles College,8761,0.2553747817226393,0.244204
University of The State of New York,2918,0.23145831885499332,0.220728
University of Tulsa,16498,0.20945058850456072,0.198995
Umpqua Community College,1932,0.2592847277777056,0.249203
Avo Training Institute,593,0.1488745760919193,0.131356
Emmanuel College,5769,0.2556443413346212,0.244616
North American Lineman Training Center,574,0.12669999981292526,0.119403
La College International,25064,0.19820062262568527,0.187630
University of Natural Health,526,0.5251498547646417,0.495665
Morehouse School of Medicine,564,0.2502996848108942,0.239748
American Academy of Dramatic Arts,4698,0.28384682226756053,0.271948
National Institute For The Psychotherapies,687,0.5666924861015387,0.541872
Sempo Institute,2101,0.27097478441726996,0.264605
College of Health Care Professions,1686,0.3403136172698958,0.327638
Southern California Leadership Network,661,0.47897841113665146,0.467742
Herkimer County Community College,3444,0.20965553040090676,0.199599
Ohio Technical College,928,0.10787990037007006,0.096774
Mountain Empire Community College,1052,0.22543244937158124,0.212656
College of Eastern Idaho,3387,0.2081625056455558,0.196697
Global Business Institute,2345,0.23495352852386361,0.219078
Lincoln Memorial University,5804,0.35447041415112596,0.344451
City College-Miami,711,0.20124549624798224,0.187067
Holy Name Medical Center-Sister Claire Tynan School of Nursing,625,0.3927656613602671,0.378768
Edison State Community College,11070,0.21960532617575987,0.208767
Tougaloo College,1732,0.3514226850936785,0.342460
Elite Welding Academy South Point,814,0.21964084675267298,0.205950
Lake Area Technical College,1229,0.19171034625886266,0.180925
Graduate School Usa (GSUSA),7388,0.23261044155203486,0.219779
North Georgia Technical College,1608,0.1741079001223514,0.166140
Sweet Briar College,2559,0.2949956440740283,0.280672
University of Wisconsin,15555,0.24199189007829103,0.230181
Amrit Yoga Institute,804,0.4378907996411191,0.423160
Apics South Shore Chapter,1627,0.08094382167080934,0.070035
Upmc Shadyside School of Nursing,1139,0.4164166185966352,0.405424
Greene County Career Center,4533,0.22420456027247787,0.214357
Leinster Senior College,2176,0.1666136058226235,0.153996
Ventura County Community College System Office,569,0.36763965637516066,0.357698
Saint Norbert College,7637,0.2399148620425503,0.230025
Long Island Business Institute,1097,0.17782367629928664,0.161765
Centralia Beauty College,505,0.15483074301813513,0.145078
Kenzie Academy,1086,0.18815559829077477,0.181960
Ge Healthcare Institute,1802,0.1374059236266765,0.125518
Fort Hays State University,14824,0.2788772353750243,0.268643
Lambuth University,1410,0.2402690324902567,0.228909
New Jersey City University-Jersey City Nj,860,0.16374478846529614,0.154930
Sap,1643,0.09855163019392532,0.092944
Bastyr University,3394,0.6028885900826397,0.590541
Okaloosa Technical College,1285,0.19855198488912654,0.184484
Rockdale Career Academy,1300,0.2718675194488227,0.260108
Epic University,1500,0.21791640164806547,0.206262
Big Bend Technical College,1562,0.18185019061679716,0.173866
Voorhees College,1097,0.24195951654337916,0.233103
Mcmurry University,14277,0.2023588888711102,0.192101
Mid-Continent University,1184,0.1868724649038702,0.172235
Bowling Green State University-Main Campus,587,0.20357102037927438,0.190691
Idaho State University,16474,0.2909967255067202,0.280438
Rabbinical College of America,747,0.28537253354081366,0.264051
Union Theological Seminary in The City of New York,1322,0.527657501396182,0.514786
Luna Community College,594,0.2670110316486134,0.257426
Eton Technical Institute,1105,0.18375283655226649,0.173176
South Carolina State University,7146,0.2704624709583661,0.260874
Minnesota State College Southeast,4101,0.21477819828312425,0.203555
Hebrew College,3487,0.26308515685073824,0.250587
Edward Waters University,1513,0.25116379978141445,0.242836
Pacific College,1259,0.2563839450305479,0.247582
University of South Dakota,16385,0.2809550705521868,0.268858
Cannon Trust School,1053,0.2353766165934557,0.224710
Healthone Emergency Medical Services,644,0.352370931015166,0.335188
D'mart Institute,535,0.1320421547173725,0.126783
Mercy-St Luke's School of Radiologic Technology,733,0.3054748005800338,0.291714
American Intercontinental University-Atlanta,2137,0.2050913171271334,0.193411
Light University,1728,0.47579682127551315,0.463084
Central College,5783,0.2405777916402246,0.230241
Suffolk University,36239,0.20629877735159902,0.196100
Santa Monica College,30924,0.22502767415951833,0.214221
Ultrasound Diagnostic School,1165,0.31056486254752813,0.299423
Appalachian College of Pharmacy,517,0.39702354699113657,0.387097
Parker University,3121,0.47431532472788573,0.460971
Macon State College,2733,0.20207841470138144,0.195115
Gustavus Adolphus College,8524,0.2914124560889914,0.278849
Boston Business School,642,0.20337684319235919,0.194049
Institute of American Indian and Alaska Native Culture and Arts Development,736,0.3575501058420526,0.345416
Project Management Training Institute,821,0.12407226423443128,0.111593
Rockwell Institute,1929,0.27550679374538456,0.258711
Dyersburg State Community College,1604,0.2092113914702288,0.199604
Albany State University,5872,0.30066035676544406,0.287843
New England Law-Boston,6043,0.22951216960444926,0.220715
Carolinas College of Health Sciences,1156,0.41515895745595927,0.402778
Wisconsin Academy,1297,0.2826877237120989,0.273136
Marian University,3749,0.3024797458703747,0.291031
Castleton University,4803,0.24880741218711544,0.239811
South Georgia College,665,0.2499921260837121,0.238543
Shorter College,1599,0.20800942999953795,0.202733
Atlantis University,968,0.14847059760798295,0.139230
Bridgerland Technical College,2596,0.23675633788733666,0.225857
California State University,20099,0.2214117053628843,0.210122
Oregon State University-Cascades Campus,1168,0.36319667831815156,0.350911
University of Maryland,167914,0.22364805516699907,0.212106
Delaware State University,7869,0.306393754622333,0.297655
Walter Cronkite School of Journalism and Mass Communication,4440,0.22073748041446906,0.209362
National Academy of Opticianry,512,0.2744927642086219,0.258842
Sae Institute of Technology,3022,0.1500743376102722,0.141429
Blue Mountain Christian University,601,0.3111672276823493,0.303216
Florida Real Estate Institute,803,0.2087578053058463,0.195148
Western Suffolk Boces,1704,0.21129250112784986,0.201335
Hands on Therapy,859,0.3629739631971777,0.343195
Usaf Air War College,5020,0.22731279505432003,0.209454
University of Redlands,17787,0.2599982021981818,0.248110
Aveta Business Institute,1491,0.1768931361526005,0.165627
Compliance Education Institute,938,0.16694798479529432,0.152193
Concorde Career College,4482,0.36405882835634834,0.353360
Davidson-Davie Community College,4380,0.2244749023635331,0.214638
Northwest Arkansas Community College,6589,0.20750797842186358,0.197531
Centralia College,2476,0.2636194726514048,0.254746
Kishwaukee College,4057,0.233229720559551,0.222615
Christian Liberty Academy,3319,0.2621452647274913,0.248647
The Interior Design School,545,0.18348303566567448,0.166667
Seed Institute,859,0.29892125426501776,0.287449
"The Learning Tree, Inc",509,0.18962370557548974,0.183639
Colby College,9374,0.2702899377620581,0.258727
Berkeley College-Woodland Park,1425,0.15421183061105467,0.145075
Burdett College,10128,0.15006391331355415,0.140595
Ohio Virtual Academy,1878,0.26446893626456414,0.257248
Platt College-Los Angeles,1120,0.23205983512524073,0.220628
Coral Springs Regional Institute of Public Safety,1364,0.23039899177167356,0.219610
Sae Expression College,2615,0.13551448742962705,0.127317
Colorado Christian University,10197,0.352030336411406,0.339702
Brightwood College,13322,0.2575214077454701,0.248460
Church Divinity School of The Pacific,822,0.38285074489536075,0.370149
Montessori Education Center of The Rockies,763,0.40582622231048654,0.389277
Shimer College,725,0.28463002170339263,0.272627
Nelson University,2205,0.30015575766670544,0.288272
National Training Laboratories (NTL),2037,0.1873187570418538,0.177956
Sinclair Community College,20378,0.2082478609592275,0.198453
Bethany University,650,0.36543631179711206,0.354190
Columbus College of Art and Design,2191,0.17652162435746865,0.165476
Saint Martin's University,7887,0.23267057147360437,0.221199
Culinary Academy of Long Island,548,0.20243659894603105,0.182997
Hobart Institute of Welding Technology,1164,0.10751724346390955,0.102493
Michigan Technological University,23994,0.15207940753007834,0.143341
Dean Institute of Technology,1136,0.09988519886914773,0.092784
Pitt Community College,5488,0.23591918123313693,0.226570
Rowan-Cabarrus Community College,5495,0.2173902548497708,0.206897
Eastwick College-Nutley,719,0.1581864237949291,0.144242
Baltimore School of Massage,742,0.41832274230716915,0.404455
St Louis College of Health Careers-Fenton,845,0.24311967643556937,0.236559
Taft College,3571,0.22777856067996236,0.216539
Calvary Baptist Theological Seminary,842,0.43525552431660175,0.422460
SUNY College at Old Westbury,8117,0.23093965262635877,0.220950
Motorola University,1376,0.11325025554346985,0.103918
Colorado School of Trades,935,0.1966840063929605,0.188049
Babson College,26011,0.19688061205040866,0.186045
Rainy River Community College,678,0.25194076247418995,0.235222
Waynesville Career Center,1372,0.21474079054836268,0.203956
Holy Names University,6091,0.3244383889621728,0.311687
Acuity Institute,954,0.23656655143736277,0.224437
Fitness Institute International,1354,0.43283147140396705,0.416271
Berkeley College,16195,0.17947147510024078,0.170115
Bacone College,695,0.2559148060110383,0.250000
University of Puerto Rico-Arecibo,1564,0.19188487481575245,0.181913
Riverside City College,17535,0.24731207299328012,0.236881
Dodge City Community College,1745,0.23849380535122827,0.227593
Trident University International,13415,0.24583421751285683,0.232488
Shasta College,5821,0.28036225341118043,0.267101
Baylor College of Medicine,5680,0.4015758166029563,0.389668
University of Iowa,93070,0.2511140964504261,0.240714
Southern California School of Interpretation,688,0.2882919592207213,0.280151
York College of Pennsylvania,12817,0.2249410457847514,0.215470
CUNY New York City College of Technology,14681,0.18418398214786177,0.175768
St Joseph School of Nursing,5980,0.24582762213168236,0.235169
Woodbury University,6515,0.19142585742985205,0.180319
Wesley College,7448,0.22061901928319713,0.209540
Le Cordon Bleu College of Culinary Arts-Portland,14341,0.1949846326832485,0.185474
Immaculate Conception Academy,3677,0.2646919926838913,0.254369
Emsta College,1032,0.2497752019322136,0.236629
Atlanta Technical College,5031,0.20603092828464092,0.195971
Strayer University-Tennessee,519,0.21508879874273906,0.201080
Pike County Joint Vocational School District,545,0.24257554066917417,0.231281
Framingham State University,13784,0.2552375305421854,0.244036
Excelsior College,25280,0.2374301193401783,0.224463
Animal Behavior College,2763,0.3646216847110401,0.347584
Santa Barbara Business College-Bakersfield,2134,0.18504366922303644,0.173790
Assabet Valley Regional Technical School,1507,0.19071606626003157,0.178947
SUNY Adirondack,3911,0.2246117813213824,0.215709
National Career College,1329,0.2037459231858856,0.193614
Training Institute For Mental Health,945,0.5644827164095217,0.543654
Minnesota State University-Mankato,35406,0.24733714183946373,0.237053
Southeastern Institute,656,0.2456826465616844,0.228464
University of Wisconsin-Superior,4997,0.28464102125896196,0.275692
Pass Institute,655,0.25921173410970555,0.250000
Indian River State College,12156,0.24541142605764987,0.235745
American Safety&Health Institute,1243,0.2902914260957016,0.274348
Automotive Dealership Institute,1098,0.1677292878988801,0.155523
"Clovis Community College-Fresno, Ca",668,0.27437839359373245,0.262774
Rwm Fiber Optics,724,0.12314335195963562,0.115084
State of Illinois,542,0.3097009313497432,0.291925
Texarkana College,2408,0.2322064560898783,0.224237
Devry University-Georgia,3155,0.14178709506433473,0.132143
School of Ems,1097,0.2524556068178145,0.241433
Trinity Lutheran College,1649,0.2791846311765511,0.265501
Strayer University-Pennsylvania,719,0.20167794758488705,0.190796
Interface Web School,752,0.20423682998851486,0.194196
Eastern Virginia Medical School,2356,0.41813280394175545,0.406022
Academy of Allied Health and Science,2756,0.2883903437469118,0.279106
Mississippi State University,40802,0.20755290978556817,0.197419
Salem College,4825,0.2787431152184029,0.268333
Fort Hayes Metropolitan Education Center,618,0.247239380420192,0.237693
Point Park University,11683,0.22540093262900165,0.215315
Upper Iowa University,11694,0.24167687745858335,0.231581
West Kentucky Community and Technical College,2464,0.21808872913413044,0.210124
Military Technical Training School,2619,0.1796528817352358,0.168039
Bryman College,2237,0.26024582332860313,0.247532
Breithaupt Career and Technical Center,716,0.189781089687483,0.180974
Northeast Iowa Community College,3043,0.23676997619030568,0.228011
Bethel University,21071,0.31951916460939417,0.306403
"Spartan College of Aeronautics and Technology-Riverside, Ca",1038,0.14014327370836901,0.134526
Mifflin County Academy of Science and Technology,809,0.24083927711570308,0.231947
Andrews School,7059,0.22519773649616212,0.213528
Lesley University,16734,0.40966302963111967,0.395754
Muhlenberg College,9665,0.25546448571721014,0.244024
CUNY Stella and Charles Guttman Community College,612,0.29454582681463226,0.291382
Moberly Area Community College,3540,0.23214552478817818,0.223163
North Carolina Wesleyan University,2092,0.2067394068452492,0.198142
Dawson Community College,5036,0.20893825502931737,0.196363
Mcintosh College,2118,0.21154888056376425,0.202936
Catherine College,1558,0.2543781585282175,0.241830
Black Hawk College,5179,0.21280014960300045,0.202912
Capella University,77481,0.3839506638770906,0.370476
Heritage College-Kansas City,710,0.31413535850462815,0.303867
Denison University,11721,0.2601939394550274,0.248979
Wells College,2946,0.28394338525576374,0.268565
Atlanta Metropolitan State College,4607,0.23139831891305424,0.220264
The Heal Center,725,0.5538324466623096,0.542725
Saint Anthony College of Nursing,1937,0.2569874551052261,0.246897
Midwestern Career College,514,0.24663260518600694,0.229329
Richmont Graduate University,625,0.6075595395477604,0.585749
Ace Institute of Technology,795,0.1977789078764681,0.185225
San Diego Global Knowledge University,1551,0.30802522439357677,0.289348
Dynamic Works Institute,538,0.3593931734859888,0.342857
Virginia Military Institute,6055,0.17938125342965408,0.167812
Independence University,6898,0.24032431488533665,0.229196
National Business College,1366,0.18255258521119586,0.171993
Academy of Richmond County,722,0.23018023760412776,0.220238
Roxborough Memorial Hospital School of Nursing,710,0.3991751426731871,0.390104
Rocky Mountain School of Photography,769,0.2620996889856792,0.246122
Sacred Heart Academy,6291,0.27307616768281995,0.261754
Mra-The Management Association,4218,0.1303572661829697,0.122613
Hubspot,2747,0.23715361433647222,0.223928
Southeast Career Technical Academy,1706,0.2408949185202372,0.233512
Amazon,2179,0.13359908117150018,0.126292
Colorado School of English,1102,0.2625224079047184,0.248804
Cna Training Academy,580,0.3553984552544658,0.344136
Lean Agile Institute,721,0.1904418520329924,0.174074
General Motors Training Center,873,0.13109990854700615,0.118289
Fielding Graduate University,4005,0.49258169854290795,0.468269
The University of Texas Health Science Center at Houston,11360,0.4514221296988072,0.438165
Regis University,31222,0.2796179316167502,0.267684
University of New Hampshire at Manchester,1932,0.24295049432230476,0.234666
New Mexico State University-Dona Ana,1284,0.2622309275881724,0.255470
Raps Online University,687,0.18823977505251566,0.174564
Ibmc College,1842,0.211642058419115,0.202751
Lincoln Christian University,1956,0.37615117271100024,0.365331
Mti College,10530,0.1966853844085768,0.186233
Washington and Lee University,9751,0.2115458807477362,0.200268
Victor Valley College,5824,0.26095856922393806,0.249005
Dental Careers Institute,534,0.28900318204273806,0.281407
University of Maine at Augusta,3754,0.27156663341697057,0.260616
How Design University,603,0.21131036888091745,0.196023
4geeks Academy,708,0.21159572578892064,0.196581
Radford University,23800,0.23836754777114377,0.228654
Digital Workshop Center,2324,0.18053263033371533,0.169652
Benedictine College,6359,0.24071320231641263,0.229981
Fidm,8605,0.15969957686438033,0.150805
Examination Institute,1649,0.22252024757295086,0.210227
Microsoft Academy,2021,0.1414641165155837,0.132159
State College of Florida-Manatee-Sarasota,9429,0.2462409389316915,0.236098
Graceland University,4067,0.32641521046392574,0.313556
Flagler College,7855,0.23861381164057152,0.225766
Missouri Baptist University,4947,0.29820065996250394,0.289293
Jacksonville University,13624,0.27204396429386407,0.259961
Northern College,2471,0.20042727223478368,0.190711
Dartmouth College,38412,0.2657835943703509,0.253734
Methodist College,2336,0.26804295276147694,0.257519
John F Kennedy University,10501,0.3401689466302854,0.327031
Saint Mary's College,26518,0.22780110077817772,0.217865
"Remington College-Dallas Campus-Dallas, Tx",1046,0.18778304139275778,0.178707
Studio Incamminati,985,0.23047785101132998,0.219008
Maine College of Art&Design,2028,0.2274036599279118,0.213294
Laramie County Community College,3149,0.266924471623506,0.256996
Galvanize Inc,2508,0.2196271309633926,0.207674
Ridge Technical College,2008,0.208797269351377,0.195949
Marshalltown Community College,1481,0.22495751974170616,0.216173
Informatica University,2838,0.12862303087422283,0.116915
Salon Success Academy-Corona,527,0.2315139230769777,0.224231
School of Positive Transformation,1010,0.594043443218458,0.576692
Federal Law Enforcement Training Center (FLETC),3220,0.25134010522217715,0.230954
Folsom Lake College,5780,0.2597468829565237,0.249043
St. Andrews University,4465,0.2216842658141211,0.207212
Gibbs College,3069,0.1436865571745806,0.134672
Itt Tech,6588,0.11425763687000436,0.107267
New Brunswick Theological Seminary,778,0.4163385696411131,0.399823
Thomas Jefferson University,17522,0.3523032701987715,0.341986
Academy of Vocal Arts,2276,0.2856191559753661,0.275900
Florida Institute of Technology,30371,0.21249831062565228,0.202899
St. John Fisher University,5682,0.25692333920811466,0.246356
Stat-A-Matrix Institute,553,0.18493047571526924,0.171429
Sullivan University,10064,0.18566686036332933,0.177053
"Columbia College-Sonora, Ca",910,0.257908959230908,0.246138
Birmingham-Southern College,4715,0.2362764026684479,0.226541
Executive Secretarial School,939,0.1423832420438896,0.129326
Ecclesia College,822,0.2648722839473775,0.255838
Virginia University of Lynchburg,1154,0.4598133171644926,0.451404
Kaplan University-Des Moines Campus,53585,0.26272177253306106,0.251384
Abbey Vocational School,1817,0.19114711697210104,0.177221
Christopher Newport University,13484,0.23520302578731653,0.225654
Cameron College,544,0.22542427392639372,0.207634
Missouri State University-Springfield,532,0.15471979432385005,0.141638
Iona College,13291,0.1908251436245314,0.181221
Olympic College,8447,0.2651182827970942,0.253234
Northwestern Oklahoma State University,2460,0.25006603444387426,0.239942
International Professional School of Bodywork,519,0.5766566596432834,0.565084
Lehigh University,32306,0.18630045248304622,0.177175
American Trades Institute,763,0.11555158802816615,0.102957
University of Illinois System Offices,1601,0.23378483428647473,0.224958
Luzerne County Community College,5083,0.2115030054736443,0.201964
Miller-Motte College-Wilmington,3161,0.2495334747695153,0.239991
The University of Texas at Arlington,99181,0.23838227214091545,0.228805
Clark Atlanta University,16790,0.29987741544390156,0.288936
North Florida Academy,3710,0.23041226053489802,0.220938
Young Americans College of The Performing Arts,1047,0.30601980511217963,0.299919
California State University-Fullerton,96631,0.22662729956141972,0.216956
The Institute For Arts in Therapy and Education,892,0.4652956144188886,0.448694
Highlands College of Montana Tech,926,0.26993134526872803,0.258654
L'academie De Cuisine,869,0.20932077665692408,0.189702
Craven Community College,2850,0.2578699882961785,0.249034
Empire Beauty School-Waltham,576,0.1813816945585501,0.172881
Illinois Media School,1378,0.16492142405991933,0.154059
Big Sandy Community and Technical College,929,0.21328103573356164,0.207185
Baker University,11945,0.24445629564214458,0.233364
Don Bosco Technical Institute,8652,0.14106479570119412,0.131715
University of Chicago,87523,0.24879713747155974,0.237436
New Orleans Center For Creative Arts,1268,0.27804166082034737,0.264997
Flatiron School,9760,0.2164068094765284,0.205059
Missouri Western State University,8269,0.22685559913125314,0.216480
Mckendree University,6031,0.2483276197946629,0.237143
Bolivar Technical College,1064,0.19848030392068708,0.182546
University of North Georgia,17704,0.240475718123344,0.230719
Corporate Training Center,2057,0.14346393016062187,0.132632
The Capp Institute,2006,0.31861746924211487,0.310491
Osha Education Center,569,0.26267641031470085,0.240232
Monty Tech,7255,0.21277461991322583,0.202025
Central Georgia Technical College,3672,0.19480780242539691,0.185832
Dunwoody College of Technology,4632,0.11656172762287777,0.108610
Vermont Technical College,3975,0.18326068325352052,0.174656
Austin Peay State University,15715,0.26620872573716636,0.255636
Providence College,19019,0.2259608939070857,0.215854
Medaille College,3526,0.26036201896127886,0.251113
Saint Elizabeth University,4197,0.28890431264887884,0.278668
University of Sioux Falls,3152,0.2952989381448217,0.281941
Industrial Management Training Institute,4027,0.17469893665327116,0.161423
Columbia University in The City of New York,172354,0.2756885821097019,0.263909
Avalon Institute-Las Vegas,1473,0.15229041010874994,0.144767
Instituto Tecnologico De Puerto Rico-Recinto De Manati,786,0.16111768992178582,0.142071
University of Wisconsin-Whitewater,33795,0.2299005404168225,0.219225
American College of Corporate Directors,1249,0.28309159263513217,0.265487
The Sans Institute,4824,0.18623089182832164,0.167051
Trinity Baptist College,1902,0.25737275795694664,0.247293
Indian Law Institute,1172,0.19471568885032978,0.183039
Eastland-Fairfield Career and Technical Schools,4013,0.2235867801547288,0.214478
American International College,6365,0.28324625640718387,0.273212
Military Police Academy,1588,0.18450871321262463,0.171707
Pendleton College,666,0.17845206661861474,0.167959
Bellevue College,29302,0.2344848026093737,0.222848
Pennsylvania Western University,15658,0.27966433362240845,0.268639
SUNY Brooklyn Educational Opportunity Center,1071,0.2410382502707938,0.230418
Brandeis University,24464,0.30066854363277207,0.288533
Northeast Community College,3428,0.22235875326721194,0.210377
Community College of The Air Force,113318,0.19886579048340752,0.185875
Taylor Andrews Academy of Hair Design-West Jordan,1482,0.20258064451817007,0.191687
Epic Flight Academy,567,0.19643676199525345,0.186082
Centenary College of Louisiana,6300,0.23198606758776946,0.221528
Evergreen Valley College,7577,0.25119776238389396,0.241651
Miami Dade College,79541,0.2181360137185651,0.208150
Joint Forces Staff College,3560,0.22004179283253886,0.201027
The Pacific Institute,601,0.2909764454205657,0.283498
Varsity College,1162,0.202662330057088,0.186992
Natural Healing Institute,920,0.5570544871065446,0.538600
Aspen University,5853,0.37451992190024286,0.363492
American Educational Institute,3123,0.25044243873268496,0.238905
Kent State University at Trumbull,725,0.20366301780401444,0.194474
Boston Reed College,1079,0.3064037116587739,0.295419
Erwin Technical College,1588,0.1987887679368225,0.189959
Depauw University,10299,0.27173497014617454,0.259311
American Nurses Credentialing Center (ANCC),994,0.46651038137792133,0.451915
Fritz Institute,783,0.2319281172406847,0.213348
Warren Technical School,2058,0.19239839962867591,0.180960
Beal University,1219,0.23267118000113543,0.220139
Clover Park Technical College,6191,0.2279907555645097,0.216331
Thiel College,2889,0.24497308496583065,0.233475
Stanton School of English,575,0.16778221855982664,0.156535
Lighthouse Christian Academy,2401,0.2645345553603831,0.255663
Thomas M Cooley Law School,3678,0.22910705692771507,0.218097
Chatham College,1388,0.2730924196438979,0.260641
Southern States University,2269,0.3642663445055205,0.355839
The Pennsylvania State University,2545,0.2098467343750131,0.196534
Academy of Professional Careers,672,0.22858785467462572,0.220930
Elizabethtown Community and Technical College,4009,0.20163542236322607,0.191208
The Travel Academy,1953,0.21634190566180925,0.205396
Laurel Business Institute,2020,0.25751060142647786,0.246819
Michigan Psychoanalytic Institute,1157,0.23543200462056615,0.222365
Ihm Academy of Ems,542,0.1707379809716911,0.158654
Chaparral Career College,647,0.20123311968640234,0.189258
Reading Hospital School of Health Sciences,4765,0.20353297410341128,0.193460
SUNY Empire State College,19510,0.27087058070654757,0.258722
"First Institute of Travel, Inc.",47124,0.17197909273593606,0.161905
Pima Community College,17800,0.25221408971189396,0.241728
Erie 1 Boces,1175,0.1983179297620903,0.190645
Worcester State University,11758,0.2493615373490756,0.239642
Northern Westmoreland Career and Technology Center,591,0.18127801670163599,0.173851
Evangel University,5748,0.31276477365591127,0.301310
L'esprit Academy,674,0.25486896077415894,0.244055
Mercy Hospital School of Practical Nursing,1434,0.40883817784034193,0.398756
Dickinson State University,2404,0.2435415120598747,0.235331
University of North Carolina System,896,0.2908269190875208,0.277725
Oceanside College of Beauty,572,0.21898527914097066,0.204800
Saint Elizabeth School of Nursing,1927,0.36277670449143234,0.350064
Meddic Academy,1270,0.18890700965587628,0.173751
Northwest Mississippi Community College,4680,0.20889007413853902,0.199356
Chadron State College,3380,0.26792989543419726,0.258004
Calvary Bible Institute,2168,0.36938297013662086,0.352488
University of Washington-Bothell Campus,8562,0.2731853369531679,0.264459
North Central Texas College,6735,0.22716665825128107,0.217695
Nalanda Institute For Contemplative Science,1628,0.15494577722803424,0.147786
Surry Community College,2697,0.2224238614086965,0.212414
It College,38002,0.11230807343399693,0.104553
Texas College,1645,0.38506175300797935,0.372986
University of Nevada-Las Vegas,52429,0.2577340053975117,0.246976
National Aviation Academy of New England,1429,0.10405896318701609,0.094659
The School of Natural Healing,980,0.5805637360808015,0.558874
Gulf Coast State College,6871,0.22366729381706696,0.212852
Agora University,716,0.21112738963286454,0.194639
University of North Texas at Dallas,4737,0.27754753838391333,0.266786
University of Wisconsin-Stevens Point,19588,0.2793119792730152,0.267452
Chippewa Valley Technical College,6343,0.2205591683964844,0.211699
South Florida State College,1730,0.24406903408494385,0.233772
Orlando Tech,1185,0.22963560535320918,0.221763
Southeastern College-Charlotte,1051,0.26723057738493017,0.256889
Missio Theological Seminary,752,0.4466064783307674,0.437365
Codecademy,4344,0.2008360051261842,0.190664
New England College,9989,0.23534121376724104,0.224043
University of The Potomac-Va Campus,931,0.2274758589532636,0.217902
Fellowship Christian School,2280,0.26084942737752337,0.250099
Miami University,79694,0.23364560633954268,0.223065
Hillyard Technical Center,505,0.17730032868238965,0.168040
Lourdes University,3983,0.3002759306628394,0.289627
Universal Technical Institute-West Texas,792,0.11770809762930169,0.106460
Volunteer State Community College,7440,0.2243946483407113,0.215092
The College of Insurance,510,0.17841447549516415,0.149750
Midland College,5012,0.1927760093257623,0.182768
Raritan Valley Community College,10261,0.20320552265968703,0.193925
American Medical Academy,2300,0.3752826994682213,0.359353
Business Continuity Institute,679,0.10908747049690531,0.097190
Virginia Polytechnic Institute and State University,110170,0.2068866331133327,0.197163
Los Angeles Pierce College,28748,0.2372914821539878,0.226369
United Theological Seminary,1176,0.48298252235847067,0.465640
Florida Baptist University,885,0.2586941919364151,0.243110
Little Angels' School,2812,0.16060548251503462,0.152300
Tri,2555,0.2508965560433192,0.238957
Bates College,7352,0.2894122053482919,0.276077
Kalamazoo Valley Community College,8983,0.22052852563430747,0.209860
College of Oceaneering,1013,0.18867631343694966,0.175686
Code School,3367,0.23404398647387487,0.222082
Cannon Financial Institute,1534,0.23599061309180902,0.223827
Snow College,6388,0.27949185265391574,0.269403
Pinellas Technical College-Clearwater,1455,0.1956484060369486,0.186386
Colorado State University-Fort Collins,1712,0.2468282375536377,0.235732
Modern School,11245,0.14743253436593656,0.137786
Florida Medical Training Institute,544,0.2763443711978823,0.267537
Hocking College,4852,0.24697729147826522,0.235729
Monroe University,6273,0.24389411273839393,0.233725
Aaa Institute,1114,0.19438407709023003,0.177827
Nazareth University,3061,0.3368581063915266,0.326366
Tefl Institute,2743,0.3561312937488711,0.344774
Atlantic Cape Community College,6281,0.21665827605005178,0.206167
Carrington College-Mesa,522,0.3404131399046352,0.328526
Ohio Institute of Allied Health,1138,0.14319980407113442,0.133072
Vassar College,11709,0.3208937974868486,0.308076
Southern California Safety Institute,523,0.21923993694222638,0.201248
Academy of Medical&Health Science,734,0.3293684014046965,0.315976
Pikes Peak Community College,10717,0.24272077713916365,0.232144
Mariano Moreno Culinary Institute,511,0.17227285949913954,0.156704
University of California-Santa Barbara,87779,0.25669974531642364,0.245616
Mississippi College,8697,0.26245648159564205,0.252904
Concordia University-Portland,7511,0.4322975462246049,0.420117
Peru State College,3367,0.23927786708665058,0.229854
Kenwood Academy,1403,0.27183848541932676,0.263631
City Colleges of Chicago-Harry S Truman College,5108,0.2457996996139649,0.234254
College of Mount Saint Vincent,3137,0.32163821474959625,0.309605
Claremont School of Theology,1350,0.4920388094158969,0.474595
Allied Medical School,1044,0.366316176533969,0.356067
University of Nebraska at Omaha,35519,0.2562200998401339,0.245460
Sustainable Building Advisor Institute,990,0.324552501147087,0.297785
Kentucky Community and Technical College System,1050,0.1779763531431292,0.167994
Asm Educational Center (ASM),1708,0.2417137686312728,0.231156
National Apartment Association Education Institute,1792,0.22551551067306125,0.211872
Bethesda University,1538,0.25187334854381616,0.239143
University of Charleston,6236,0.2818387145180549,0.270183
Georgia Gwinnett College,8885,0.21345367870672668,0.205787
San Diego Miramar College,8127,0.2453168622005694,0.235769
Nouvelle Institute,4429,0.19586389814589963,0.183820
Draper University,515,0.3388791169040119,0.327941
The Income Tax School,1114,0.18676745772850928,0.177642
The Judge Advocate General's Legal Center and School,1162,0.234424983275559,0.219258
University of Arkansas,62549,0.21912922871842586,0.208575
North Dakota State University-Main Campus,25532,0.23275453262637386,0.222736
Wholebeing Institute,585,0.6403469504475249,0.619114
Copper Mountain Community College,1989,0.21646417686041092,0.205170
Pilates Academy International,749,0.4018486802492519,0.386813
Johnson C Smith University,5127,0.2845481430133627,0.274532
Escuela Tecnica De Electricidad,3801,0.14604416236229012,0.129865
Floral Design Institute,777,0.22948674104618375,0.218911
Cox College,1534,0.36435154180310336,0.355967
Nicholls State University,9430,0.2072981581510558,0.198637
Wellesley College,11881,0.3464408009279712,0.332778
The Salon Professional Academy of Holland,1513,0.22023183808976224,0.204319
Great Lakes Ems Academy,610,0.2202044790723501,0.204216
Associated Beth Rivkah Schools,946,0.2412804489464794,0.232649
Indiana University of Pennsylvania-Main Campus,1344,0.160108555075264,0.151841
Lycoming College,3925,0.2318602860160342,0.220428
The Spa School,608,0.23664467110877252,0.221898
Certified Careers Institute,1196,0.24466091191927644,0.230175
Trinity College of The Bible and Trinity Theological Seminary,1179,0.439623985834429,0.423877
Southeastern Bible College,671,0.34408568159048103,0.329978
Ecola Bible School,1335,0.3300724515976031,0.312579
San Ignacio University,1830,0.1604135402027538,0.145048
Kitchen Academy,651,0.20104539896232113,0.192494
Broadway Dance Center,1459,0.3289449119003195,0.318381
University of New Mexico-Main Campus,10646,0.2262481908107124,0.214254
Stars Academy,754,0.23760056940834812,0.222349
Scrum 101,607,0.14412920103497712,0.129477
Police Executive Leadership College,690,0.37990545388828845,0.366061
Ringling College of Art and Design,5396,0.13389572787876036,0.126354
Seattle Maritime Academy,1613,0.24501448163251632,0.234672
Colorado Technical University-Colorado Springs,588,0.13898139864536893,0.127976
Black River Technical College,923,0.20692697544654323,0.197595
Massachusetts Institute of Technology,109747,0.2188890606123355,0.207033
CUNY Bronx Community College,10087,0.2555190894462271,0.245265
Academy of Allied Health Careers,552,0.30110899019897197,0.293375
New York Medical Career Training Center,589,0.3125168601146195,0.305233
Ohio Hi Point Joint Vocational School District,1367,0.18792826793865214,0.176510
Academy of Careers and Technology,1083,0.2541192419534608,0.247295
Middlebury Institute of International Studies at Monterey,6796,0.32517287599086087,0.312952
Coe College,5362,0.2594690564150819,0.247459
Northern Pennsylvania Regional College,676,0.21247140916267326,0.198658
High Performance Institute,576,0.4079261995040454,0.385735
Gannon University,9692,0.24959745567942074,0.240552
Mindfulness Coaching School,1029,0.6392356265511958,0.618094
Los Angeles County College of Nursing and Allied Health,780,0.46642656274423455,0.456410
Soka University of America,1500,0.32302482873891386,0.311682
Paul D Camp Community College,858,0.2314378979302332,0.222326
The Adjuster School,1730,0.1753262399584451,0.168155
Coach Training Institute,562,0.5982831819783969,0.567568
Pepperdine University,46180,0.28337745267871217,0.270746
Onondaga Cortland Madison Boces,2082,0.21172989630620126,0.202062
The Iron Yard,2385,0.1943339211965772,0.181677
Ilumni Institute,1352,0.25652380570596567,0.240000
Applied Technology Services,982,0.14667909146178087,0.139674
Olney Central College,921,0.21901828129042109,0.205667
Institute of Financial Education,1752,0.336795956820912,0.325250
Northern New Mexico College,619,0.2577001176424638,0.242925
Hudson County Community College,6875,0.21176315794344566,0.201767
Farm School Nyc,1209,0.37094194563966215,0.357910
Nascar Technical Institute,1434,0.14444414512502943,0.134454
Montana State University-Northern,1060,0.2577341395312876,0.250173
Merritt College,4723,0.330506092891557,0.321067
California Aeronautical University,703,0.18206167433870504,0.172170
Emperor's College of Traditional Oriental Medicine,940,0.39603021476011535,0.378897
Lu Ross Academy,879,0.24935479247463613,0.235902
Uintah Basin Technical College,642,0.2154710419624211,0.208494
Daoist Traditions College of Chinese Medical Arts,511,0.5157258847551865,0.496148
The Texas Institute For Teacher Education,1777,0.40618568056002335,0.394785
Arizona Culinary Institute,1042,0.16337155869835474,0.149579
Westwood College,12753,0.15969791728992996,0.151167
Mjs School of Technology,2262,0.09592275396578674,0.090574
California Health Sciences University,2981,0.24872255379227673,0.237811
Ecpi University,21083,0.17592530669331272,0.166775
Polytech Adult Education,714,0.21711134403252672,0.209357
Mt Hood Community College,9911,0.2593236169755843,0.248233
Clarendon College,2110,0.2159028010449959,0.203891
American Conservatory Theater,2357,0.30891905184222185,0.292530
Moreland University,1453,0.46999730176569005,0.454389
Morrison University,852,0.20856404728186365,0.196858
St. Thomas Aquinas College,7653,0.21121057799549098,0.202759
Northwest College,3922,0.2365511841255575,0.225899
West Hills College,2111,0.21130970713722091,0.201684
Toni&Guy Hairdressing Academy,1082,0.25288730245783175,0.242675
Southern Maine Community College,5786,0.22694876169877273,0.215828
Mitchells Academy,5754,0.2426062990481289,0.231588
Cambridge Institute,2200,0.24212051919118155,0.225449
Air Command and Staff College,2674,0.18978148101103942,0.173669
American College Consortium,767,0.3646752215121928,0.348889
Montgomery College,29249,0.224090505037681,0.213639
Cleveland Institute of Electronics,1472,0.10514162351439865,0.097725
Yoga Teachers College,2725,0.5358640495954737,0.520677
Central Institute of Tool Design,982,0.1055368377304081,0.093725
Inter American University of Puerto Rico,10183,0.19531002708757692,0.183163
Sarah Lawrence College,6825,0.3361070773054869,0.322687
New York College of Health Professions,4001,0.439892803936806,0.427316
Technical Learning Centers Inc,1893,0.23178828807385035,0.222424
Balanced Body University,589,0.5497950327757782,0.531034
Bel-Rea Institute of Animal Technology,796,0.34443843100151755,0.333979
Catholic Distance University,620,0.2863056766141192,0.279476
Mercyhurst University,8381,0.2318902372221671,0.220815
Dixie State University,9831,0.26839562697084823,0.259335
Northwest College-Medford,568,0.25780427809294554,0.244057
State of Georgia,859,0.2935092160877708,0.281106
American Academy of Financial Management,586,0.16282895788426116,0.154066
Salesforce University,1884,0.19316740650148598,0.182230
University of North Carolina at Asheville,5804,0.2785741396553139,0.266236
Midland University,3135,0.2652963470364473,0.252427
The Art Institute of Seattle,692,0.15491675433496507,0.143799
United States Coast Guard Academy,6271,0.20548912300532934,0.190101
New England School of Acupuncture,589,0.524239998379873,0.501987
Learning Tree University,2844,0.13875097286842678,0.128220
Kbr University,568,0.13582417576622585,0.117739
Hult International Business School,9002,0.1934962072371746,0.181763
Metropolitan State University,20984,0.24549988184847976,0.234280
California State University-Stanislaus,13080,0.286604371050707,0.275866
Middle Georgia Technical College,2577,0.18843110949201505,0.178593
Instituto Tecnologico De Puerto Rico,10104,0.10855663185661037,0.095988
European Academy of Diplomacy,2479,0.26511196214716093,0.253585
Fontbonne University,6891,0.252798818660486,0.240990
State Fair Community College,2685,0.22672907053870947,0.215310
Southern Illinois University,12646,0.21845630220251339,0.207259
Itt,2362,0.12897798986469788,0.119598
Colorado State University Pueblo,8363,0.25592196911656623,0.243589
Pennsylvania State University-Penn State Beaver,732,0.20865401296102595,0.200651
Richland Community College,9670,0.18266258796810947,0.173454
Southwestern Adventist University,1602,0.3161304786933087,0.307897
Psychoanalytic Psychotherapy Study Center,601,0.5066758844012961,0.475177
Everest College-Colorado Springs,7826,0.24286430771316297,0.233241
Hope International University,28674,0.25159002117120366,0.241318
Pitzer College,5365,0.33378666508116656,0.322210
Northwestern Connecticut Community College,2258,0.24340109769370286,0.232731
Jean Madeline Aveda Institute,561,0.2825982038005385,0.274862
Maine College of Health Professions,1770,0.2173839433305553,0.207981
Pierpont Community and Technical College,1057,0.2404211999280153,0.232523
Boston State College,1022,0.18907770022218037,0.182099
Crescent College Comprehensive,1138,0.13767002887555363,0.127721
Denver Business College,1377,0.1739190655708056,0.162088
Management and Strategy Institute (MSI),523,0.21416207350832434,0.202593
Cyril Potter College of Education,4119,0.2627590346067542,0.251419
"Glendale Community College-Glendale, Ca",877,0.21503289129348432,0.205703
St Louis College of Health Careers,643,0.2950974748708859,0.283654
New York University,275253,0.24390611444610652,0.232642
North Carolina Justice Academy,795,0.28551978505592307,0.269981
Adler University,2708,0.5452800489836027,0.526082
The Photography Institute,529,0.2337980739192399,0.223704
Long&Foster Institute of Real Estate,593,0.22313202694730044,0.216783
University of Massachusetts-Amherst,109183,0.23615519598236606,0.226113
Medical Professional Institute,1324,0.32052727169238643,0.312142
Milwaukee Area Technical College,22282,0.2072625367630733,0.197313
University of Mount Union,5731,0.24318306259299555,0.233033
Bluefield State College,2840,0.22377417058143229,0.213662
New Market Vocational Skills Center,515,0.23549163993477856,0.230284
City Colleges of Chicago-Wilbur Wright College,9101,0.21423669654779984,0.204118
Tech Train,3693,0.16467116994510897,0.152539
Housatonic Community College,4015,0.23168200680018866,0.220969
The Spanish Language Institute,6678,0.31738156093061537,0.305607
Katharine Gibbs School,8341,0.15518527706007462,0.146306
Rhode Island School of Design,16147,0.19585935737021046,0.184396
Caris College,1966,0.21629386151904417,0.205050
Los Angeles Mission College,2931,0.25508553050988414,0.243193
University School,11192,0.30204908817765247,0.292636
Brandywine School of Nursing,628,0.25339961555517304,0.243278
Rasmussen University,16047,0.2864502549495964,0.276505
Sacred Heart Major Seminary,8272,0.2353592737962403,0.221992
Paul Quinn College,1373,0.26760551354412776,0.260195
United Electronics Institute,883,0.1129235638522721,0.106578
West Los Angeles College,6140,0.24261208013216434,0.232223
Nlp School,1042,0.3984522807801825,0.372003
Transformation Academy,2301,0.5449259096710485,0.530732
Rational University,682,0.17858771214272734,0.166667
Cornerstone Christian Academy,2459,0.24133857275299628,0.231015
Regional Training Center,1936,0.307884638123694,0.294169
Tri-County Technical College,6178,0.19591346678465668,0.186432
Loras College,5931,0.24029109938451626,0.229296
Institute For American Universities,3123,0.2774589163469673,0.267107
Georgia Institute of Real Estate,1229,0.21804159971963477,0.206667
Sheffield School of Aeronautics,541,0.14887092519214237,0.132159
Serbias Technical College,2507,0.11864865692390089,0.110585
Touro University California,2574,0.4012391751819075,0.390826
College of Staten Island CUNY,16059,0.2204588505029798,0.212461
The University of Tennessee System Office,503,0.30357042649355626,0.292308
Diesel Driving Academy,508,0.1735415193648201,0.164311
Nazarene Bible College,1236,0.3962969990583185,0.383323
Middlesex Community College,24998,0.19652756033242663,0.186943
Kaskaskia College,2196,0.226326490529241,0.218100
University of North Carolina Wilmington,40237,0.2572207954328878,0.247075
Cowley County Community College,3008,0.196222477986274,0.186010
Academia Serrant Inc,2673,0.2305428933933193,0.220725
Amarillo College,6587,0.2254499360321483,0.214063
Consolidated School of Business,893,0.20791494391134177,0.194649
The Art Institute of California-Orange County,2132,0.15184968710069144,0.142500
Glen Oaks Community College,2711,0.20480851686886875,0.193375
University of Pittsburgh-Johnstown,4861,0.19637864417262704,0.187605
Kaplan University-Omaha Campus,2633,0.2657910421623712,0.257975
Mildred Elley School-Albany Campus,577,0.2372904031159953,0.219750
Georgetown University,101927,0.2797197413242444,0.266670
The University of Texas at Dallas,79938,0.17230655103601605,0.163776
Maharishi International University,25687,0.13499779258863556,0.125290
Shillington Education,4367,0.2012412986318212,0.191820
Washington State University Vancouver,4280,0.2870468245526392,0.275275
Creighton University,22527,0.3024799260354653,0.291528
Sbs Institute,2634,0.143847015826984,0.134947
Business Computer Training Institute,830,0.1790818531004179,0.166988
Google,10404,0.22657872525844377,0.214297
Brick Computer Science Institute (BCSI),1897,0.2199541486770613,0.210502
Mid-State Technical College,3152,0.20358660182729219,0.191871
Clary Sage College,643,0.2967677285812025,0.290816
International School of Skin Nailcare&Massage Therapy,525,0.30946866991790917,0.295886
Pacific Northwest College of Art,2941,0.23778473240645995,0.223973
Seminole State College,4533,0.19881718573909743,0.189822
University of Massachusetts Global,11787,0.3742492686160732,0.360215
Agile University,1255,0.17505547619122677,0.161727
San Juan Bautista School of Medicine,1113,0.3863832846294759,0.374111
Chattanooga College Medical Dental and&Technical Careers,818,0.11197860755887301,0.100307
Blinn College District,693,0.17884312334304492,0.166889
Midwestern Baptist Theological Seminary,3298,0.38978132393688913,0.372650
Dorsey College,1027,0.1950386813016794,0.186470
Proofreading Academy,604,0.2864612409233011,0.273103
Hilton University,1003,0.18339188593145964,0.171838
Cleveland Community College,2394,0.23146901791438432,0.221201
Stratford Career Institute,2981,0.23138052738390957,0.218593
Bryant University,20455,0.16618827510610762,0.156131
Ati Career Training Center-Fort Lauderdale,1930,0.17588857240745645,0.167799
Philander Smith University,2340,0.25263502110693525,0.242580
Coppin State University,4551,0.35501512563241294,0.344679
Lincoln Land Community College,4884,0.225878972756617,0.215830
Trinity Episcopal School For Ministry,4817,0.26453279282711434,0.254093
King's College,14211,0.2279067115958964,0.217805
Pitc Institute,746,0.1420698281505112,0.131429
The Art Institute of Fort Lauderdale Inc,2343,0.14912568745947938,0.140537
Riverside School of Aeronautics,873,0.17223939661288365,0.161169
Prince Institute of Professional Studies Inc,644,0.08897689323559732,0.083440
Venice Skills Center,737,0.22560594113402416,0.213654
Chestnut Hill College,5093,0.32528072971555333,0.314456
Northwest Career College,851,0.30759860460049854,0.296813
Eastern Suffolk Boces,2272,0.24617877207590996,0.237360
Ellsworth Community College,1281,0.19965238967660995,0.187984
Marylhurst University,4533,0.31794061214766967,0.304145
Boise State University,40546,0.28426353384986486,0.273108
Southeast Texas Career Institute,716,0.22244930332657228,0.209977
Houston School of Carpentry,839,0.1402069862384836,0.130344
Yeshivas Emek Hatorah,638,0.31374044915189053,0.303371
University of Connecticut-Stamford,2659,0.19072695707988485,0.182530
San Diego Continuing Education,2371,0.21698279381329896,0.210799
Pennco Tech-Blackwood,531,0.14577743956303457,0.139200
Massey Business College,706,0.15663465298600193,0.149615
Orange Technical College-Westside Campus,4611,0.22698912383432815,0.217713
Flight Safety Academy,2283,0.15379252887247713,0.134541
Eastern Washington University,23555,0.30377148650117797,0.291761
Miami Regional University,910,0.3780612612435179,0.363716
Bryant&Stratton College-Syracuse North,926,0.20795890025256025,0.201805
College of The Holy Cross,14440,0.24060809872080235,0.229906
Welch College,513,0.2889782722788342,0.276259
Apt College,1443,0.1801442058016165,0.172287
Central New Mexico Community College,11081,0.2453013608597179,0.235981
Memphis College of Art,1066,0.2130944581733031,0.200637
Universal College of Healing Arts,1046,0.5668987978009233,0.548439
Awakening Leadership Center,862,0.5309212102677622,0.516162
Dominican University New York,1024,0.276150501410475,0.265753
Mobile Makers Academy,594,0.19484555354062094,0.181943
Bismarck State College,4530,0.19111832701241635,0.181128
School of Fashion Design,4446,0.17881093857336416,0.169467
University of Saint Mary of The Lake,547,0.32250072101254257,0.305916
Bethany Lutheran College,4970,0.25520906582914626,0.244113
Lake Norman Dental Assisting School,631,0.2326026582622098,0.225997
Grand Circus,1897,0.2187741018955449,0.209125
University of Arkansas Community College-Batesville,924,0.2305149733652485,0.218039
Crane Institute of America,924,0.1539894827609659,0.145059
Rose State College,6617,0.21527582918634428,0.205267
The Refrigeration Institute,521,0.12147912010919437,0.109890
Nhti-Concord's Community College,6194,0.19490774448455142,0.186088
Kenilworth Heart Academy,542,0.21082392304622719,0.204147
Security Training Center,2294,0.21186702780583852,0.198879
Seton Hall University,38372,0.2425526232217659,0.231591
Washington College,4709,0.25015298540239,0.238718
Bottega University,663,0.1840254765169403,0.171662
The Berne Institute,696,0.2653928735626367,0.256039
Stony Brook University,64430,0.2496500333292564,0.239923
Boston College,65630,0.2677323731780383,0.256940
Miller-Motte College-Raleigh,561,0.2833538338400479,0.277286
Lambda School,3759,0.19406978664295133,0.185926
Kuyper College,628,0.39113742188485834,0.366791
American National Standards Institute,844,0.13144756066996957,0.118902
The Rapha School,563,0.18891430760842504,0.181960
Northeast Alabama Community College,1503,0.18305542240793085,0.174364
St Philip's College,5713,0.23965746099247448,0.230260
National Outdoor Leadership School (NOLS),7775,0.34590125849921255,0.332879
Merit College,3871,0.27895413607926595,0.266862
Kansas State University,59496,0.24074808320979282,0.230450
Vet Tech Institute,944,0.32214978367403085,0.311475
Southwestern Assemblies of God University,3524,0.3562499791851281,0.340909
Dunbar Vocational Career Academy,1810,0.22234442765757084,0.210219
Great Lakes Christian College,1357,0.2756738178377056,0.266791
The Dickinson School of Law of The Pennsylvania State University,1275,0.2052309759666415,0.195234
Thaddeus Stevens College of Technology,1431,0.12737645214185392,0.121369
Coding Academy of America,805,0.19807016662251745,0.189944
Bloomsburg University of Pennsylvania,16693,0.23127179289194005,0.220697
Wayne Community College,3960,0.22610146348134857,0.216551
Paine College,1260,0.28563956043218625,0.274614
Arizona Automotive Institute,917,0.12062060535084047,0.109336
Nace International Institute,1583,0.07918478883748482,0.068204
Lithan Hall Academy,788,0.20597391757930797,0.200000
Hartwick College,5344,0.24966876046584052,0.239358
Albertus Magnus College,5884,0.22792601924295874,0.216108
Monmouth College,3790,0.241538361298483,0.230016
Cambridge College,16328,0.293072783641504,0.281173
Eastern Oklahoma State College,1394,0.21583280945483216,0.207515
Industrial Training Institute,813,0.13096645665301182,0.121593
John Paul The Great Catholic University,1844,0.22731406552728042,0.218453
Southeastern Academy,3068,0.21824108076491258,0.209309
Colegio Educativo Tecnologico Industrial Inc,3758,0.16053222229610128,0.143908
San Antonio College,18350,0.22602188926689804,0.215450
Neighborhood Playhouse School of The Theater,1052,0.2651734899104915,0.245950
Hollywood Cultural College,933,0.23921680862614506,0.229820
University of Saint Mary,2942,0.3116740253639198,0.298685
Central Washington University,27298,0.2534067022221426,0.241939
The King's Academy,2452,0.24680818067216617,0.239466
North Arkansas College,1339,0.22312135754996654,0.213581
University of California-Merced,8416,0.3095739912098335,0.300136
Pima Medical Institute-Denver,932,0.3903322229593128,0.384413
Eastern Iowa Community College District,2298,0.2552252988461987,0.241720
Autodesk Training Center,1077,0.10557903948455444,0.096799
Lincoln Trail College,1001,0.20765744432140887,0.199060
Windward Community College,3103,0.23430002695806856,0.221616
Academy of The Sacred Heart,7839,0.26487882051783074,0.253904
Nightingale College,1592,0.40341762003234366,0.392799
California State University-Dominguez Hills,26258,0.29721940873562785,0.285532
Bevill State Community College,2220,0.19184575239926577,0.182320
Schiller International University,2843,0.18708232108406483,0.174920
Montana State University Billings,5296,0.2861456469154815,0.272987
Texas Lutheran University,4822,0.23744639704376408,0.227022
The University of Texas Health Science Center at San Antonio,6596,0.43216517228144535,0.419082
Valley Vocational Technical Center,3774,0.20500266366512226,0.195447
Los Angeles Center For Enriched Studies,2058,0.31731517493578487,0.306486
Canadian Valley Technology Center,864,0.169604571036824,0.160952
Shenandoah University,7948,0.34717544644856235,0.336331
The Institute For Health Education,631,0.4135977133649943,0.389785
Angelo State University,11814,0.2533512081087485,0.242742
Alpine College,1914,0.1866448867304419,0.175741
United Nations Institute For Training and Research,879,0.42961970113309245,0.399299
Xerox University,997,0.14577869799078563,0.132713
National Computer Forensics Institute,516,0.20093823107911601,0.184655
"Devry University-Florida-Orlando, Fl",894,0.14346378713211821,0.134551
Danville Community College,2210,0.19728210416804287,0.187262
Damelin College,1494,0.16915709261100664,0.147887
The Ford Institute,1281,0.21210658053330506,0.200000
Strayer University-North Carolina,1198,0.2122907774228675,0.200000
Odyssey Training Center,503,0.34356548647790053,0.331650
The King's College,1137,0.254173563232791,0.236678
Johns Hopkins University,111456,0.30780328130219575,0.295758
Minnesota State Community and Technical College,3989,0.22462231766212104,0.215698
Childbirth International,935,0.6315711436307618,0.618432
Quinebaug Valley Community College,1647,0.2158318750064462,0.206608
Brown Mackie College,7627,0.24589923853513962,0.236637
Nuc University,1225,0.21639682243524108,0.207182
University of Louisville,52638,0.2568229747050668,0.246284
Burdett Business School,500,0.16277705616247187,0.156646
CUNY Laguardia Community College,18355,0.2214818125524647,0.212401
Capri College,534,0.2439136217608393,0.233974
American Institute of Interior Design,1124,0.1892709934953083,0.178042
Pacific Bible College,605,0.3345526981089386,0.321337
Nunez Community College,1586,0.1850174794516149,0.173780
Christ The King Seminary,1312,0.2526761268774901,0.242706
Colegio Mayor De Tecnologia Inc,5228,0.16941876078597895,0.148617
Western New Mexico University,2727,0.34325276456583104,0.331862
Lindsey Wilson College,2943,0.31996695817295917,0.308622
Aci Learning Denver,1209,0.19865751142398652,0.191264
Eastern Arizona College,2336,0.2682826424626218,0.257701
Ventura College,9631,0.24678372044869773,0.236170
Technical Vocational Institute,1178,0.154006918144517,0.146933
Hamburger University,1278,0.2006106047888003,0.180911
University of Idaho,26836,0.2580776561581207,0.246229
Praxis Institute,1187,0.27720569148148805,0.266339
College of The Atlantic,1150,0.37225311209728285,0.358625
National Center For Technology Innovation (NCTI),1337,0.20450376935330206,0.194896
American Institute of Alternative Medicine,727,0.5180218268402969,0.497143
Learning Journeys International Center of Coaching,623,0.5923166165183306,0.575931
Rice College,2830,0.19396317475762978,0.185318
Anthis Career Center,1093,0.22441898558785967,0.214803
Core Institute,1042,0.2840054044053365,0.266175
Georgia Medical Institute,1127,0.29795999915374044,0.287500
Mis Training Institute,518,0.21628341757357628,0.206430
Global Training Center,2270,0.18402939011695618,0.171988
Cathedral Bible College,1227,0.24320404422682743,0.232915
Intense School,1016,0.17811454789848372,0.166388
The Chicago School,1895,0.4434293102245651,0.432779
American Institute of Medical Sciences&Education,1672,0.23768166501814425,0.229439
Mission College,10155,0.2271846025238001,0.216864
Seattle Institute of East Asian Medicine,1494,0.1806665183134164,0.171571
Gods Bible School and College,554,0.3067272843256081,0.290323
Hr Training Center,1107,0.22275174034915882,0.207278
Ed Klopfer School of Real Estate,551,0.247063388271159,0.237519
University of Puerto Rico-Humacao,895,0.19164012314616047,0.180691
Platt College,3832,0.18177509143542242,0.173603
Daymar College,755,0.20450387578692653,0.196705
South Dakota State University,16699,0.24581567067379312,0.236161
Greenfield Community College,3309,0.24722793275715105,0.237863
Saint Francis Medical Center School of Nursing,829,0.3275863536299169,0.316764
Orange Ulster Boces,966,0.2186602447187037,0.206655
Pontifical Catholic University of Puerto Rico-Ponce,3092,0.18977472862855863,0.170079
University of Delaware,73605,0.23582440228370727,0.225289
Rend Lake College,1904,0.2175982969912476,0.210782
Allied Business School,1895,0.2236830444187366,0.216364
North Orange County Community College District,918,0.20883947594346935,0.195926
Arcadia University,12058,0.3354827875504399,0.325074
Multnomah University,3205,0.39873454577272144,0.382969
Construction Estimating Institute,662,0.1338412355027988,0.124842
Pepup Tech,635,0.24387124946539795,0.230556
Vineyard Leadership Institute,1045,0.3617412852003324,0.343919
Valley Forge Military College,4126,0.18892393494886367,0.179087
Naval Submarine School,2364,0.1441585203788386,0.132431
"Emmanuel College-Boston, Ma",5713,0.2783013526843863,0.267932
Valley College,3807,0.2143002332807276,0.201588
Emmanuel University,1323,0.2978894094690662,0.285986
British School of Coaching,2419,0.2220369475566787,0.212374
Norfolk State University,14233,0.27998147891554603,0.269156
Nebraska Wesleyan University,4827,0.2996359308736775,0.288013
Carolina Christian College,679,0.2865093931132969,0.276885
Milwaukee School of Engineering,12686,0.16062176213223917,0.152006
Rochester University,5101,0.2447768234163815,0.233109
Butte College,7787,0.251469500140744,0.240810
Keene State College,12475,0.257120862586133,0.245678
Naval School Explosive Ordnance Disposal,904,0.2055371533224197,0.191022
Southern Polytechnic State University,11164,0.11863515102102717,0.110450
Queens University of Charlotte,8303,0.29409393274097106,0.282821
Fortune Academy,2023,0.3505668000350786,0.336821
Jay's Technical Institute,3582,0.13639879032681856,0.124026
Medical College of Wisconsin,3244,0.4208154939974177,0.409670
Macalester College,8084,0.3569227375698346,0.343604
Davidson College,9127,0.30009969406278325,0.288168
Southern Worcester County Regional Vocational School District,1788,0.2169149240284893,0.204888
Onondaga Community College,9593,0.21664557287709926,0.207962
Albizu University,1027,0.3058916656566919,0.292468
Diamonds College,1206,0.21444875872409822,0.203650
College Unbound,1131,0.33849583583867815,0.327462
American University of Puerto Rico,515,0.1728701311514022,0.161054
University of Wisconsin-River Falls,12636,0.2546411670371985,0.242818
International Institute of The Americas,2170,0.29002437770515577,0.271289
New Mexico State University-Alamogordo,632,0.24839016330905497,0.240858
International Tefl Academy (ITA),3117,0.4004424767709306,0.387525
Tri-County Community College,1269,0.1909553156378011,0.180691
William Edge Institute,770,0.2805377675566041,0.263948
American Sentinel College of Nursing and Health Sciences,2682,0.3772633713304055,0.363794
Life Purpose Institute,1329,0.5575675044292943,0.543451
Pima Medical Institute-Mesa,860,0.38895048808537347,0.383111
Bay De Noc Community College,3791,0.22809256450960916,0.216707
Cooper University Hospital,520,0.3822471058767886,0.373554
Radcliffe College,12515,0.3845722397797483,0.372149
Morgan State University,18013,0.3038085381239544,0.293247
University of Maine at Presque Isle,2149,0.2625601171746594,0.251382
Baldwin Park Adult&Community Education,659,0.20779201057310748,0.193076
Patrick&Henry Community College,1129,0.1848556926078504,0.171617
William Woods University,5412,0.28854693671922377,0.279046
University of Wisconsin-Richland,1707,0.24481828029951055,0.234093
California State University-Channel Islands,8671,0.29020649146041677,0.281196
Ohio University-Lancaster Campus,795,0.2095660242100426,0.198268
Make School,9798,0.211741529594887,0.200215
Grand Valley State University,49598,0.29026115941660363,0.279715
Northwest Technical College,1468,0.19230329735376647,0.183511
North Carolina Central University,17520,0.34177124395755965,0.331243
Jones County Junior College,3745,0.19693648384088783,0.188858
Northeast State Community College,3418,0.1855259271929239,0.177516
New England School of Art and Design,2050,0.16157398528582195,0.150362
Computer Educational Institute (CEI),8011,0.1149738566546657,0.106819
Occupational Safety and Health Administration (OSHA),1685,0.2615226623008249,0.246931
All,900,0.21597443461658752,0.204312
Misericordia University,4763,0.29961579897124185,0.289568
Governors State University,14305,0.28331727501679527,0.272520
Southern California Institute of Technology,1021,0.11693160453102028,0.109320
Epic Academy,2364,0.250583082514804,0.239473
University of Saint Joseph,3723,0.4090301455321146,0.397263
Eastern Center For Arts and Technology,736,0.2615926961754524,0.253933
Caribbean University,6156,0.24341576104972104,0.232456
Ozarks Technical Community College,7334,0.23734225190029815,0.228332
Computer Learning Center (CLC),7700,0.12306833028786954,0.113953
The Interaction Design Foundation,2243,0.2922272014139562,0.275068
Isothermal Community College,1112,0.22747112797060492,0.216535
Institute For Nonprofit Practice,610,0.566611692237598,0.551075
Seacoast Career Schools-Sanford Campus,676,0.28683793511200334,0.274876
Southern Vermont College,949,0.23367895878834227,0.225490
University of Akron Main Campus,53374,0.21406723635067712,0.204260
Oregon Graduate Institute,521,0.1553493671919016,0.147679
College For Creative Studies,7388,0.16790418192370093,0.159250
Liberty Junior College,1832,0.2097514709418389,0.200310
Trinity Valley Community College,5198,0.22807051972340847,0.218588
Key Realty School,789,0.24249071400183056,0.233725
Falcon Aviation Academy,724,0.17635374717419558,0.167447
Auburn Career Center,700,0.18938702600965515,0.176808
Platt College-San Diego,1312,0.13563039052120085,0.125904
Anaheim University,500,0.24818085759796563,0.240924
Tesst College of Technology,652,0.09318803936647783,0.088779
Southern Methodist University,64267,0.1951711620491537,0.185145
St Clair County Community College,5357,0.1994016547325581,0.193241
Shepherds College,1113,0.263446833811733,0.250953
Sonoma State University,24823,0.2958303824100034,0.283938
Cheonggang Academy,1954,0.1590489972740612,0.149184
Stagecraft Institute of Las Vegas,600,0.20748697404683208,0.196078
Northern Arizona University,55711,0.3013468229550135,0.290281
Corban University,1977,0.36878197639189203,0.356592
College Teaching,740,0.3459798734809829,0.328302
Notre Dame De Namur University,6802,0.2980348113855909,0.286763
Suffolk County Community College,21695,0.19986954616164068,0.189421
United Bicycle Institute,520,0.2844494583027916,0.272025
Pentecostal Theological Seminary,1387,0.4264849835805309,0.412281
Manhattan School of Computer Technology,1186,0.2951689977097123,0.286950
Francis Marion University,6023,0.24764616761751973,0.237418
Gainesville State College,3704,0.19865523047651185,0.190597
Ppg Technical College,729,0.14446068559830644,0.134857
Devcodecamp,993,0.18764485776833395,0.174589
Philadelphia College of Osteopathic Medicine,4864,0.4138500657111915,0.404539
J Sargeant Reynolds Community College,9607,0.2274244798114868,0.217491
"Columbia College-Columbia, Mo",1490,0.226077699076579,0.213782
Saint John's Seminary,1285,0.3063208659754647,0.292879
Choice University,1191,0.24417660625496432,0.227952
Los Angeles Harbor College,6002,0.2546327986512939,0.244174
Center For Naval Aviation Technical Training,1241,0.1692223749247253,0.157169
Valdosta Technical College,505,0.19009829934176004,0.180835
Bunker Hill Community College,12271,0.22838464782536838,0.220011
Pine Crest School,10729,0.23531068494842802,0.225078
"Lincoln University-Jefferson City, Mo",1376,0.28894381356558485,0.278923
Bmw Group University Step Programs,744,0.14558343871261514,0.136076
Renaissance Entrepreneurship Center,1474,0.3753465341061557,0.359437
Branford Hall Career Institute-Branford Campus,1965,0.2125301524230038,0.203222
Huntingdon County Career and Technology Center,516,0.20291482041172934,0.190554
O C Collins Career Center,713,0.1868658924269771,0.173594
Scottsdale Community College,12031,0.2231185735037847,0.211774
Remington College-Memphis Campus,525,0.19534548101262234,0.186667
Wingate University,6207,0.27870844991992433,0.268140
Fred K Marchman Technical College,684,0.21257392860294613,0.205630
Phillips Community College of The University of Arkansas,740,0.2433621437825108,0.231947
Brand College,1014,0.21610407781011007,0.201359
Boston Architectural College,4444,0.23609825626439848,0.224270
Fortis Institute,2058,0.16532209217138485,0.160708
York Technical College,6447,0.17777035038395778,0.168488
Pamlico Community College,1191,0.20827600265401433,0.200563
Assumption University,7488,0.22221515881343257,0.211701
Roxbury Institute,1108,0.24924893868863826,0.241948
Middlebury College,17030,0.30932491883967556,0.295262
San Diego Community College District-District Office,543,0.21749354296048332,0.203150
Abraham Lincoln University,976,0.2279468075686724,0.218723
Marshall B Ketchum University,514,0.40668799265395855,0.394737
Chipola College,1543,0.25864460263403855,0.247413
Manhattan College,12198,0.18484613917470974,0.176101
Wagner College,7233,0.2481598446294106,0.238486
Christian Theological Seminary,1134,0.49145253473554973,0.479378
Westminster Choir College,1470,0.31991054110228573,0.304539
New Castle School of Trades,691,0.14239894549675347,0.133489
Georgia Career Institute,581,0.2743206687427896,0.264920
Ranger College,1539,0.218587574950805,0.207257
Bladen Community College,820,0.22916047166258258,0.216323
Bryant&Stratton College,11325,0.20897892288298112,0.199923
Central Carolina Technical College,2430,0.19952469606323459,0.191130
Buchanan Beauty College,624,0.23647962621070578,0.228616
Fortis College-Norfolk,1003,0.24105525789993784,0.226724
Post University,14037,0.28253046461205295,0.271181
Southwest Collegiate Institute For The Deaf,3683,0.2717720256440894,0.259040
Colby-Sawyer College,2680,0.26031795859511475,0.250340
Emory University-Oxford College,11614,0.2622328662100882,0.249929
University of Maryland-College Park,103948,0.23113802558932195,0.219684
Automation Academy,1113,0.1202089284365738,0.109375
Anthem College-Phoenix,3755,0.22369412411842496,0.212925
Hunter Business School,1396,0.20751044737328495,0.199196
New York Career Institute,832,0.1965001942862763,0.191033
Orange Technical College-Mid Florida Campus,1397,0.15565931199784047,0.144413
American Water College,660,0.21722506345876919,0.203797
California State University-San Bernardino,25825,0.2965766855613784,0.285468
Rockford Career College,751,0.21952657025506378,0.210093
West Valley Occupational Center,990,0.18667136924643227,0.181743
Abc Training Center,766,0.22021065856203606,0.209890
Commonwealth College,1984,0.2762297812262854,0.268559
West Virginia School of Osteopathic Medicine,637,0.3877758652636811,0.378713
Washington Adventist University,2491,0.31634369371862575,0.306394
Loan Officer School,1060,0.2132108743553262,0.201962
New York College of Podiatric Medicine,1480,0.38512198528236186,0.376482
College of Our Lady of The Elms,3504,0.3194212637928599,0.308535
It University Online,2513,0.13454866861204634,0.127597
Coastal Carolina University,16282,0.2298620030086279,0.220638
Helena College University of Montana,993,0.20582262911558785,0.194422
St Petersburg College,34981,0.2318083925271794,0.221320
Arizona State University,258737,0.25451823340364893,0.243530
The Wood School,25847,0.24043813916926204,0.228654
Inter American University of Puerto Rico-Ponce,777,0.27478528184274037,0.264113
The Boston Language Institute,1289,0.18042688143641944,0.169056
Washington University in St Louis,60201,0.2728803239594529,0.261138
Integrity College of Health,570,0.2891060019991292,0.272328
Cleveland Institute of Art,4058,0.227617162623824,0.218678
Microsoft Certified Technical Education Center,2895,0.11201560223111179,0.100840
Mercy College,18511,0.29596328442438663,0.284708
Georgia Military College,4700,0.22542452969170565,0.214042
Central County Occupational Center (CCOC),858,0.19578758576354258,0.189163
Western Carolina University,26549,0.2600045608169293,0.249613
The Center For Creative Leadership,1639,0.33628275423526083,0.314796
Cardone University,973,0.30464395161706875,0.286201
Pc Tech Learning Center,625,0.1446412738108661,0.128809
Inter American University of Puerto Rico-San German,1298,0.2377204792209438,0.227121
Finger Lakes Community College,5543,0.22227604982761365,0.214315
Lawrence Memorial Hospital School of Nursing,574,0.4567777766933125,0.444444
Carrington College-San Jose,573,0.3163057898708845,0.303672
Winona State University,17891,0.27074518958016824,0.261517
Central Penn College,3110,0.24978562038008523,0.238126
Montana State University,28027,0.24282371059777477,0.232396
Ohio College of Podiatric Medicine,688,0.3348991273406387,0.331155
Institute of Healthcare Improvement,714,0.4562003554398636,0.430440
Wellness Institute,888,0.5792839521215684,0.566380
Nexgent,2242,0.1908846150349342,0.178254
Ivaem College,2383,0.18302012112623045,0.172981
Beth Medrash Govoha,689,0.23005766863490007,0.221165
University of The Cumberlands,14196,0.25801862198770037,0.247703
The Institute For Life Coach Training [ilct],760,0.7004189636380912,0.681034
Kanakuk Institute,526,0.3297370128868414,0.318818
Huntington University,2702,0.3201927074606956,0.310033
Ces College,1635,0.2025723089494078,0.187043
Alamo Community College District Central Office,931,0.24327375860027917,0.232824
Insurance Institute of America,3734,0.16032078712347567,0.148391
Brightwood College-San Diego,2771,0.28379159052388936,0.278729
Adams State University,6142,0.35390267685601295,0.342259
Tennessee Wesleyan University,1714,0.2519033075615453,0.239868
Florida Memorial University,2530,0.27025304895605184,0.256305
American Graphics Institute,1339,0.17291834562135378,0.163557
Santiago Canyon College,6513,0.2330454762234584,0.224644
University of Louisiana at Lafayette,40115,0.1922982853554931,0.182000
Mixed Institute of Cosmetology&Barber,869,0.22280675320842186,0.205645
Empire Beauty School-Manhattan,559,0.2220888719606213,0.210983
International Masonry Institute,738,0.15409648685565974,0.141603
Computer Savvy,2176,0.15493814720459734,0.144414
American Institute-Cherry Hill,689,0.18830999954146604,0.178378
Texas A&M University-San Antonio,5062,0.25485674992466767,0.243831
Jackson Theological Seminary,724,0.3898083162673158,0.379110
Porter and Chester Institute,5214,0.18085050279565767,0.174166
Reid State Technical College,555,0.20951984629236278,0.204580
Williams College,14735,0.27164021409928174,0.258666
University of Wisconsin-Parkside,11228,0.23268371065788016,0.221660
Silicon Valley Technical Institute,713,0.1451182109184754,0.135776
Christian Leaders Institute (CLI),4463,0.3817078633176162,0.367391
Otterbein University,7984,0.26571541500094775,0.255383
The Salon Professional Academy-Colorado Springs,589,0.24735645348837393,0.228616
Warren Wilson College,2292,0.37993857164676376,0.367313
University of Antelope Valley,1137,0.23491526720513103,0.226483
Tennessee State University,17182,0.30767025934874304,0.296444
Trinity College,15416,0.2461271317152089,0.233937
Texas A&M University-Central Texas,13078,0.22468409029713304,0.213661
Western Career College,1308,0.25566641268295776,0.245247
Motoring Technical Training Institute,502,0.14286660805238852,0.136364
Western University of Health Sciences,4202,0.4503642685903016,0.441740
California Northstate University,1277,0.3388678556055078,0.327694
Jersey College,1397,0.320355866900597,0.311736
Dewey University,568,0.19380086807273134,0.188133
Mercer County Community College,9905,0.20411074537063884,0.193707
Mineral Area College,2377,0.214591499360954,0.205448
California College of The Arts,8086,0.23668601537106312,0.223919
Colegio De Cinematografã­a Artes Y Television,1804,0.19211578742622684,0.177290
Virginia Peninsula Community College,7712,0.21747868783537558,0.208425
American College of Forensic Examiners,1242,0.20442639414688193,0.194558
William Carey University,4848,0.3269573343930426,0.316442
Lake Washington Institute of Technology,5899,0.23583268508626362,0.224502
Trinity Washington University,5363,0.35499666022652904,0.344677
Academy of Creative Coaching,839,0.5694325856004375,0.542802
University of Puerto Rico-Mayaguez,61820,0.19349923012958836,0.181095
School of Life,11494,0.2790537224814947,0.265200
Saint Paul College,16076,0.21835087108500448,0.208810
Reinhardt University,3309,0.21502872445259127,0.204517
College of Lake County,16253,0.2121486259880869,0.203011
Central Methodist University-College of Liberal Arts and Sciences,1215,0.28968180638389335,0.277167
North Iowa Area Community College,3075,0.22584638898737697,0.214895
Jupiter Beauty Academy,541,0.23934857544867347,0.231317
Oakton College,5367,0.19369920347615358,0.183454
National Institute of Health (NIH),3777,0.35125188776277405,0.337316
Institute of Production and Recording,1414,0.16000940459637933,0.147074
Unisys University,563,0.12665870840623733,0.115616
Ukiah Adult School,539,0.27916258800987054,0.264184
Brighton Center's Center For Employment Training,979,0.20216464129275838,0.187342
Centenary University,4774,0.23002081681404282,0.220027
Cazenovia College,3574,0.23388186828447846,0.221971
Online Trading Academy,1460,0.24736705427358227,0.234575
National Polytechnic College,12925,0.13903028285144053,0.130142
Clarkson College,1577,0.35808241424971327,0.347987
Howard Payne University,2543,0.2852299018646651,0.275661
Lander University,5165,0.2358972424955259,0.227317
Midstate College,982,0.19642999289049004,0.187196
San Francisco Theological Seminary,767,0.48926144396303534,0.480074
Principia College,3861,0.2630096910726385,0.250650
Greenville University,4257,0.281895856431876,0.270429
Automeca Technical College,1443,0.11384135601546903,0.102825
Fresno Pacific University,4754,0.38563340954532455,0.372911
Dale Carnegie School,1547,0.20603489708974274,0.191478
Daemen University,4290,0.3171810723215279,0.306581
Bishop State Community College,16485,0.21034793639959976,0.198685
Certification Institute,8520,0.21420759750713056,0.200718
Anthem Institute-Manhattan,1622,0.15154336503649643,0.143269
Nei College of Technology,542,0.05564121708110375,0.049793
Southern Connecticut State University,22974,0.29229298842706514,0.281488
The Fab School,1100,0.2214678991435814,0.206137
Other Schools,1524,0.22514686007141035,0.212900
Iowa Wesleyan University,1399,0.27350386721410197,0.261678
The College of New Rochelle,6656,0.37733063613381596,0.365596
The University of Montana-Western,2730,0.26050049985218665,0.247793
Institute of America,3326,0.16424408541893434,0.152493
St Charles Community College,9619,0.20099075055633855,0.191181
Tech Elevator,4262,0.27131665590770754,0.259571
Bellarmine University,13916,0.25069576285921474,0.241840
Bennington College,3193,0.31938882542653746,0.304348
Enterprise State Community College,2092,0.20468772765877147,0.193786
Institute of Internal Auditors (IIA),17507,0.09431688599979117,0.086877
Stratford University,6339,0.17993150974905667,0.171225
Mico University College,894,0.34562411082758876,0.337381
Sentara College of Health Sciences,560,0.414038658259211,0.395150
International Institute For Learning (IIL),3799,0.16264578634512997,0.151155
Sacred Heart School,10601,0.182794415259405,0.172394
Ohio Media School,1706,0.20737336264754727,0.196413
Newu University,823,0.17178688837391806,0.150884
American Academy of Personal Training,897,0.4495889078962112,0.440036
Professional Christian Coaching and Counseling Academy,823,0.6034389501188915,0.591429
Point University,2157,0.3178985470793024,0.305263
Institute For Healthcare Improvement (IHI),552,0.574379711155259,0.563898
Mount Vernon Nazarene University,6611,0.2819246803570864,0.270370
Pinellas Technical College,1022,0.20195110706801128,0.191140
Saint Joseph's College of Maine,24503,0.2353604139096047,0.225406
Diversified Vocational College,798,0.17336362703867028,0.162107
American Hospitality Academy,562,0.1738747409009022,0.162482
Middle Tennessee School of Anesthesia Inc,576,0.27156695500499806,0.262626
Orion Institute,1388,0.3435503328794073,0.332929
Yoga&Ayurveda Center,1844,0.5363942705553517,0.519903
Healthcare Career College,912,0.37225718330843693,0.359726
University of Wisconsin-Madison,153274,0.26014672019202645,0.249072
University of Washington-Seattle Campus,24538,0.23559329551932748,0.224307
Co-Op Tech,5447,0.3043749908871013,0.295784
Princeton University,53018,0.25159710285583536,0.240225
Academy College,17726,0.23390406775581535,0.221670
International Six Sigma Institute,709,0.20688301337991563,0.193780
Ashland Community and Technical College,1614,0.2132888992046905,0.204229
Interface Computer School,1252,0.12140129044529084,0.108696
Nossi College of Art and Design,1162,0.14368217875213873,0.132872
The Dave School,580,0.09200420561614024,0.082768
Clayton College of Natural Health,1246,0.5474356626485206,0.526066
Walters State Community College,5818,0.22207046766438804,0.213331
Bethel Seminary of The East,1118,0.49942681565218827,0.486842
Kee Business College,976,0.19914135025215604,0.186985
Atlanta's John Marshall Law School,7218,0.2153127126750995,0.204305
Barclay College,915,0.22286258436618475,0.210034
Mount Saint Joseph University,2841,0.2526066083894987,0.241441
Herzing University-Madison,1558,0.21634230862953638,0.203922
SUNY Corning Community College,4634,0.2320554644750117,0.220764
Brevard College,2374,0.2498889095195782,0.238462
Graham's Barber College,509,0.17907277157780116,0.171617
University of South Carolina-Columbia,50762,0.23158780504109172,0.221123
Vandercook College of Music,719,0.3265347643838031,0.312883
National University,51563,0.3277083682930627,0.316020
Marist College,19724,0.2063615283534904,0.196145
Lima Technical College,1127,0.17822115170503045,0.163384
Osceola Technical College,955,0.23811657881067042,0.227749
Jackson College,8864,0.2387612140347937,0.230859
Tulsa Welding School,1009,0.09709721134884612,0.091402
Southwestern Illinois College,9464,0.1941414272993277,0.184700
Elmira College,4852,0.2603729387090963,0.250812
Devry College of New York,1070,0.15018886601850892,0.142462
St. Joseph's Academy,12089,0.21737923395804126,0.207801
Fairleigh Dickinson University-Florham Campus,4051,0.17510091596151703,0.168505
Indiana Institute of Technology,17158,0.17142452245704054,0.161276
Butler University,17515,0.2962971008408945,0.285598
Homeopathy School International,1745,0.47311291785624193,0.454545
Dalton State College,6370,0.20290864209489803,0.193048
Concordia University Ann Arbor,2556,0.31581189320667563,0.305524
The Resource Training Center,1272,0.34585404609886694,0.329634
The Berkeley School,4435,0.24886188975621384,0.235782
Northern Virginia Community College,53001,0.1887649002170511,0.179499
Little Flower School,2444,0.1455236666001085,0.136284
Meridian College,952,0.2146314384767599,0.200689
Monroe Community College,20973,0.2107532863746773,0.201024
Eastern Kentucky University,26176,0.2679680050590357,0.256723
Gadsden State Community College,4026,0.20486336448151385,0.194646
New York Academy of Art,2460,0.23224252151020133,0.220215
Lafayette College,13392,0.2132585424225886,0.202987
Community College of Rhode Island,15187,0.2240567120004568,0.215885
Abc Adult School,4346,0.20174203660324383,0.190301
American Bartenders School,597,0.1618893555002031,0.154062
Philadelphia University,11971,0.18153186521615988,0.171274
Pennsylvania Academy of The Fine Arts,2568,0.2637767856592535,0.252939
Leasot Academy,1214,0.226922926972076,0.218912
Walla Walla Community College,2578,0.2706873687580228,0.260973
American River College,18718,0.24808093482408658,0.236921
Harlem School of Technology Inc,900,0.33445471416583944,0.326130
Middle Tennessee State University,47195,0.22815528096351226,0.217816
Cdi College,2091,0.1699826678878289,0.159645
Brooks College,5296,0.20273210218108287,0.193317
Hiwassee College,626,0.23570874941176043,0.218750
Roadmaster Drivers School,1343,0.15271816940599076,0.141992
Central Texas College,29232,0.2088678545507471,0.196117
Tech School,1478,0.17204094072760628,0.165882
Writer's Digest University,2260,0.28830032790090654,0.274088
Denmark College,4359,0.23415787397551655,0.208517
Environmental Technical Institute,941,0.1976697082753922,0.181747
Portmore Community College,1476,0.23025147002019866,0.220044
Henry Ford College,15347,0.19391186411529468,0.184840
Illinois Wesleyan University,6902,0.26075244624931926,0.247940
Lawson State Community College,2121,0.20156859378886874,0.190459
Southside Virginia Community College,1858,0.24512805868238163,0.237975
Holy Cross College,4392,0.22401955959900316,0.213302
National College,4108,0.18979860390641867,0.181624
North Texas Fire Academy,515,0.24919967412955943,0.239024
Focus Leadership Institute,909,0.29870288982921706,0.283650
Wyotech,5208,0.12512703822713908,0.117210
State University,3303,0.16831870120419556,0.158162
Letourneau University,8852,0.20157473485838173,0.190741
Brooklyn Law School,6651,0.18280445745711965,0.171880
Beauty Schools of America-North Miami Beach,1297,0.22208584454278998,0.212676
Ilc Academy,837,0.23606581592512713,0.221429
Aba Bank Marketing School,1468,0.23789966149728456,0.225225
Clarkson University,16088,0.14867491032593114,0.139339
Stephen F Austin State University,28935,0.23974637888177966,0.228954
International Aviation and Travel Academy,1520,0.1546386008066299,0.145755
North Shore Community College,8603,0.22827556674102126,0.217309
Ulster County Community College,2898,0.2313810162805385,0.218253
Wayland Baptist University,12190,0.2545531307404769,0.241921
Bard College,7867,0.3255075713220285,0.313517
Grinnell College,6602,0.3175057674907962,0.304996
North Park University,9716,0.3232382626522189,0.312218
Ohio State University,186548,0.2537236548555748,0.243092
University of Silicon Andhra,34501,0.07699446109066924,0.069320
Hall Institute,2757,0.22600910474349878,0.211929
Randolph School of English,748,0.18424845905472775,0.176540
Arkansas State University,20852,0.27707658875032387,0.266825
Georgetown College,3506,0.28321175576674457,0.271302
Merced College,4745,0.26861347080582465,0.257124
Intercoast Colleges-Rancho Cordova,644,0.16278120339654487,0.156283
Electronics Institute,5491,0.08746644356798804,0.077758
Brainco-The Minneapolis School of Advertising and Design,2772,0.23792083175767637,0.224550
Lassen Community College,896,0.2887976102534111,0.284071
Technical Career Institutes,3621,0.14697355261407774,0.137004
Illinois Institute of Technology,38948,0.15693536284882684,0.147521
Texas Tech University Health Sciences Center,7307,0.42840985776275586,0.418236
Iteachtexas,739,0.4537866730300804,0.442642
Institute of Cultural Affairs,776,0.33145465329035095,0.319264
Life University,9790,0.4322948923327866,0.418498
Mississippi Delta Community College,2023,0.2093396207161582,0.201392
Ivy Tech Community College of Indiana,3697,0.21549542639036717,0.205432
Pacific Union College,4395,0.3044114724470829,0.291210
Naval Hospital Corps School,948,0.3033159887108118,0.285456
Medical Institute of Minnesota,707,0.24610779584473588,0.237288
The University of Tennessee-Martin,9744,0.2432428791690478,0.233661
Empire State University,5315,0.3416061065790442,0.328846
Louisiana State University and Agricultural&Mechanical College,91650,0.2258117079020587,0.215296
University of Wisconsin-Marathon County,1732,0.2514154675976374,0.237465
Wabash Valley College,923,0.18801874438735824,0.182427
Fisk University,3738,0.3422185899797921,0.328197
Charlotte School of Law,2249,0.2522721011242242,0.240678
Jamestown Community College,4380,0.2504034027054608,0.239656
Cisco College,14675,0.13079764287605872,0.121389
National Academy For Nuclear Training,1008,0.14237037626066992,0.130504
Medina County Career Center,1176,0.16415385092674836,0.158917
High Alternative Education,1567,0.2809189152950011,0.269319
California Arts University,1313,0.24905824460330944,0.238127
School of Motion,1258,0.18867453700643774,0.185705
Long Island University-Westchester Campus,543,0.32721582799754906,0.315089
Marquette University,44998,0.2515184949267148,0.240801
Lake Land College,5596,0.21225140781144383,0.201144
Global Association For Quality Management (GAQM),879,0.14145882325132603,0.131605
Interdenominational Theological Center,830,0.48172383266215396,0.471586
Presbyterian College,4600,0.2677407159078603,0.255573
Bucknell University,18324,0.22351269736713017,0.213106
South Plains College,6205,0.2248832099578582,0.216452
Bryant&Stratton College-Virginia Beach,837,0.1998436800987681,0.192605
East Carolina University,60891,0.26447909349918597,0.254931
College of The Desert,6478,0.2577418070928499,0.246124
Rogue Community College,3096,0.27206072790128627,0.258733
Alabama College of Osteopathic Medicine,909,0.35013081830870496,0.341713
Northland Career Center,638,0.2092244163301993,0.203018
Edmonds College,13499,0.22783169130489,0.216003
Tennessee Technological University,24064,0.1955054014467864,0.185888
University of Wisconsin-Oshkosh,28143,0.2545326605748711,0.244186
University of Minnesota-Rochester,579,0.3995038074508082,0.387870
"Monroe 2 Orleans Boces-Center For Workforce Development-Rochester, Ny",502,0.1761098103366833,0.168675
Florida Southwestern State College,6434,0.27167433126975143,0.262483
Boston Academy of English,3129,0.2704611058017614,0.262078
Ntma Training Centers of Southern California,1875,0.14220575905537247,0.133944
Sandhills Community College,3033,0.24855935093834258,0.239152
Valdosta State University,20848,0.26650016848797603,0.255596
Northern Vermont University-Lyndon,2373,0.22614203269809385,0.213592
Honolulu Community College,2228,0.2097059516939791,0.196248
Suburban Technical School,2557,0.17123456964513423,0.160194
Stetson University,15838,0.2622207990262609,0.250950
Universidad Politecnica De Puerto Rico,6437,0.12237498481636774,0.107587
Fisher College,4164,0.21554096732680314,0.204414
Loma Linda University,9304,0.458845243044627,0.447418
Beacon University,1819,0.21539395141103188,0.207056
Defiance College,2431,0.23868030484078875,0.229773
Eleven Fifty Academy,1305,0.19113409341141624,0.182510
Clovis Community College,2645,0.25039240598126866,0.242192
The Accounting Academy,1469,0.12308276981915338,0.112192
Jefferson State Community College,10530,0.21444565108211083,0.205086
Eastern Maine Community College,1811,0.21657520043897782,0.205596
Contra Costa Medical Career College,593,0.35930183498357554,0.351695
Blackhawk Technical College,3393,0.21144232268667915,0.200712
Animschool,3667,0.11919313625876901,0.110441
Montefiore School of Nursing,862,0.46014971618256,0.449057
Robert Wood Johnson University Hospital,3547,0.4260072963938683,0.415303
Center For The Media Arts,1971,0.1895716360119171,0.178600
Mount Saint Michael Academy,5573,0.21251683822918435,0.203387
Silicon Valley University,5468,0.15459557480714728,0.146079
Heritage College,2024,0.30327019565000907,0.296811
Us Institute of Diplomacy and Human Rights,1139,0.3686841209622465,0.354198
University of Dallas,12979,0.1975889175326911,0.186855
Southwest Texas Junior College,546,0.20376421765450534,0.198083
Project Management Academy,566,0.183184627000249,0.169572
University of Arkansas-Pulaski Technical College,4403,0.20760026384335267,0.197146
CUNY Lehman College,21633,0.31541314154060884,0.304708
Spanish-American Institute,3081,0.25871471804971014,0.244402
University of Wyoming,27112,0.2682680617024154,0.257216
Baptist Health College Little Rock,857,0.34335800702027797,0.335938
College of Hair Design,1070,0.274835845078851,0.260769
New York Medical College,5401,0.41065280672226795,0.399156
Ayurvedic Institute,1182,0.524151263718883,0.512645
Pci Health Training Center,723,0.2707780830484824,0.262275
Sutton Park School,3766,0.20550944895655024,0.195667
Mobile Technical Training,914,0.13156408588264326,0.119403
Moreno Valley College,2053,0.31990071704500045,0.309410
Heald Institute of Technology,763,0.13330115133718037,0.124607
University of Mary Hardin-Baylor,6568,0.30355235240648953,0.291816
Center For Massage,572,0.5256246563921703,0.509893
Atlanta Institute of Music and Media,1707,0.1349074834059013,0.122501
South Hills School of Business&Technology,2193,0.17755669415417646,0.168916
Avaya University,922,0.10328694216963909,0.096694
Nirvana Institute,1228,0.1539559966627866,0.145695
Northeastern Illinois University,22976,0.2690935983737168,0.258425
Independence Community College,3158,0.23425648252305717,0.223428
Art Instruction School,933,0.1971771657697355,0.185921
Western Area Career&Technology Center,1360,0.23239730900521077,0.224409
Suncoast Technical College,2466,0.23201718664632306,0.222642
Martin Community College,1151,0.2174502578023151,0.210332
Saint John Fisher College,9615,0.26441330991264717,0.255540
Indiana University-Purdue University Indianapolis-Columbus Ctr,1196,0.2652625907528625,0.256478
Charlotte Christian College and Theological Seminary,735,0.2758269178927293,0.269188
The Edit Center,554,0.20612577744465346,0.189630
Pivot Point Beauty School,828,0.2596099092509278,0.251251
University of Hawaii at Manoa,36759,0.2761835587505839,0.264004
University of Northwestern-St Paul,7800,0.2998009915378489,0.288999
Paradise Valley Community College,6835,0.24738932551276294,0.236876
University at Buffalo,104052,0.2320595494058928,0.222016
Barton College,3181,0.252169152523119,0.243021
Grand View University,5515,0.25438973527205744,0.244122
South Central College,3423,0.2052333401889801,0.193520
Beth Hatalmud Rabbinical College,634,0.2584716135253659,0.246398
Weber State University,35477,0.2568088796375316,0.246119
University of Maine at Machias,693,0.29055177385874653,0.283925
California State University-Northridge,89448,0.2446391054721469,0.234441
West Side Technical Institute,1760,0.20505182905462035,0.197995
University of Pennsylvania,188205,0.2669647969603562,0.255000
Colorado State University,103440,0.27714998455342715,0.265382
Silicon Valley Career Technical Education Center,631,0.2545040592855896,0.238160
Icm School of Business,3115,0.15004938512535443,0.140276
Dade Medical College,2498,0.3113422059326935,0.302294
Hawaii Community College,1269,0.2988114654841757,0.287636
University College,6925,0.16900464576339405,0.157640
College of The Mainland,4448,0.20998612113472884,0.198901
University of The Arts,18793,0.20865081921585876,0.198519
"Stevens-Henager College-Boise, Id",3531,0.19717543914020283,0.187047
Airborne School,837,0.21430130108755552,0.201735
Orange Technical College-Winter Park Campus,2060,0.21606823621116344,0.206137
Personnel Administration School,1098,0.1721556781241747,0.157729
Nursing Assistant Training Institute,663,0.4023287824875297,0.391892
Dakota College at Bottineau,684,0.23281149174619384,0.216645
Hampden-Sydney College,4575,0.18503327528667493,0.174616
Salesforce,1242,0.2617988622375062,0.250888
Community College of Allegheny County,16422,0.22821553936987568,0.218364
Omega Institute,603,0.349186137530571,0.338048
Southwest School of Business and Technical Careers-San Antonio,959,0.21541863015109863,0.205373
Teachers College of San Joaquin,530,0.48322877695931693,0.473837
"St. John's College-Santa Fe, Nm",1465,0.314564478118538,0.304054
Victory University,1947,0.24140779443022423,0.231266
Merkaz Bnos-Business School,1594,0.1961617312397468,0.181505
Walsh College,14111,0.14126939461213794,0.132947
Paier College,1172,0.16047174301098932,0.149235
Lehigh Valley College,1391,0.21397206868019442,0.202874
California College San Diego,1585,0.24572437202342595,0.233943
Millikin University,7041,0.26098312184507966,0.250368
Saint Xavier University,25463,0.21058027485245828,0.200209
Four-D College,930,0.26283532532016063,0.247283
Southern Catholic College,1178,0.20330555091843644,0.192450
National Ems Academy,814,0.35659138411728464,0.343511
Peak To Peak Charter School,2008,0.31409480200237755,0.302295
Franklin County Career and Technology Center,660,0.18227934036477852,0.164766
Shear Academy,657,0.23884432406007977,0.225676
Emory&Henry University,1679,0.3004426773501798,0.290598
Institute of Transformational Nutrition,1327,0.5813651588816878,0.567450
Apics Northern Colorado,2683,0.08461960362048172,0.078355
Flightsafety Academy,1363,0.15308942695252198,0.135938
Tusculum University,4252,0.2250239059775536,0.214823
"Bethel University-Mckenzie, Tn",1289,0.2333940678955754,0.223947
Florida Southern College,8818,0.24931578042799013,0.239962
Allentown Business School,1250,0.17318855488210066,0.161976
Farmingdale State College,17513,0.1730257155296222,0.164257
Coffeyville Community College,1771,0.22170407452455732,0.210927
Southwestern Community College,8325,0.2633240851604994,0.252854
Lindenwood University,22789,0.24476001403686468,0.233224
Pennsylvania State University-Penn State Abington,3175,0.21205406561333262,0.201691
Loyola University New Orleans,16098,0.2682009597435791,0.255902
College of The Ozarks,2904,0.31515912097674664,0.301380
Blinn College,13579,0.21664313580450256,0.207904
Loyola University Chicago,74185,0.27461586295743146,0.263404
Potomac State College of West Virginia University,1638,0.22120982440951115,0.212062
West Hills College-Lemoore,1400,0.3029630350429585,0.296275
Harley Davidson University,696,0.2460138456029721,0.229586
Mech-Tech College,4382,0.08541437702806123,0.079636
Williams James College,685,0.4942116707685707,0.474238
at&T University,849,0.15580498593022843,0.141898
Christendom College,1966,0.2484500396228419,0.236694
Siena Heights University,6644,0.27147381690098954,0.261410
Maryville University of Saint Louis,14884,0.29209977029416967,0.282643
Nada Academy,1674,0.2255584882178585,0.211083
Salem State University,19420,0.25967298202424083,0.250018
Allegheny College,7819,0.2666577724624904,0.256098
Excelsior University,18254,0.24934166821634868,0.235602
Angelina College,3046,0.21961011467680952,0.209987
Weston College,1672,0.22855624952501602,0.216500
Kamanga Cna Training,934,0.2702418755091009,0.255339
East Ohio College,804,0.2920573035451061,0.278807
Wartburg College,4537,0.2794191151691674,0.270305
Rabbi Jacob Joseph School,2124,0.24366123297468767,0.233290
Pacific College of Health and Science,2587,0.5593320227753966,0.545827
Winston-Salem State University,9669,0.3472539372606169,0.338743
The Bryman School of Arizona,1401,0.23958533257489872,0.226061
Baker College,26764,0.22424579290657748,0.214742
Mti Business College Inc,1283,0.18868200325702825,0.179324
Nutritional Therapy Association,1806,0.6008685729255621,0.587448
St Vincent's College,5266,0.23625575550651706,0.226856
Shiloh University,596,0.3022347117465933,0.292467
Utah College of Massage Therapy Inc,1152,0.4054591844041392,0.385185
Hartford School of Music,1894,0.24984684645564503,0.235872
University of Hawaii-West Oahu,2555,0.2575183485747298,0.245079
Evangelical Theological Seminary,1184,0.3880322670222027,0.377382
Baltimore International College,1204,0.20069946112531187,0.190904
Ben Franklin Career Center,688,0.2058008627275288,0.193588
University of South Carolina-Lancaster,852,0.23044535989512846,0.224930
D'youville University,724,0.4313945463055791,0.423792
St Lukes Hospital School of Nursing,1854,0.38418209078882676,0.369238
Kripalu Center For Yoga and Health,2093,0.48517708472305193,0.469062
L.e.n. Business and Language Institute,1251,0.2323877757919528,0.214779
Aib College of Business,2099,0.188340329818673,0.176213
Beulah Heights University,2283,0.21792035615048394,0.207415
Columbia Theological Seminary,1111,0.49084215704112366,0.476190
Loyola University Maryland,22354,0.24294938777081299,0.232290
St. John's University-New York,1144,0.23736120766722077,0.224832
Northern Baptist Theological Seminary,927,0.43320760903076766,0.415525
Westminster Theological Seminary,1036,0.38998897464042664,0.373852
California State University-Los Angeles,41418,0.2603639377093458,0.250429
West Georgia Technical College,4148,0.20248979167446127,0.191261
Fairleigh Dickinson University-Metropolitan Campus,6009,0.2086887956120696,0.196163
Eastern International College,1563,0.3320627915471406,0.314478
West Virginia Wesleyan College,3971,0.2289000519632258,0.218252
Northcentral University,13418,0.40779158585280784,0.394719
Clayton State University,15856,0.2384993267951385,0.227474
CUNY Bernard M Baruch College,65938,0.18175325793192018,0.173130
Johnson County Community College,21954,0.21529897916899643,0.206170
Hartnell College,4947,0.24744105809116876,0.237717
North Central Institute,1294,0.16246797072938274,0.146088
Brigham Young University-Hawaii,7459,0.29113836807905114,0.279185
Salish Kootenai College,1088,0.2059098240141532,0.190404
South Arkansas Community College,570,0.20991592666373565,0.203655
The Salon Professional Academy,670,0.26007720957456026,0.247821
Atlanta International School,3550,0.27661915778815527,0.266346
Hazard Community and Technical College,834,0.2397983711223481,0.229885
Arkansas State University-Mountain Home,743,0.26239151271902544,0.251534
Freedom Academy,2619,0.27723335555721146,0.264313
The School For Aromatic Studies,512,0.2493474028321682,0.237856
Brigham Young University-Idaho,58042,0.3122671968703507,0.300965
Cabarrus College of Health Sciences,768,0.4824561644275778,0.472539
The Manhattan Institute,913,0.26044483669762103,0.249302
Eastlake Medical College,703,0.2312265666930615,0.219346
North Carolina A&T State University,26950,0.2854411210487998,0.274590
Frank Phillips College,1607,0.21234267527819656,0.202950
City of Chicago,790,0.264541560804751,0.254219
SUNY Broome Community College,7179,0.21725992127290353,0.206374
Design Institute of San Diego,4203,0.18276045164232588,0.171866
Allegany College of Maryland,2508,0.23908656981134085,0.229369
Nlp Center of New York,593,0.475658025143256,0.455263
"University of Phoenix-Texas-Houston, Tx",908,0.19613411532319192,0.191706
Georgia Highlands College,6117,0.22432862026700992,0.214496
Connecticut College,9572,0.30369873082989723,0.292474
The French Pastry School,1328,0.21131995353386812,0.201851
Baldwin Wallace University,16259,0.2340437571100228,0.224223
Campbellsville University,6490,0.20657755228112482,0.198887
Northeastern Oklahoma A&M College,2610,0.21426609668878338,0.207134
Kaplan Professional School,3950,0.2570425129456055,0.244504
Jacksonville College-Main Campus,534,0.21144292236900164,0.193846
Criswell College,635,0.3655986757195167,0.350606
Precision Manufacturing Institute,1285,0.10613413685833219,0.098985
Ultimate Medical Academy,7458,0.23499920949924535,0.225756
Educational Technical College,583,0.18772631579370241,0.173977
Mount Ida College,3090,0.21422052289509882,0.206382
Robert Morgan Educational Center and Technical College,1903,0.2208832255300186,0.211926
Madonna University,7215,0.2829701562642616,0.272470
Sandford Park School,3668,0.2229915134391614,0.212633
"University of St Thomas-Saint Paul, Mn",1903,0.2092557372167666,0.198087
Pacific Northwest Christian College,815,0.3288615210154603,0.314130
Impact Coaching Academy,1018,0.3701498758756816,0.352748
Seton Montessori Institute,856,0.3065885000124381,0.296715
Seattle Central College,14090,0.2699840373801732,0.257459
Lancaster Bible College,3753,0.3476772857026015,0.337017
Cinema Makeup School,569,0.19956729397804468,0.192463
Culinary Business Academy,887,0.18394248023901838,0.167969
University of Arkansas at Monticello,2873,0.23436292437304657,0.224250
Christian Coach Institute,575,0.520027712729903,0.507143
Sap University,2493,0.09288791035760845,0.086022
Shanti Yoga School,1054,0.377046460726521,0.367434
Masterschool,2090,0.2068997950356858,0.190106
Dine College,715,0.22546965709870334,0.212515
Kingsland University,512,0.22975276427131622,0.214850
Herbal Academy,944,0.5353070814452717,0.518173
Institute of Workcomp Professionals,614,0.15418694355094825,0.147776
Hvac Technical Institute,1542,0.12383986899522807,0.117102
Avalon Institute,1154,0.3439782211407092,0.334074
Salter School-Fall River Campus,959,0.22977424186614107,0.221034
Calvary Christian Academy,44998,0.24948776700304723,0.238710
United States Sports University,2664,0.3500285842714237,0.334370
Boston University,171604,0.26326358039263587,0.251786
National Communications Training Center,1269,0.19767592705368453,0.186109
Princeton Theological Seminary,2387,0.47658194411535376,0.459564
Xavier University of Louisiana,7474,0.39647220211027,0.386897
Salve Regina University,8820,0.26657382136134744,0.256103
Northeast Mississippi Community College,2449,0.20999478949054046,0.203347
Virginia Intermont College,1111,0.20442143758570677,0.193742
Napa Valley College,6106,0.2534536814608244,0.242494
Oklahoma State University Center For Health Sciences,1045,0.3750357390315466,0.365343
Visible Edge Institute,773,0.2026164609510483,0.192609
Plymouth State University,14771,0.24352955600258522,0.233776
Scrum Institute,7298,0.14898731141404922,0.136218
San Francisco Bay University,3769,0.14036295087967188,0.134701
Monroe 2 Orleans Boces,855,0.20502344888608845,0.194532
University of Maine at Fort Kent,901,0.32642839604894824,0.310822
Bristol Business School,776,0.1770556282711387,0.165103
Alaska Career College,624,0.24687011286578597,0.232030
New Mexico Military Institute,3976,0.19737072257242733,0.186417
Bca Academy,1020,0.19673981472150864,0.188552
Metropolitan Institute of Interior Design,2925,0.18651209609674338,0.176019
Phoenix College,13052,0.24420978183685532,0.234007
Mississippi University For Women,4279,0.29613791058442224,0.286404
The Priority Academy,575,0.30689767757241676,0.298762
Lamar State College-Orange,1211,0.23224060381868195,0.221752
Taylor University,7321,0.33600254589896406,0.322636
Gaston College,5279,0.20634892369964328,0.198284
Florida College of Natural Health-Miami,1703,0.33395709628839465,0.322921
Metro Technology Centers,1398,0.21203090540104932,0.200118
Minot State University,4359,0.2491239630761304,0.238295
University of West Georgia,23306,0.2665700464180624,0.255422
Manhattan Edit Workshop,928,0.22277217768592528,0.211556
Saint Leo University,29602,0.22676153040899363,0.215865
Kaplan Institute,3314,0.2898969120206419,0.274202
Strathmore School,1818,0.23664831143950701,0.224463
Excel Learning Center,2052,0.2598417390531823,0.249686
College of Saint Benedict,8905,0.3056995750579431,0.294161
Greater Lowell Technical School,3308,0.18248401423669036,0.172432
East Coast Aero Technical School,531,0.12297249975811156,0.110938
New Saint Andrews College,3928,0.20985597303067455,0.200083
Branell College,582,0.19255909692513473,0.183406
University of Mount Olive,5167,0.24555422569912258,0.238101
Network Technology Academy,649,0.12804655610497487,0.114796
The Professional Hair Design Academy,663,0.18655576670504329,0.174905
Trinity College of Puerto Rico,532,0.20608198002050754,0.196429
Tom P. Haney Technical College,600,0.17139306467961507,0.163662
Du Bois Business College,978,0.22243633262869494,0.216469
Rosalind Franklin University of Medicine and Science,4120,0.3808615191492265,0.370762
Ashworth College,17310,0.23543715458779593,0.223560
Union Commonwealth University,1029,0.26899799812859615,0.260226
Fbi National Academy,4820,0.34267647146941116,0.327581
Blue Valley Center For Advanced Professional Studies (CAPS),2664,0.2721921287303957,0.261243
Cerritos College,14454,0.22083329772357965,0.210471
Local 39 Training Center,1505,0.12299441085614053,0.115616
George Washington University,140896,0.26778310893129736,0.255231
Montcalm Community College,1394,0.2411522724430975,0.233370
California State Polytechnic University-Pomona,57285,0.19123670566944553,0.182257
Gordon Institute of Business Science,577,0.22904330304427437,0.215269
American Graduate University,1202,0.18616489833383446,0.172980
Texas A&M University-Texarkana,2601,0.24897053075298292,0.237884
Lagrange College,2990,0.23924582823745058,0.227561
Colorado College,10709,0.3328065297756594,0.318948
Radiological Service Training Institute (RSTI),612,0.22437921686797258,0.205128
"Gateway Community College-New Haven, Ct",647,0.24261851288741978,0.232073
Mccann School of Business and Technology,2310,0.2025296141784382,0.192698
The Institute For Luxury Home Marketing,529,0.2597066017411333,0.243156
Worcester Polytechnic Institute,25183,0.15213991506756,0.144795
Project Management Institute (PMI),10644,0.13449221100357284,0.123779
George C Wallace State Community College-Selma,2705,0.22938004822034516,0.219341
Baton Rouge Community College,4766,0.1920218621202628,0.181046
Marian University-Ancilla,556,0.19520811187765696,0.183775
Columbus College of Art&Design,7118,0.15801942882562303,0.147602
Parisian Beauty School,729,0.23370148558408255,0.224000
Caribbean Aviation Training Institute Inc,577,0.15480798309599725,0.142857
Pennsylvania School of Business,2522,0.23178090713245886,0.223529
New Mexico State University,27448,0.24284200798150135,0.232370
Coach University,2964,0.5259661170082003,0.500674
Delaware College of Art and Design,1133,0.18348598245424919,0.175721
City Colleges of Chicago-Malcolm X College,3756,0.33405335768407324,0.324068
Judson College,1451,0.2505788755521137,0.238764
University of San Diego,42648,0.2785557987749292,0.267851
Phillips College,7081,0.22716570849263903,0.216799
Wor-Wic Community College,2361,0.23667786371238347,0.225252
University of Toledo,49697,0.23340043808006233,0.223420
Marian Health Careers Center-Los Angeles Campus,3206,0.22715633224720178,0.215921
Academy of Nutrition and Dietetics,531,0.5248367757354537,0.513302
University of Massachusetts-Dartmouth,21386,0.2018816102258849,0.191713
International Risk Management Institute,2036,0.1571358870309503,0.144758
Rocky Mountain College of Art and Design,3142,0.19976477326562755,0.188596
Charter College,8473,0.2564877112007421,0.245104
Jefferson College of Health Sciences,3961,0.3790690024182062,0.369332
Indian Hills Community College,5292,0.22036395236180015,0.210463
"University of St Thomas-Houston, Tx",629,0.2442747045100448,0.230668
Belmont University,20282,0.2593719867979593,0.248547
College of Wilmington,1987,0.22989740706199374,0.220123
Iap College,732,0.22404965253263576,0.215278
South Central Louisiana Technical College-Young Memorial Campus,650,0.12675795842131735,0.113001
Pilates Sports Center,1174,0.3335569143284656,0.322230
Capital Community College,3776,0.2732313587494503,0.261156
Leadership Institute,22881,0.3766732713869581,0.360077
Alvin Community College,5574,0.20580500703515026,0.196470
Lanier Technical College,3851,0.176356963385952,0.167058
Academy of Business College,642,0.15458984064916143,0.144431
Alliant International University-San Diego,2991,0.393848598734269,0.373042
Institute of Organization Development,1675,0.3403075010028703,0.319045
Institute of Health Sciences,1636,0.34206815765246307,0.331426
James A. Rhodes State College,2127,0.22975746739351383,0.221801
Dlp Conemaugh Memorial Medical Center,2571,0.31556920329224947,0.304152
Poway Adult School,1069,0.24381491935904057,0.234458
International Institute,9065,0.23012573278296888,0.218795
Turtle Mountain Community College,681,0.24928300403479817,0.240148
Social Media Marketing University,1523,0.27395053486399845,0.258319
Laughing Lotus Yoga Center,661,0.5275042212586672,0.505277
CUNY Brooklyn College,53322,0.2570648854651,0.247082
Academy Di Firenze,2769,0.22432159122162756,0.214204
Seattle University,31257,0.31258230255887987,0.300121
Asnuntuck Community College,2426,0.19945465869312412,0.191966
Moraine Park Technical College,4999,0.2031985445613149,0.193587
Center For Creative Leadership (CCL),4331,0.28316017404260313,0.265380
California Western School of Law,4174,0.26085616818690377,0.246221
Morrison Institute of Technology,532,0.1250687494778359,0.112216
Colorado State University-Global Campus,11216,0.252672837441594,0.240179
Trinity University,14348,0.2695180553360057,0.258430
Porterville College,1437,0.2755440848415502,0.268251
Brookstone College,1723,0.2543703713812862,0.243321
Midwest University,703,0.3369020972562145,0.322844
Harcum College,3126,0.3093015402577015,0.300026
Hardin-Simmons University,4536,0.3087723136194894,0.297923
Emory University,60729,0.3073105162703969,0.295998
Phoenix School of Law,507,0.2723816539370433,0.263158
Cet-San Diego,2742,0.1476916805196816,0.139055
Ottawa University,8910,0.28212190989608765,0.270476
Truman State University,17205,0.2645845224652112,0.253228
Columbia Southern University,35674,0.2771291451256966,0.260433
Upledger Institute International,858,0.6650046221271452,0.650045
Security Institute,1590,0.20441461036361802,0.191636
Tricoci University of Beauty Culture-Glendale Heights,1212,0.18966396296930252,0.183627
American Fitness and Nutrition Academy,3890,0.40888797900872437,0.394012
New Hampshire Fire Academy,1250,0.2801325591318869,0.267229
Metropolitan Community College Area,10120,0.2093738007666817,0.199920
American College of Medical Technology,590,0.29130419041311895,0.278902
Prime Digital Academy,1765,0.2509462995956061,0.237192
Indiana University-South Bend,11241,0.2624837147141062,0.251752
Mauna Loa Helicopters,714,0.16684387691761057,0.149660
National Radio Institute,824,0.1438480545799634,0.139105
Thetahealing Institute of Knowledge,643,0.5496904557434958,0.534946
Bellus Academy,614,0.3194192197606706,0.297403
New England Institute of Art,2110,0.15985833870381766,0.152331
High Tech High Graduate School of Education,512,0.437504633989873,0.427152
Pc Professor,876,0.12277976503553277,0.112014
"Marian University-Indianapolis, in",4839,0.3560930052348988,0.345709
Garden City Community College,3004,0.19117566351829482,0.180217
Workshops For Warriors,1220,0.29416927950819677,0.280827
Laurel Ridge Community College,6515,0.22371493132136175,0.214373
The Boyd School,2931,0.19694371746435935,0.185286
Professional Culinary Academy,715,0.18690661285911,0.174458
Emory&Henry College,1825,0.2697781501931318,0.260766
Rosemont College,4103,0.27285024202774427,0.262301
Mount Saint Mary College,8035,0.2639670392387264,0.253072
Ellis University,1686,0.24957061006560596,0.237614
Justice University,1792,0.26422362929989235,0.252446
Cincinnati College of Mortuary Science,600,0.3220326265708517,0.316314
Indiana University-Kokomo,4408,0.27866627332699967,0.270207
Elite Welding Academy,1018,0.1017691161961228,0.096614
Methodist Theological School in Ohio,670,0.4312569532093307,0.418322
Bryan University,2721,0.24842987751842788,0.239468
Delaware Valley University,5677,0.2270627948621636,0.215905
Ascent College,1005,0.25169427016204005,0.239583
Grace Christian University,3914,0.2885696497989354,0.278012
Proctor Gallagher Institute,1193,0.2693434649071287,0.251986
Charles Stuart School of Diamond Setting,779,0.2261823853506278,0.214773
Universal Training Institute,1241,0.2309098832992622,0.213178
Doane University,5571,0.2953750509424887,0.284156
Cascadia Technical Academy,1321,0.24787444771997696,0.238796
Schoolcraft College,14440,0.19242728855531505,0.183761
Fort Worth Beauty School,898,0.24456403031299023,0.230473
New York Conservatory For Dramatic Arts,2144,0.24821999949431792,0.238489
Columbia State Community College,4968,0.22816326498185294,0.217289
Arizona College-Glendale,659,0.342493833879847,0.329223
Chek Institute,586,0.4503113592659313,0.435931
Summit Salon Academy Kansas City,787,0.22218151316214982,0.209677
Methodist University,5180,0.2812230616085993,0.270118
Manatee Technical College,2644,0.22050572500961269,0.210239
Upstate Medical University,3288,0.37808756540816185,0.363274
American Public University System,74360,0.24311095696077997,0.228670
Cumberland University,3466,0.27954536822002074,0.269496
California State University-East Bay,52590,0.26431274119697523,0.253757
Alabama State University,8750,0.2888395387144182,0.277957
Florida College System,584,0.21743943777140484,0.206795
Allen School-Jamaica,1309,0.2296377499627106,0.212023
Goodwill Training and Employment Center,1288,0.2554520356491329,0.249515
Lamar Institute of Technology,2948,0.15996230907085524,0.151437
Terra State Community College,3663,0.19630052552473332,0.187637
Tricoci University of Beauty Culture Llc-Bloomington,632,0.20491856669352743,0.191520
Susquehanna University,8323,0.24175429757218125,0.231615
Concordia Seminary,878,0.4469628319768518,0.426504
Mclennan Community College,8706,0.23639416104103758,0.225035
Arizona School of Real Estate and Business,2290,0.22553614188100826,0.214675
California Institute of Technology,13227,0.15943462894637506,0.150164
Bryn Mawr College,8890,0.3796663498799195,0.366733
Northcentral Technical College,4656,0.21360107389226576,0.206447
University of Portland,11662,0.30448478449375066,0.293726
Pennsylvania State University-Penn State Mont Alto,548,0.2624129298756611,0.248563
The College of The Florida Keys,1525,0.2506799380535661,0.240429
San Francisco Institute of Esthetics&Cosmetology Inc,2264,0.17252230981391548,0.156411
University of Alaska Southeast,2617,0.2941615871607668,0.279921
Regency Beauty Institute,1981,0.2669866290270875,0.257911
Dominican University,12517,0.3051385256569874,0.294168
Contractors Institute,1686,0.1410560769884424,0.129782
Miami Valley Career Technology Center,2467,0.21981853051161454,0.210243
Georgia State University,110394,0.24674886910784102,0.236210
Berk Trade and Business School,845,0.14651061669586038,0.133468
University of North Carolina Asheville,5002,0.29100491215057744,0.278286
Southern Wesleyan University,4122,0.2381712922316722,0.226161
Travel Trade School,654,0.18896309682105164,0.178065
Tri-State Institute,2033,0.16620505373140357,0.154218
Concordia College,11993,0.2958800240301043,0.284369
Ohio Fire Academy,563,0.2734581550398197,0.255319
Brightwood Career Institute,1622,0.22109943308951693,0.212667
International College of Broadcasting,1230,0.18147501558356563,0.174189
Union College,15799,0.23456902296778087,0.223653
Cleveland University-Kansas City,1104,0.5136859914950118,0.500375
Everest College-Phoenix,4405,0.23488313346431994,0.224523
Mount Saint Mary's University,6559,0.37380294225681515,0.363676
Mt. Diablo Adult Education-Mt. Diablo Usd,1328,0.2206743854774797,0.211015
Johannesburg Technical College,1193,0.1698186388077916,0.160305
Northpoint Bible College,763,0.350160882026252,0.339836
New York Institute of Art and Design,2846,0.2258065230454404,0.214555
Galen College of Nursing,2815,0.4602424571087617,0.451904
South Florida Bible College and Theological Seminary,863,0.3228139461669214,0.309025
Atlantic Technical College,1607,0.20275755454617772,0.194418
Alpha Academy,1182,0.1922695615370964,0.179562
Roberts Wesleyan University,623,0.3895783176179825,0.379056
Lotus Professional College,621,0.3468108990316343,0.337875
Air Force Technical School,1859,0.15310192965907404,0.142729
Barbizon Modeling and Acting School,1248,0.2656325562071483,0.257768
Montana Technological University,4457,0.1796866740615008,0.167143
Arizona Western College,3873,0.23984681653218853,0.228042
Eckerd College,8342,0.28772745052031995,0.275975
Chamberlain University-Arizona,5721,0.47045141487334796,0.459742
Augustana University,5259,0.30597982467836976,0.291471
Culinary Institute Inc,2309,0.16546512846816444,0.154252
Marymount Manhattan College,7917,0.26025960905120793,0.248923
Anna Maria College,3346,0.2852319254555021,0.273653
App Academy,5085,0.18900154035744035,0.180993
American Hotel&Lodging Educational Institute (AHLEI),2690,0.1745248972695918,0.163738
Relay Graduate School of Education,4656,0.6243343103587121,0.614816
Portnov Computer School,1650,0.11209449991895332,0.102591
Skadron College,720,0.19530890940276627,0.180539
Usaf Security Forces Academy,529,0.2514312595150922,0.229665
Quality College,626,0.23654566347386824,0.224932
Catawba College,3599,0.22175308910225394,0.212358
Ravenscroft Beauty College,1263,0.24555362850177057,0.234543
University of The Pacific,24069,0.30219744438572976,0.291983
Simi Valley Adult School and Career Institute,1374,0.2338520380877108,0.224595
American Jewish University,2221,0.37640946165633393,0.360790
Richmond Community College,1836,0.23216028204433195,0.221977
American Heritage College,2041,0.24425188304162515,0.235053
Iliff School of Theology,598,0.5548420151594584,0.529412
Foothill College,20851,0.24374797589901218,0.233403
Universal Technical Institute-Orlando,591,0.12233388891038177,0.108333
Wesleyan University,14844,0.31456651494207,0.302100
Joint Counterintelligence Training Academy,708,0.18119445844205265,0.166247
Manhattan University,6692,0.17768837256257944,0.168864
Simmons University,20118,0.41716317261308605,0.403435
Sanz School,2146,0.22111702314771592,0.210271
Westwood College-Denver North,4166,0.1627830219050664,0.153495
University of New Haven,23854,0.2130365837946118,0.203024
Universal Technical Institute-Auto Motorcycle&Marine Mechanics Institute Division-Orlando,3778,0.14241931313868372,0.134478
Institute of Certified Professional Managers,2489,0.17417144714397614,0.160278
Cobblestone,1684,0.2508197883976901,0.235058
Northwood Technical College,3132,0.20683094639484917,0.199366
Rowan College of South Jersey-Gloucester Campus,6913,0.21130699754209428,0.202553
Nasr School,5270,0.17421878246699243,0.165682
Gray Institute,663,0.3458126647205594,0.332931
International Dermal Institute,734,0.37982639287856956,0.369738
Vermont College of Fine Arts,2261,0.31771904059535233,0.302137
East Georgia State College,1999,0.20168715394560482,0.189024
International Training Institute,1994,0.3256561570009034,0.311987
North Dakota State College of Science,3141,0.18438113172539455,0.177108
Chicago Career Tech,711,0.21114649493052792,0.203271
Texas Woman's University,29886,0.37415831514167286,0.362755
Cleveland Institute of Music,3284,0.19665651820678587,0.185315
Missouri State University-West Plains,752,0.24374226501623764,0.234205
Edinburgh Business School,1669,0.19765369649792508,0.180684
Williams Technical College,762,0.18681248469949527,0.178872
University of Rhode Island,55259,0.23101581131567978,0.221046
University of Vermont,40434,0.3032376496518247,0.290711
El Dorado College,2823,0.2166140940732124,0.206199
Qc School of Event and Wedding Planning,809,0.21290726069792337,0.202282
SUNY Westchester Community College,13018,0.20591428522366506,0.197212
Luther College,7791,0.30119239352486504,0.289354
Technology Learning Center,586,0.17576242769817096,0.164740
Carolina University,1560,0.2976783480674534,0.282910
Lakes Region Community College,2023,0.22836452724824155,0.218414
Concord University,4890,0.24945492410721265,0.239687
Launchcode,3419,0.22085600144724515,0.209155
Sgs Academy,2542,0.16703403236938133,0.152847
United States Naval Academy,34847,0.17886156774521014,0.166695
Hannibal-Lagrange University,1288,0.252454290905664,0.243286
Ursinus College,5917,0.2431545860707626,0.231587
Aress Academy,528,0.3060186107652635,0.298107
Los Angeles Valley College,12758,0.22277904528787432,0.212231
Chaminade University of Honolulu,9190,0.26617101125898013,0.253485
College of Commerce,17354,0.13173438219231193,0.122661
South University-Savannah,709,0.2726298844947181,0.263323
West Shore Community College,1689,0.24830634624166745,0.235950
Northwestern State University of Louisiana,13763,0.257500035320365,0.247509
Art Center College of Design,13123,0.15028759336111147,0.141915
Martinsburg College,2333,0.2410439750993234,0.227744
Hondros College of Nursing,10191,0.2647056017948362,0.252805
New Jersey City University,14843,0.24657728275137117,0.236969
Miller,1580,0.1836591514378938,0.173549
The Coach Training Academy,1313,0.6426032242036402,0.627097
Heritage Institute,4675,0.19387931109412013,0.186761
Trailhead By Salesforce,13532,0.22853871147366053,0.217343
The Nurse Academy,578,0.4145263544183237,0.405120
United States Merchant Marine Academy,4785,0.14012839728540746,0.127916
